Timestamp,StatusCode,Latency_ms,Error
2026-07-25T03:10:58.620511+00:00,502,3918,
2026-07-25T03:11:12.541367+00:00,502,3520,
2026-07-25T03:11:26.062609+00:00,502,3440,
2026-07-25T03:11:39.504194+00:00,502,3329,
2026-07-25T03:11:52.835217+00:00,502,3588,
2026-07-25T03:12:06.425959+00:00,502,4370,
2026-07-25T03:12:20.797653+00:00,200,827,
2026-07-25T03:12:31.631949+00:00,200,1328,
2026-07-25T03:12:42.966576+00:00,200,1785,
2026-07-25T03:12:54.754307+00:00,200,1995,
2026-07-25T03:13:06.754275+00:00,200,1179,
2026-07-25T03:13:17.935598+00:00,200,1519,
2026-07-25T03:13:29.457825+00:00,200,896,
2026-07-25T03:13:40.355440+00:00,200,1268,
2026-07-25T03:13:51.625698+00:00,200,1983,
2026-07-25T03:14:03.612974+00:00,200,1591,
2026-07-25T03:14:15.214972+00:00,200,1784,
2026-07-25T03:14:27.002857+00:00,200,1081,
2026-07-25T03:14:38.085765+00:00,200,1141,
2026-07-25T03:14:49.231618+00:00,200,1687,
2026-07-25T03:15:00.922095+00:00,200,1672,
2026-07-25T03:15:12.595815+00:00,200,1621,
2026-07-25T03:15:24.220449+00:00,200,1298,
2026-07-25T03:15:35.519981+00:00,200,1767,
2026-07-25T03:15:47.295091+00:00,200,1487,
2026-07-25T03:15:58.783443+00:00,200,1816,
2026-07-25T03:16:10.601666+00:00,200,793,
2026-07-25T03:16:21.395857+00:00,200,1446,
2026-07-25T03:16:32.845686+00:00,200,1712,
2026-07-25T03:16:44.563022+00:00,200,1033,
2026-07-25T03:16:55.599163+00:00,200,1196,
2026-07-25T03:17:06.797202+00:00,200,1776,
2026-07-25T03:17:18.574871+00:00,200,1522,
2026-07-25T03:17:30.099811+00:00,200,1665,
2026-07-25T03:17:41.770762+00:00,200,835,
2026-07-25T03:17:52.607012+00:00,200,955,
2026-07-25T03:18:03.564282+00:00,200,953,
2026-07-25T03:18:14.519658+00:00,200,1002,
2026-07-25T03:18:25.523795+00:00,200,1228,
2026-07-25T03:18:36.758970+00:00,200,877,
2026-07-25T03:18:47.637996+00:00,200,827,
2026-07-25T03:18:58.467132+00:00,200,765,
2026-07-25T03:19:09.233024+00:00,200,878,
2026-07-25T03:19:20.114000+00:00,200,689,
2026-07-25T03:19:30.804419+00:00,200,824,
2026-07-25T03:19:41.630768+00:00,200,907,
2026-07-25T03:19:52.539296+00:00,200,818,
2026-07-25T03:20:03.360101+00:00,200,1297,
2026-07-25T03:20:14.662222+00:00,200,1020,
2026-07-25T03:20:25.685369+00:00,200,1015,
2026-07-25T03:20:36.703111+00:00,200,1409,
2026-07-25T03:20:48.114704+00:00,200,938,
2026-07-25T03:20:59.054623+00:00,200,701,
2026-07-25T03:21:09.757979+00:00,200,910,
2026-07-25T03:21:20.669208+00:00,200,860,
2026-07-25T03:21:31.530531+00:00,200,943,
2026-07-25T03:21:42.476198+00:00,200,925,
2026-07-25T03:21:53.404013+00:00,200,758,
2026-07-25T03:22:04.165801+00:00,200,869,
2026-07-25T03:22:15.036152+00:00,200,737,
2026-07-25T03:22:25.774427+00:00,200,1074,
2026-07-25T03:22:36.851359+00:00,200,940,
2026-07-25T03:22:47.793444+00:00,200,764,
2026-07-25T03:22:58.559619+00:00,200,994,
2026-07-25T03:23:09.556110+00:00,200,2137,
2026-07-25T03:23:21.700812+00:00,200,1823,
2026-07-25T03:23:33.527535+00:00,200,4032,
2026-07-25T03:23:47.560882+00:00,200,2081,
2026-07-25T03:23:59.644385+00:00,200,1409,
2026-07-25T03:24:11.062048+00:00,200,1153,
2026-07-25T03:24:22.216723+00:00,200,1168,
2026-07-25T03:24:33.389099+00:00,200,1150,
2026-07-25T03:24:44.540711+00:00,200,1414,
2026-07-25T03:24:55.957725+00:00,200,1255,
2026-07-25T03:25:07.217568+00:00,200,1001,
2026-07-25T03:25:18.220985+00:00,200,673,
2026-07-25T03:25:28.896103+00:00,200,947,
2026-07-25T03:25:39.845004+00:00,200,945,
2026-07-25T03:25:50.791931+00:00,200,1031,
2026-07-25T03:26:01.824662+00:00,200,968,
2026-07-25T03:26:12.795102+00:00,200,674,
2026-07-25T03:26:23.470481+00:00,200,799,
2026-07-25T03:26:34.272299+00:00,200,1457,
2026-07-25T03:26:45.731965+00:00,200,1387,
2026-07-25T03:26:57.124766+00:00,200,1643,
2026-07-25T03:27:08.778074+00:00,200,1927,
2026-07-25T03:27:20.707498+00:00,200,1593,
2026-07-25T03:27:32.302884+00:00,200,941,
2026-07-25T03:27:43.245744+00:00,200,1197,
2026-07-25T03:27:54.445525+00:00,200,1346,
2026-07-25T03:28:05.796168+00:00,200,1476,
2026-07-25T03:28:17.276873+00:00,200,1422,
2026-07-25T03:28:28.701046+00:00,200,1611,
2026-07-25T03:28:40.316009+00:00,200,1202,
2026-07-25T03:28:51.524835+00:00,200,1211,
2026-07-25T03:29:02.738177+00:00,200,1171,
2026-07-25T03:29:13.911158+00:00,200,1298,
2026-07-25T03:29:25.211488+00:00,200,1157,
2026-07-25T03:29:36.371794+00:00,200,1049,
2026-07-25T03:29:47.423101+00:00,200,1216,
2026-07-25T03:29:58.642287+00:00,200,1627,
2026-07-25T03:30:10.276396+00:00,200,1625,
2026-07-25T03:30:21.904810+00:00,200,1712,
2026-07-25T03:30:33.626247+00:00,200,1683,
2026-07-25T03:30:45.320336+00:00,200,1384,
2026-07-25T03:30:56.707317+00:00,200,1125,
2026-07-25T03:31:07.835838+00:00,200,2007,
2026-07-25T03:31:19.844807+00:00,200,979,
2026-07-25T03:31:30.825308+00:00,502,1135,
2026-07-25T03:31:41.964008+00:00,200,6309,
2026-07-25T03:31:58.278642+00:00,200,2737,
2026-07-25T03:32:11.027965+00:00,200,1013,
2026-07-25T03:32:22.043067+00:00,200,1816,
2026-07-25T03:32:33.862413+00:00,200,1026,
2026-07-25T03:32:44.890288+00:00,200,2101,
2026-07-25T03:32:56.993870+00:00,200,9869,
2026-07-25T03:33:16.865109+00:00,200,1513,
2026-07-25T03:33:28.380390+00:00,ERROR,,"HTTPSConnectionPool(host='socanalyst.raymundgerardestaca.dev', port=443): Read timed out. (read timeout=10)"
2026-07-25T03:33:52.112782+00:00,ERROR,,"HTTPSConnectionPool(host='socanalyst.raymundgerardestaca.dev', port=443): Max retries exceeded with url: /health (Caused by ConnectTimeoutError(<urllib3.connection.HTTPSConnection object at 0x0000023F7768F610>, 'Connection to socanalyst.raymundgerardestaca.dev timed out. (connect timeout=10)'))"
2026-07-25T03:34:22.137543+00:00,ERROR,,"('Connection aborted.', ConnectionResetError(10054, 'An existing connection was forcibly closed by the remote host', None, 10054, None))"
2026-07-25T03:34:35.602539+00:00,502,5298,
2026-07-25T03:34:50.902144+00:00,ERROR,,"('Connection aborted.', ConnectionResetError(10054, 'An existing connection was forcibly closed by the remote host', None, 10054, None))"
2026-07-25T03:35:11.263848+00:00,200,2051,
2026-07-25T03:35:23.317546+00:00,200,4022,
2026-07-25T03:35:37.341456+00:00,200,1027,
2026-07-25T03:35:48.371297+00:00,200,991,
2026-07-25T03:35:59.364142+00:00,200,1630,
2026-07-25T03:36:11.007402+00:00,200,1665,
2026-07-25T03:36:22.675187+00:00,200,2322,
2026-07-25T03:36:34.999279+00:00,200,826,
2026-07-25T03:36:45.827331+00:00,ERROR,,"HTTPSConnectionPool(host='socanalyst.raymundgerardestaca.dev', port=443): Read timed out. (read timeout=10)"
2026-07-25T03:37:06.595307+00:00,200,1424,
2026-07-25T03:37:18.023049+00:00,502,4843,
2026-07-25T03:37:32.871665+00:00,200,2102,
2026-07-25T03:37:44.978341+00:00,200,1276,
2026-07-25T03:37:56.261888+00:00,200,1279,
2026-07-25T03:38:07.547159+00:00,200,2512,
2026-07-25T03:38:20.065121+00:00,200,2361,
2026-07-25T03:38:32.430256+00:00,200,1917,
2026-07-25T03:38:43.978110+00:00,200,291,,
2026-07-25T03:38:54.267653+00:00,200,288,,
2026-07-25T03:39:04.565819+00:00,200,295,,
2026-07-25T03:39:15.100471+00:00,200,532,,
2026-07-25T03:39:25.415213+00:00,200,312,,
2026-07-25T03:39:35.652769+00:00,200,235,,
2026-07-25T03:39:45.912950+00:00,200,258,,
2026-07-25T03:39:56.237028+00:00,200,322,,
2026-07-25T03:40:06.530578+00:00,200,291,,
2026-07-25T03:40:16.828851+00:00,200,296,,
2026-07-25T03:40:27.127742+00:00,200,280,,
2026-07-25T03:40:37.407037+00:00,200,277,,
2026-07-25T03:40:47.707481+00:00,200,298,,
2026-07-25T03:40:58.050261+00:00,200,341,,
2026-07-25T03:41:08.354802+00:00,200,302,,
2026-07-25T03:41:18.797610+00:00,200,440,,
2026-07-25T03:41:29.097712+00:00,200,298,,
2026-07-25T03:41:39.400774+00:00,200,300,,
2026-07-25T03:41:49.684618+00:00,200,281,,
2026-07-25T03:41:59.941382+00:00,200,254,,
2026-07-25T03:42:10.252613+00:00,200,309,,
2026-07-25T03:42:20.520896+00:00,200,266,,
2026-07-25T03:42:30.854019+00:00,200,331,,
2026-07-25T03:42:41.243284+00:00,200,385,,
2026-07-25T03:42:51.599173+00:00,200,349,,
2026-07-25T03:43:01.881781+00:00,200,281,,
2026-07-25T03:43:12.157330+00:00,200,274,,
2026-07-25T03:43:22.428513+00:00,200,269,,
2026-07-25T03:43:32.708815+00:00,200,279,,
2026-07-25T03:43:42.987032+00:00,200,276,,
2026-07-25T03:43:53.278912+00:00,200,290,,
2026-07-25T03:44:03.564420+00:00,200,283,,
2026-07-25T03:44:13.838539+00:00,200,272,,
2026-07-25T03:44:24.111331+00:00,200,271,,
2026-07-25T03:44:34.360816+00:00,200,247,,
2026-07-25T03:44:44.673709+00:00,200,311,,
2026-07-25T03:44:54.939879+00:00,200,262,,
2026-07-25T03:45:05.278188+00:00,200,336,,
2026-07-25T03:45:15.527409+00:00,200,245,,
2026-07-25T03:45:25.794530+00:00,200,266,,
2026-07-25T03:45:36.036683+00:00,200,240,,
2026-07-25T03:45:46.292493+00:00,200,253,,
2026-07-25T03:45:56.582935+00:00,200,288,,
2026-07-25T03:46:06.818599+00:00,200,233,,
2026-07-25T03:46:17.167559+00:00,200,347,,
2026-07-25T03:46:27.504469+00:00,200,335,,
2026-07-25T03:46:37.842659+00:00,200,335,,
2026-07-25T03:46:48.166739+00:00,200,321,,
2026-07-25T03:46:58.427493+00:00,200,259,,
2026-07-25T03:47:08.694791+00:00,200,265,,
2026-07-25T03:47:19.016420+00:00,200,319,,
2026-07-25T03:47:29.299546+00:00,200,281,,
2026-07-25T03:47:39.579981+00:00,200,279,,
2026-07-25T03:47:49.884755+00:00,200,302,,
2026-07-25T03:48:00.189688+00:00,200,301,,
2026-07-25T03:48:10.518814+00:00,200,327,,
2026-07-25T03:48:20.842006+00:00,200,321,,
2026-07-25T03:48:31.229389+00:00,200,384,,
2026-07-25T03:48:41.560044+00:00,200,326,,
2026-07-25T03:48:51.853168+00:00,200,291,,
2026-07-25T03:49:02.157492+00:00,200,301,,
2026-07-25T03:49:12.486523+00:00,200,325,,
2026-07-25T03:49:22.887449+00:00,200,398,,
2026-07-25T03:49:33.227057+00:00,200,334,,
2026-07-25T03:49:44.576694+00:00,200,1348,,
2026-07-25T03:49:55.044975+00:00,200,458,,
2026-07-25T03:50:05.532421+00:00,200,481,,
2026-07-25T03:50:16.564253+00:00,200,1024,,
2026-07-25T03:50:27.322982+00:00,200,757,,
2026-07-25T03:50:37.578556+00:00,200,253,,
2026-07-25T03:50:47.849061+00:00,200,269,,
2026-07-25T03:50:58.111184+00:00,200,260,,
2026-07-25T03:51:08.454233+00:00,200,341,,
2026-07-25T03:51:18.766403+00:00,200,309,,
2026-07-25T03:51:29.154506+00:00,200,385,,
2026-07-25T03:51:39.436089+00:00,200,276,,
2026-07-25T03:51:49.768707+00:00,200,327,,
2026-07-25T03:52:00.082055+00:00,200,308,,
2026-07-25T03:52:10.433887+00:00,200,347,,
2026-07-25T03:52:20.694756+00:00,200,259,,
2026-07-25T03:52:30.950291+00:00,200,253,,
2026-07-25T03:52:41.255142+00:00,200,303,,
2026-07-25T03:52:51.564716+00:00,200,308,,
2026-07-25T03:53:01.827108+00:00,200,260,,
2026-07-25T03:53:12.120853+00:00,200,281,,
2026-07-25T03:53:22.408817+00:00,200,285,,
2026-07-25T03:53:32.672659+00:00,200,261,,
2026-07-25T03:53:42.979964+00:00,200,301,,
2026-07-25T03:53:53.313310+00:00,200,329,,
2026-07-25T03:54:03.603589+00:00,200,287,,
2026-07-25T03:54:13.907125+00:00,200,298,,
2026-07-25T03:54:24.224779+00:00,200,314,,
2026-07-25T03:54:34.494184+00:00,200,266,,
2026-07-25T03:54:44.837319+00:00,200,341,,
2026-07-25T03:54:55.192143+00:00,200,352,,
2026-07-25T03:55:05.463470+00:00,200,268,,
2026-07-25T03:55:15.741281+00:00,200,276,,
2026-07-25T03:55:26.025565+00:00,200,282,,
2026-07-25T03:55:36.365542+00:00,200,338,,
2026-07-25T03:55:46.705071+00:00,200,337,,
2026-07-25T03:55:57.016285+00:00,200,306,,
2026-07-25T03:56:07.393766+00:00,200,373,,
2026-07-25T03:56:17.730863+00:00,200,333,,
2026-07-25T03:56:28.104801+00:00,200,372,,
2026-07-25T03:56:38.517586+00:00,200,410,,
2026-07-25T03:56:48.952083+00:00,200,431,,
2026-07-25T03:56:59.276612+00:00,200,321,,
2026-07-25T03:57:09.562627+00:00,200,284,,
2026-07-25T03:57:19.880911+00:00,200,315,,
2026-07-25T03:57:30.184614+00:00,200,301,,
2026-07-25T03:57:40.494828+00:00,200,308,,
2026-07-25T03:57:50.793475+00:00,200,296,,
2026-07-25T03:58:01.172679+00:00,200,377,,
2026-07-25T03:58:11.479494+00:00,200,304,,
2026-07-25T03:58:21.863332+00:00,200,377,,
2026-07-25T03:58:32.186314+00:00,200,319,,
2026-07-25T03:58:42.628568+00:00,200,435,,
2026-07-25T03:58:52.918680+00:00,200,288,,
2026-07-25T03:59:03.308137+00:00,200,386,,
2026-07-25T03:59:13.654043+00:00,200,342,,
2026-07-25T03:59:24.072313+00:00,200,415,,
2026-07-25T03:59:34.307398+00:00,200,232,,
2026-07-25T03:59:44.608198+00:00,200,292,,
2026-07-25T03:59:54.951134+00:00,200,340,,
2026-07-25T04:00:05.233800+00:00,200,279,,
2026-07-25T04:00:15.591036+00:00,200,347,,
2026-07-25T04:00:25.911572+00:00,200,318,,
2026-07-25T04:00:36.201081+00:00,200,287,,
2026-07-25T04:00:46.620385+00:00,200,416,,
2026-07-25T04:00:57.048789+00:00,200,420,,
2026-07-25T04:01:07.444028+00:00,200,392,,
2026-07-25T04:01:17.811515+00:00,200,364,,
2026-07-25T04:01:28.113906+00:00,200,297,,
2026-07-25T04:01:38.494810+00:00,200,378,,
2026-07-25T04:01:48.776489+00:00,200,279,,
2026-07-25T04:01:59.159460+00:00,200,378,,
2026-07-25T04:02:09.543460+00:00,200,380,,
2026-07-25T04:02:19.887800+00:00,200,340,,
2026-07-25T04:02:30.286272+00:00,200,396,,
2026-07-25T04:02:40.582669+00:00,200,291,,
2026-07-25T04:02:50.870729+00:00,200,285,,
2026-07-25T04:03:01.232445+00:00,200,356,,
2026-07-25T04:03:11.630825+00:00,200,394,,
2026-07-25T04:03:21.978536+00:00,200,345,,
2026-07-25T04:03:32.434870+00:00,200,447,,
2026-07-25T04:03:42.817373+00:00,200,378,,
2026-07-25T04:03:53.215687+00:00,200,392,,
2026-07-25T04:04:03.498978+00:00,200,281,,
2026-07-25T04:04:13.855912+00:00,200,355,,
2026-07-25T04:04:24.259106+00:00,200,400,,
2026-07-25T04:04:34.677420+00:00,200,413,,
2026-07-25T04:04:45.050022+00:00,200,369,,
2026-07-25T04:04:56.632421+00:00,200,1580,,
2026-07-25T04:05:06.950095+00:00,200,314,,
2026-07-25T04:05:17.393642+00:00,200,437,,
2026-07-25T04:05:27.699253+00:00,200,304,,
2026-07-25T04:05:37.962013+00:00,200,261,,
2026-07-25T04:05:48.253151+00:00,200,289,,
2026-07-25T04:05:58.505598+00:00,200,250,,
2026-07-25T04:06:08.775620+00:00,200,268,,
2026-07-25T04:06:19.027099+00:00,200,250,,
2026-07-25T04:06:29.335573+00:00,200,307,,
2026-07-25T04:06:39.797488+00:00,200,460,,
2026-07-25T04:06:50.063743+00:00,200,265,,
2026-07-25T04:07:00.351598+00:00,200,285,,
2026-07-25T04:07:10.635324+00:00,200,282,,
2026-07-25T04:07:20.911232+00:00,200,274,,
2026-07-25T04:07:31.216966+00:00,200,303,,
2026-07-25T04:07:41.471850+00:00,200,252,,
2026-07-25T04:07:51.809761+00:00,200,335,,
2026-07-25T04:08:02.142526+00:00,200,326,,
2026-07-25T04:08:12.410218+00:00,200,265,,
2026-07-25T04:08:22.712271+00:00,200,297,,
2026-07-25T04:08:33.020259+00:00,200,305,,
2026-07-25T04:08:43.364012+00:00,200,338,,
2026-07-25T04:08:53.674857+00:00,200,308,,
2026-07-25T04:09:03.966024+00:00,200,286,,
2026-07-25T04:09:14.239973+00:00,200,271,,
2026-07-25T04:09:24.510516+00:00,200,269,,
2026-07-25T04:09:34.854882+00:00,200,338,,
2026-07-25T04:09:45.135158+00:00,200,277,,
2026-07-25T04:09:55.434868+00:00,200,296,,
2026-07-25T04:10:05.691719+00:00,200,253,,
2026-07-25T04:10:15.956033+00:00,200,261,,
2026-07-25T04:10:26.226214+00:00,200,268,,
2026-07-25T04:10:36.578588+00:00,200,349,,
2026-07-25T04:10:46.846193+00:00,200,264,,
2026-07-25T04:10:57.111994+00:00,200,264,,
2026-07-25T04:11:07.395729+00:00,200,281,,
2026-07-25T04:11:17.660013+00:00,200,262,,
2026-07-25T04:11:28.085061+00:00,200,422,,
2026-07-25T04:11:38.454352+00:00,200,366,,
2026-07-25T04:11:48.841178+00:00,200,385,,
2026-07-25T04:11:59.200096+00:00,200,357,,
2026-07-25T04:12:09.572695+00:00,200,367,,
2026-07-25T04:12:19.874180+00:00,200,298,,
2026-07-25T04:12:30.121014+00:00,200,244,,
2026-07-25T04:12:40.395106+00:00,200,272,,
2026-07-25T04:12:50.639725+00:00,200,243,,
2026-07-25T04:13:00.901830+00:00,200,261,,
2026-07-25T04:13:11.242087+00:00,200,338,,
2026-07-25T04:13:21.731005+00:00,200,484,,
2026-07-25T04:13:32.028214+00:00,200,295,,
2026-07-25T04:13:42.356541+00:00,200,325,,
2026-07-25T04:13:52.731739+00:00,200,373,,
2026-07-25T04:14:02.994747+00:00,200,261,,
2026-07-25T04:14:13.316747+00:00,200,318,,
2026-07-25T04:14:23.599417+00:00,200,281,,
2026-07-25T04:14:33.830920+00:00,200,229,,
2026-07-25T04:14:44.075992+00:00,200,243,,
2026-07-25T04:14:54.338086+00:00,200,260,,
2026-07-25T04:15:04.576263+00:00,200,236,,
2026-07-25T04:15:14.871002+00:00,200,293,,
2026-07-25T04:15:25.152656+00:00,200,278,,
2026-07-25T04:15:35.614009+00:00,200,457,,
2026-07-25T04:15:46.061363+00:00,200,443,,
2026-07-25T04:15:56.569228+00:00,200,498,,
2026-07-25T04:16:06.861572+00:00,200,283,,
2026-07-25T04:16:17.196207+00:00,200,333,,
2026-07-25T04:16:27.732630+00:00,200,525,,
2026-07-25T04:16:38.068447+00:00,200,319,,
2026-07-25T04:16:48.433770+00:00,200,353,,
2026-07-25T04:16:58.934087+00:00,200,497,,
2026-07-25T04:17:09.277646+00:00,200,340,,
2026-07-25T04:17:19.707085+00:00,200,426,,
2026-07-25T04:17:30.034146+00:00,200,324,,
2026-07-25T04:17:40.406707+00:00,200,370,,
2026-07-25T04:17:50.723949+00:00,200,315,,
2026-07-25T04:18:01.026959+00:00,200,301,,
2026-07-25T04:18:11.285484+00:00,200,256,,
2026-07-25T04:18:21.584596+00:00,200,296,,
2026-07-25T04:18:32.039464+00:00,200,453,,
2026-07-25T04:18:42.381771+00:00,200,335,,
2026-07-25T04:18:52.770080+00:00,200,386,,
2026-07-25T04:19:03.104029+00:00,200,331,,
2026-07-25T04:19:13.755560+00:00,200,649,,
2026-07-25T04:19:24.075168+00:00,200,313,,
2026-07-25T04:19:34.475300+00:00,200,391,,
2026-07-25T04:19:49.975801+00:00,200,5498,,
2026-07-25T04:20:03.610739+00:00,200,3633,,
2026-07-25T04:20:14.170427+00:00,200,558,,
2026-07-25T04:20:24.418129+00:00,200,246,,
2026-07-25T04:20:35.201620+00:00,200,781,,
2026-07-25T04:20:45.556863+00:00,200,353,,
2026-07-25T04:20:56.024431+00:00,200,462,,
2026-07-25T04:21:06.475346+00:00,200,448,,
2026-07-25T04:21:16.773819+00:00,200,295,,
2026-07-25T04:21:27.733162+00:00,200,957,,
2026-07-25T04:21:38.624992+00:00,200,884,,
2026-07-25T04:21:49.125334+00:00,200,493,,
2026-07-25T04:22:00.080584+00:00,200,953,,
2026-07-25T04:22:10.980949+00:00,200,899,,
2026-07-25T04:22:21.377378+00:00,200,390,,
2026-07-25T04:22:31.718554+00:00,200,338,,
2026-07-25T04:22:42.045248+00:00,200,324,,
2026-07-25T04:22:52.330406+00:00,200,275,,
2026-07-25T04:23:02.669276+00:00,200,333,,
2026-07-25T04:23:13.018632+00:00,200,344,,
2026-07-25T04:23:23.256201+00:00,200,235,,
2026-07-25T04:23:33.530499+00:00,200,272,,
2026-07-25T04:23:43.790392+00:00,200,257,,
2026-07-25T04:23:54.082882+00:00,200,291,,
2026-07-25T04:24:04.369257+00:00,200,284,,
2026-07-25T04:24:14.646254+00:00,200,275,,
2026-07-25T04:24:24.919656+00:00,200,271,,
2026-07-25T04:24:35.215249+00:00,200,294,,
2026-07-25T04:24:45.481626+00:00,200,264,,
2026-07-25T04:24:55.782910+00:00,200,299,,
2026-07-25T04:25:06.053600+00:00,200,268,,
2026-07-25T04:25:16.354937+00:00,200,299,,
2026-07-25T04:25:26.729028+00:00,200,371,,
2026-07-25T04:25:37.063988+00:00,200,328,,
2026-07-25T04:25:47.593307+00:00,200,522,,
2026-07-25T04:25:57.910628+00:00,200,312,,
2026-07-25T04:26:08.190335+00:00,200,276,,
2026-07-25T04:26:18.482236+00:00,200,289,,
2026-07-25T04:26:28.741260+00:00,200,257,,
2026-07-25T04:26:39.048224+00:00,200,305,,
2026-07-25T04:26:49.335137+00:00,200,284,,
2026-07-25T04:26:59.615514+00:00,200,276,,
2026-07-25T04:27:09.941080+00:00,200,323,,
2026-07-25T04:27:20.310047+00:00,200,366,,
2026-07-25T04:27:30.595255+00:00,200,281,,
2026-07-25T04:27:40.999997+00:00,200,403,,
2026-07-25T04:27:51.438034+00:00,200,435,,
2026-07-25T04:28:01.797070+00:00,200,355,,
2026-07-25T04:28:12.146032+00:00,200,343,,
2026-07-25T04:28:22.521155+00:00,200,371,,
2026-07-25T04:28:32.852761+00:00,200,327,,
2026-07-25T04:28:43.237709+00:00,200,381,,
2026-07-25T04:28:53.564718+00:00,200,323,,
2026-07-25T04:29:03.941303+00:00,200,374,,
2026-07-25T04:29:14.246462+00:00,200,298,,
2026-07-25T04:29:24.556550+00:00,200,308,,
2026-07-25T04:29:34.841373+00:00,200,283,,
2026-07-25T04:29:45.133902+00:00,200,291,,
2026-07-25T04:29:55.401652+00:00,200,266,,
2026-07-25T04:30:05.671141+00:00,200,268,,
2026-07-25T04:30:15.958362+00:00,200,285,,
2026-07-25T04:30:26.240896+00:00,200,280,,
2026-07-25T04:30:36.522651+00:00,200,279,,
2026-07-25T04:30:46.822829+00:00,200,298,,
2026-07-25T04:30:57.084063+00:00,200,259,,
2026-07-25T04:31:07.342074+00:00,200,256,,
2026-07-25T04:31:17.645151+00:00,200,301,,
2026-07-25T04:31:27.938294+00:00,200,291,,
2026-07-25T04:31:38.397329+00:00,200,456,,
2026-07-25T04:31:48.808541+00:00,200,406,,
2026-07-25T04:31:59.389109+00:00,200,576,,
2026-07-25T04:32:09.718615+00:00,200,326,,
2026-07-25T04:32:20.173831+00:00,200,452,,
2026-07-25T04:32:30.468142+00:00,200,291,,
2026-07-25T04:32:40.871477+00:00,200,401,,
2026-07-25T04:32:51.225050+00:00,200,352,,
2026-07-25T04:33:02.111260+00:00,200,877,,
2026-07-25T04:33:15.150489+00:00,502,3029,GatewayError,
2026-07-25T04:33:25.486982+00:00,200,334,,
2026-07-25T04:33:35.855000+00:00,200,365,,
2026-07-25T04:33:46.165730+00:00,200,292,,
2026-07-25T04:33:56.510019+00:00,200,340,,
2026-07-25T04:34:07.046795+00:00,200,535,,
2026-07-25T04:34:17.473480+00:00,200,421,,
2026-07-25T04:34:27.913631+00:00,200,437,,
2026-07-25T04:34:38.351529+00:00,200,433,,
2026-07-25T04:34:48.671621+00:00,200,317,,
2026-07-25T04:34:59.016111+00:00,200,332,,
2026-07-25T04:35:09.344633+00:00,200,322,,
2026-07-25T04:35:19.778171+00:00,200,428,,
2026-07-25T04:35:30.146933+00:00,200,362,,
2026-07-25T04:35:40.519508+00:00,200,365,,
2026-07-25T04:35:51.083009+00:00,200,554,,
2026-07-25T04:36:01.434296+00:00,200,340,,
2026-07-25T04:36:11.766312+00:00,200,326,,
2026-07-25T04:36:22.172272+00:00,200,402,,
2026-07-25T04:36:32.576280+00:00,200,397,,
2026-07-25T04:36:42.875943+00:00,200,292,,
2026-07-25T04:36:53.238243+00:00,200,360,,
2026-07-25T04:37:03.567393+00:00,200,323,,
2026-07-25T04:37:13.927436+00:00,200,352,,
2026-07-25T04:37:24.363181+00:00,200,429,,
2026-07-25T04:37:34.770508+00:00,200,404,,
2026-07-25T04:37:45.133741+00:00,200,360,,
2026-07-25T04:37:55.542377+00:00,200,402,,
2026-07-25T04:38:05.915318+00:00,200,364,,
2026-07-25T04:38:16.171871+00:00,200,254,,
2026-07-25T04:38:26.521855+00:00,200,346,,
2026-07-25T04:38:36.841710+00:00,200,317,,
2026-07-25T04:38:47.235929+00:00,200,388,,
2026-07-25T04:38:57.619786+00:00,200,379,,
2026-07-25T04:39:07.901598+00:00,200,279,,
2026-07-25T04:39:18.264481+00:00,200,360,,
2026-07-25T04:39:28.636577+00:00,200,370,,
2026-07-25T04:39:39.012412+00:00,200,373,,
2026-07-25T04:39:49.242101+00:00,200,228,,
2026-07-25T04:39:59.513590+00:00,200,269,,
2026-07-25T04:40:09.801807+00:00,200,286,,
2026-07-25T04:40:20.098001+00:00,200,294,,
2026-07-25T04:40:30.373145+00:00,200,273,,
2026-07-25T04:40:40.695544+00:00,200,321,,
2026-07-25T04:40:51.089717+00:00,200,388,,
2026-07-25T04:41:01.437355+00:00,200,341,,
2026-07-25T04:41:11.846216+00:00,200,384,,
2026-07-25T04:41:22.289371+00:00,200,441,,
2026-07-25T04:41:32.608034+00:00,200,313,,
2026-07-25T04:41:42.970747+00:00,200,358,,
2026-07-25T04:41:53.353821+00:00,200,380,,
2026-07-25T04:42:03.724019+00:00,200,365,,
2026-07-25T04:42:14.115109+00:00,200,388,,
2026-07-25T04:42:24.513608+00:00,200,394,,
2026-07-25T04:42:34.810785+00:00,200,294,,
2026-07-25T04:42:45.192753+00:00,200,379,,
2026-07-25T04:42:55.504612+00:00,200,309,,
2026-07-25T04:43:05.762985+00:00,200,255,,
2026-07-25T04:43:16.030951+00:00,200,266,,
2026-07-25T04:43:26.292535+00:00,200,259,,
2026-07-25T04:43:36.588205+00:00,200,293,,
2026-07-25T04:43:46.828537+00:00,200,238,,
2026-07-25T04:43:57.143933+00:00,200,313,,
2026-07-25T04:44:07.482356+00:00,200,336,,
2026-07-25T04:44:17.794562+00:00,200,309,,
2026-07-25T04:44:28.116018+00:00,200,317,,
2026-07-25T04:44:38.491775+00:00,200,372,,
2026-07-25T04:44:48.757246+00:00,200,262,,
2026-07-25T04:44:59.261338+00:00,200,496,,
2026-07-25T04:45:09.658160+00:00,200,392,,
2026-07-25T04:45:20.024325+00:00,200,360,,
2026-07-25T04:45:30.421572+00:00,200,394,,
2026-07-25T04:45:40.742575+00:00,200,300,,
2026-07-25T04:45:51.005128+00:00,200,257,,
2026-07-25T04:46:01.246584+00:00,200,240,,
2026-07-25T04:46:11.545933+00:00,200,297,,
2026-07-25T04:46:21.991915+00:00,200,437,,
2026-07-25T04:46:32.291027+00:00,200,290,,
2026-07-25T04:46:42.680747+00:00,200,383,,
2026-07-25T04:46:53.028343+00:00,200,333,,
2026-07-25T04:47:03.394045+00:00,200,355,,
2026-07-25T04:47:13.873799+00:00,200,464,,
2026-07-25T04:47:24.201197+00:00,200,316,,
2026-07-25T04:47:34.822744+00:00,200,617,,
2026-07-25T04:47:45.365754+00:00,200,535,,
2026-07-25T04:47:55.716062+00:00,200,343,,
2026-07-25T04:48:06.071967+00:00,200,354,,
2026-07-25T04:48:16.459540+00:00,200,383,,
2026-07-25T04:48:26.820751+00:00,200,354,,
2026-07-25T04:48:37.208712+00:00,200,384,,
2026-07-25T04:48:57.959490+00:00,TIMEOUT,,TimeoutError,"HTTPSConnectionPool(host='socanalyst.raymundgerardestaca.dev', port=443): Read timed out. (read timeout=10)"
2026-07-25T04:49:18.535402+00:00,502,10570,GatewayError,
2026-07-25T04:49:29.085688+00:00,200,547,,
2026-07-25T04:49:39.441307+00:00,200,353,,
2026-07-25T04:49:52.520181+00:00,502,3066,GatewayError,
2026-07-25T04:50:05.599720+00:00,502,3074,GatewayError,
2026-07-25T04:50:19.181596+00:00,200,3578,,
2026-07-25T04:50:29.578258+00:00,200,395,,
2026-07-25T04:50:48.626819+00:00,200,9045,,
2026-07-25T04:50:58.921232+00:00,502,291,GatewayError,
2026-07-25T04:51:09.256656+00:00,200,333,,
2026-07-25T04:51:19.532181+00:00,200,274,,
2026-07-25T04:51:29.833181+00:00,200,298,,
2026-07-25T04:51:40.142677+00:00,200,307,,
2026-07-25T04:51:50.488981+00:00,200,343,,
2026-07-25T04:52:00.994879+00:00,200,504,,
2026-07-25T04:52:11.746082+00:00,200,748,,
2026-07-25T04:52:22.176319+00:00,200,426,,
2026-07-25T04:52:32.517173+00:00,200,338,,
2026-07-25T04:52:43.002381+00:00,200,481,,
2026-07-25T04:52:53.456946+00:00,200,452,,
2026-07-25T04:53:03.834662+00:00,200,372,,
2026-07-25T04:53:14.201447+00:00,200,362,,
2026-07-25T04:53:24.439736+00:00,200,235,,
2026-07-25T04:53:34.815306+00:00,200,373,,
2026-07-25T04:53:45.091181+00:00,200,273,,
2026-07-25T04:53:55.427369+00:00,200,333,,
2026-07-25T04:54:05.780681+00:00,200,350,,
2026-07-25T04:54:16.096488+00:00,200,312,,
2026-07-25T04:54:27.260197+00:00,200,1160,,
2026-07-25T04:54:37.659818+00:00,200,396,,
2026-07-25T04:54:48.002359+00:00,200,340,,
2026-07-25T04:54:58.418595+00:00,200,414,,
2026-07-25T04:55:08.768890+00:00,200,345,,
2026-07-25T04:55:19.095175+00:00,200,323,,
2026-07-25T04:55:29.350274+00:00,200,252,,
2026-07-25T04:55:39.696285+00:00,200,344,,
2026-07-25T04:55:50.084349+00:00,200,381,,
2026-07-25T04:56:00.455814+00:00,200,368,,
2026-07-25T04:56:10.807772+00:00,200,348,,
2026-07-25T04:56:31.972367+00:00,TIMEOUT,,TimeoutError,"HTTPSConnectionPool(host='socanalyst.raymundgerardestaca.dev', port=443): Read timed out. (read timeout=10)"
2026-07-25T04:56:42.241489+00:00,200,265,,
2026-07-25T04:56:52.554369+00:00,200,311,,
2026-07-25T04:57:02.860722+00:00,200,298,,
2026-07-25T04:57:16.263219+00:00,502,3400,GatewayError,
2026-07-25T04:57:29.431044+00:00,502,3165,GatewayError,
2026-07-25T04:57:42.618249+00:00,502,3183,GatewayError,
2026-07-25T04:57:53.084324+00:00,200,463,,
2026-07-25T04:58:03.456824+00:00,200,369,,
2026-07-25T04:58:13.860951+00:00,200,402,,
2026-07-25T04:58:24.262713+00:00,200,396,,
2026-07-25T04:58:34.641202+00:00,200,373,,
2026-07-25T04:58:45.015929+00:00,200,365,,
2026-07-25T04:58:55.384835+00:00,200,362,,
2026-07-25T04:59:05.778361+00:00,200,391,,
2026-07-25T04:59:16.116803+00:00,200,329,,
2026-07-25T04:59:26.450827+00:00,200,329,,
2026-07-25T04:59:36.772754+00:00,200,314,,
2026-07-25T04:59:47.196216+00:00,200,419,,
2026-07-25T04:59:57.499448+00:00,200,301,,
2026-07-25T05:00:07.807575+00:00,200,303,,
2026-07-25T05:00:18.252893+00:00,200,442,,
2026-07-25T05:00:28.625294+00:00,200,370,,
2026-07-25T05:00:38.951271+00:00,200,321,,
2026-07-25T05:00:49.267535+00:00,200,311,,
2026-07-25T05:00:59.624259+00:00,200,352,,
2026-07-25T05:01:09.951648+00:00,200,324,,
2026-07-25T05:01:20.291742+00:00,200,335,,
2026-07-25T05:01:30.636011+00:00,200,339,,
2026-07-25T05:01:41.016925+00:00,200,373,,
2026-07-25T05:01:51.384219+00:00,200,360,,
2026-07-25T05:02:01.751748+00:00,200,360,,
2026-07-25T05:02:12.286093+00:00,200,528,,
2026-07-25T05:02:22.625323+00:00,200,336,,
2026-07-25T05:02:33.012369+00:00,200,379,,
2026-07-25T05:02:43.868401+00:00,200,852,,
2026-07-25T05:02:54.348424+00:00,200,476,,
2026-07-25T05:03:04.781747+00:00,200,427,,
2026-07-25T05:03:15.079033+00:00,200,294,,
2026-07-25T05:03:27.016387+00:00,200,1934,,
2026-07-25T05:03:37.431132+00:00,200,408,,
2026-07-25T05:03:47.782365+00:00,200,345,,
2026-07-25T05:03:58.239891+00:00,200,452,,
2026-07-25T05:04:08.571632+00:00,200,329,,
2026-07-25T05:04:18.942920+00:00,200,369,,
2026-07-25T05:04:29.291209+00:00,200,346,,
2026-07-25T05:04:39.582391+00:00,200,287,,
2026-07-25T05:04:49.944672+00:00,200,359,,
2026-07-25T05:05:00.311871+00:00,200,363,,
2026-07-25T05:05:10.609993+00:00,200,295,,
2026-07-25T05:05:20.882307+00:00,200,269,,
2026-07-25T05:05:31.219839+00:00,200,336,,
2026-07-25T05:05:41.558151+00:00,200,334,,
2026-07-25T05:05:51.854614+00:00,200,294,,
2026-07-25T05:06:02.250570+00:00,200,394,,
2026-07-25T05:06:12.545930+00:00,200,289,,
2026-07-25T05:06:23.060542+00:00,200,512,,
2026-07-25T05:06:33.374099+00:00,200,308,,
2026-07-25T05:06:43.673644+00:00,200,297,,
2026-07-25T05:06:53.987058+00:00,200,311,,
2026-07-25T05:07:04.367541+00:00,200,378,,
2026-07-25T05:07:14.718242+00:00,200,346,,
2026-07-25T05:07:25.139994+00:00,200,415,,
2026-07-25T05:07:35.533127+00:00,200,391,,
2026-07-25T05:07:45.935602+00:00,200,399,,
2026-07-25T05:07:56.409778+00:00,200,468,,
2026-07-25T05:08:06.736613+00:00,200,325,,
2026-07-25T05:08:17.032064+00:00,200,293,,
2026-07-25T05:08:27.438882+00:00,200,404,,
2026-07-25T05:08:37.717431+00:00,200,276,,
2026-07-25T05:08:47.952608+00:00,200,233,,
2026-07-25T05:09:01.049360+00:00,502,3095,GatewayError,
2026-07-25T05:09:11.385932+00:00,200,334,,
2026-07-25T05:09:21.610017+00:00,200,222,,
2026-07-25T05:09:31.829551+00:00,200,217,,
2026-07-25T05:09:42.491556+00:00,200,659,,
2026-07-25T05:09:52.837613+00:00,200,344,,
2026-07-25T05:10:05.752705+00:00,200,2912,,
2026-07-25T05:10:16.011147+00:00,200,257,,
2026-07-25T05:10:29.118755+00:00,502,3106,GatewayError,
2026-07-25T05:10:39.483823+00:00,502,363,GatewayError,
2026-07-25T05:10:49.843230+00:00,502,358,GatewayError,
2026-07-25T05:11:01.222712+00:00,502,1378,GatewayError,
2026-07-25T05:11:11.772725+00:00,502,548,GatewayError,
2026-07-25T05:11:22.109826+00:00,502,335,GatewayError,
2026-07-25T05:11:32.442812+00:00,502,331,GatewayError,
2026-07-25T05:11:42.810901+00:00,502,366,GatewayError,
2026-07-25T05:11:53.140096+00:00,502,327,GatewayError,
2026-07-25T05:12:03.589021+00:00,502,447,GatewayError,
2026-07-25T05:12:13.937118+00:00,502,347,GatewayError,
2026-07-25T05:12:24.263881+00:00,502,325,GatewayError,
2026-07-25T05:12:34.607665+00:00,502,341,GatewayError,
2026-07-25T05:12:44.962514+00:00,502,353,GatewayError,
2026-07-25T05:12:55.316825+00:00,502,351,GatewayError,
2026-07-25T05:13:05.803402+00:00,502,484,GatewayError,
2026-07-25T05:13:16.200826+00:00,502,394,GatewayError,
2026-07-25T05:13:26.597543+00:00,502,394,GatewayError,
2026-07-25T05:13:36.929177+00:00,502,330,GatewayError,
2026-07-25T05:13:47.336409+00:00,502,405,GatewayError,
2026-07-25T05:13:57.679955+00:00,502,341,GatewayError,
2026-07-25T05:14:08.009446+00:00,502,327,GatewayError,
2026-07-25T05:14:18.356137+00:00,502,344,GatewayError,
2026-07-25T05:14:28.704862+00:00,502,346,GatewayError,
2026-07-25T05:14:40.031684+00:00,502,1324,GatewayError,
2026-07-25T05:14:50.528722+00:00,502,496,GatewayError,
2026-07-25T05:15:00.858496+00:00,502,327,GatewayError,
2026-07-25T05:15:11.164776+00:00,502,305,GatewayError,
2026-07-25T05:15:21.514467+00:00,502,348,GatewayError,
2026-07-25T05:15:31.883028+00:00,502,367,GatewayError,
2026-07-25T05:15:42.281933+00:00,502,398,GatewayError,
2026-07-25T05:15:52.666803+00:00,502,382,GatewayError,
2026-07-25T05:16:04.891400+00:00,502,2223,GatewayError,
2026-07-25T05:16:15.266063+00:00,502,373,GatewayError,
2026-07-25T05:16:25.605786+00:00,502,337,GatewayError,
2026-07-25T05:16:35.929417+00:00,502,322,GatewayError,
2026-07-25T05:16:46.308792+00:00,502,376,GatewayError,
2026-07-25T05:16:56.694361+00:00,502,384,GatewayError,
2026-07-25T05:17:07.107784+00:00,502,411,GatewayError,
2026-07-25T05:17:17.480531+00:00,502,370,GatewayError,
2026-07-25T05:17:27.843340+00:00,502,360,GatewayError,
2026-07-25T05:17:39.585756+00:00,502,1741,GatewayError,
2026-07-25T05:17:49.960329+00:00,502,372,GatewayError,
2026-07-25T05:18:00.294910+00:00,502,331,GatewayError,
2026-07-25T05:18:10.634870+00:00,502,339,GatewayError,
2026-07-25T05:18:20.969674+00:00,502,333,GatewayError,
2026-07-25T05:18:31.352221+00:00,502,380,GatewayError,
2026-07-25T05:18:41.789073+00:00,502,435,GatewayError,
2026-07-25T05:18:52.233897+00:00,502,443,GatewayError,
2026-07-25T05:19:02.642518+00:00,502,407,GatewayError,
2026-07-25T05:19:13.003255+00:00,502,359,GatewayError,
2026-07-25T05:19:23.377219+00:00,502,371,GatewayError,
2026-07-25T05:19:33.685234+00:00,502,306,GatewayError,
2026-07-25T05:19:44.076367+00:00,502,390,GatewayError,
2026-07-25T05:19:54.400008+00:00,502,322,GatewayError,
2026-07-25T05:20:04.726384+00:00,502,324,GatewayError,
2026-07-25T05:20:15.066636+00:00,502,338,GatewayError,
2026-07-25T05:20:25.433004+00:00,502,365,GatewayError,
2026-07-25T05:20:35.762173+00:00,502,328,GatewayError,
2026-07-25T05:20:46.095480+00:00,502,331,GatewayError,
2026-07-25T05:20:56.426037+00:00,502,329,GatewayError,
2026-07-25T05:21:06.783566+00:00,502,356,GatewayError,
2026-07-25T05:21:17.131987+00:00,502,346,GatewayError,
2026-07-25T05:21:27.446768+00:00,502,313,GatewayError,
2026-07-25T05:21:37.769923+00:00,502,321,GatewayError,
2026-07-25T05:21:48.149571+00:00,502,378,GatewayError,
2026-07-25T05:21:58.469840+00:00,502,318,GatewayError,
2026-07-25T05:22:08.830280+00:00,502,359,GatewayError,
2026-07-25T05:22:19.272423+00:00,502,440,GatewayError,
2026-07-25T05:22:29.603027+00:00,502,328,GatewayError,
2026-07-25T05:22:39.946816+00:00,502,340,GatewayError,
2026-07-25T05:22:50.312434+00:00,502,363,GatewayError,
2026-07-25T05:23:00.659020+00:00,502,345,GatewayError,
2026-07-25T05:23:13.770476+00:00,502,3109,GatewayError,
2026-07-25T05:23:24.262354+00:00,502,490,GatewayError,
2026-07-25T05:23:34.592148+00:00,502,327,GatewayError,
2026-07-25T05:23:44.878121+00:00,502,284,GatewayError,
2026-07-25T05:23:55.228036+00:00,502,348,GatewayError,
2026-07-25T05:24:05.569486+00:00,502,339,GatewayError,
2026-07-25T05:24:15.903503+00:00,502,332,GatewayError,
2026-07-25T05:24:26.239905+00:00,502,335,GatewayError,
2026-07-25T05:24:36.571960+00:00,502,329,GatewayError,
2026-07-25T05:24:46.887498+00:00,502,313,GatewayError,
2026-07-25T05:24:57.196764+00:00,502,307,GatewayError,
2026-07-25T05:25:07.505743+00:00,502,307,GatewayError,
2026-07-25T05:25:17.857448+00:00,502,349,GatewayError,
2026-07-25T05:25:28.200580+00:00,502,341,GatewayError,
2026-07-25T05:25:38.558619+00:00,502,355,GatewayError,
2026-07-25T05:25:51.587852+00:00,502,3027,GatewayError,
2026-07-25T05:26:01.898710+00:00,502,309,GatewayError,
2026-07-25T05:26:12.245426+00:00,502,345,GatewayError,
2026-07-25T05:26:22.593704+00:00,502,345,GatewayError,
2026-07-25T05:26:32.912620+00:00,502,317,GatewayError,
2026-07-25T05:26:43.277708+00:00,502,363,GatewayError,
2026-07-25T05:26:53.639893+00:00,502,360,GatewayError,
2026-07-25T05:27:03.953484+00:00,502,311,GatewayError,
2026-07-25T05:27:14.313308+00:00,502,358,GatewayError,
2026-07-25T05:27:24.624957+00:00,502,309,GatewayError,
2026-07-25T05:27:35.004838+00:00,502,378,GatewayError,
2026-07-25T05:27:45.348910+00:00,502,342,GatewayError,
2026-07-25T05:27:55.704308+00:00,502,353,GatewayError,
2026-07-25T05:28:06.067454+00:00,502,360,GatewayError,
2026-07-25T05:28:16.433455+00:00,502,364,GatewayError,
2026-07-25T05:28:26.778854+00:00,502,343,GatewayError,
2026-07-25T05:28:37.098279+00:00,502,318,GatewayError,
2026-07-25T05:28:47.421625+00:00,502,322,GatewayError,
2026-07-25T05:28:57.809239+00:00,502,385,GatewayError,
2026-07-25T05:29:08.164977+00:00,502,353,GatewayError,
2026-07-25T05:29:18.497099+00:00,502,330,GatewayError,
2026-07-25T05:29:28.794486+00:00,502,295,GatewayError,
2026-07-25T05:29:39.221261+00:00,502,425,GatewayError,
2026-07-25T05:29:49.608105+00:00,502,385,GatewayError,
2026-07-25T05:29:59.984166+00:00,502,374,GatewayError,
2026-07-25T05:30:10.308182+00:00,502,322,GatewayError,
2026-07-25T05:30:20.873880+00:00,502,564,GatewayError,
2026-07-25T05:30:33.870926+00:00,502,2995,GatewayError,
2026-07-25T05:30:46.910638+00:00,502,3037,GatewayError,
2026-07-25T05:30:57.270994+00:00,502,358,GatewayError,
2026-07-25T05:31:07.546882+00:00,502,273,GatewayError,
2026-07-25T05:31:17.871325+00:00,502,323,GatewayError,
2026-07-25T05:31:28.202821+00:00,502,329,GatewayError,
2026-07-25T05:31:38.542958+00:00,502,339,GatewayError,
2026-07-25T05:31:51.739114+00:00,502,3194,GatewayError,
2026-07-25T05:32:04.975103+00:00,502,3235,GatewayError,
2026-07-25T05:32:17.985617+00:00,502,3006,GatewayError,
2026-07-25T05:32:31.006746+00:00,502,3018,GatewayError,
2026-07-25T05:32:44.337299+00:00,502,3326,GatewayError,
2026-07-25T05:32:57.346332+00:00,502,3002,GatewayError,
2026-07-25T05:33:10.405664+00:00,502,3058,GatewayError,
2026-07-25T05:33:23.457886+00:00,502,3048,GatewayError,
2026-07-25T05:33:36.617761+00:00,502,3151,GatewayError,
2026-07-25T05:33:50.090108+00:00,502,3460,GatewayError,
2026-07-25T05:34:03.227484+00:00,502,3130,GatewayError,
2026-07-25T05:34:16.316023+00:00,502,3086,GatewayError,
2026-07-25T05:34:29.482586+00:00,502,3164,GatewayError,
2026-07-25T05:34:42.551539+00:00,502,3064,GatewayError,
2026-07-25T05:34:55.637724+00:00,502,3080,GatewayError,
2026-07-25T05:35:08.758709+00:00,502,3118,GatewayError,
2026-07-25T05:35:21.872015+00:00,502,3109,GatewayError,
2026-07-25T05:35:35.020641+00:00,502,3143,GatewayError,
2026-07-25T05:35:48.007993+00:00,502,2985,GatewayError,
2026-07-25T05:36:01.087188+00:00,502,3071,GatewayError,
2026-07-25T05:36:14.159523+00:00,502,3067,GatewayError,
2026-07-25T05:36:27.265564+00:00,502,3103,GatewayError,
2026-07-25T05:36:40.351400+00:00,502,3082,GatewayError,
2026-07-25T05:36:53.446117+00:00,502,3091,GatewayError,
2026-07-25T05:37:06.562076+00:00,502,3110,GatewayError,
2026-07-25T05:37:19.609560+00:00,502,3044,GatewayError,
2026-07-25T05:37:32.670370+00:00,502,3059,GatewayError,
2026-07-25T05:37:45.843102+00:00,502,3168,GatewayError,
2026-07-25T05:37:59.043621+00:00,502,3181,GatewayError,
2026-07-25T05:38:12.095086+00:00,502,3050,GatewayError,
2026-07-25T05:38:25.747932+00:00,502,3651,GatewayError,
2026-07-25T05:38:38.779538+00:00,502,3030,GatewayError,
2026-07-25T05:38:51.833297+00:00,502,3051,GatewayError,
2026-07-25T05:39:04.862608+00:00,502,3027,GatewayError,
2026-07-25T05:39:17.876780+00:00,502,3011,GatewayError,
2026-07-25T05:39:30.823210+00:00,502,2944,GatewayError,
2026-07-25T05:39:43.803783+00:00,502,2978,GatewayError,
2026-07-25T05:39:56.789833+00:00,502,2984,GatewayError,
2026-07-25T05:40:09.769775+00:00,502,2978,GatewayError,
2026-07-25T05:40:23.466134+00:00,502,3694,GatewayError,
2026-07-25T05:40:36.394659+00:00,502,2926,GatewayError,
2026-07-25T05:40:49.382479+00:00,502,2985,GatewayError,
2026-07-25T05:41:02.353200+00:00,502,2969,GatewayError,
2026-07-25T05:41:15.323698+00:00,502,2968,GatewayError,
2026-07-25T05:41:28.299201+00:00,502,2973,GatewayError,
2026-07-25T05:41:41.278482+00:00,502,2977,GatewayError,
2026-07-25T05:41:54.356309+00:00,502,3068,GatewayError,
2026-07-25T05:42:08.740416+00:00,502,4382,GatewayError,
2026-07-25T05:42:22.822309+00:00,502,4079,GatewayError,
2026-07-25T05:42:35.908974+00:00,502,3077,GatewayError,
2026-07-25T05:42:48.930907+00:00,502,3019,GatewayError,
2026-07-25T05:43:01.929282+00:00,502,2993,GatewayError,
2026-07-25T05:43:14.922294+00:00,502,2984,GatewayError,
2026-07-25T05:43:28.064640+00:00,502,3139,GatewayError,
2026-07-25T05:43:41.399485+00:00,502,3326,GatewayError,
2026-07-25T05:43:54.398613+00:00,502,2997,GatewayError,
2026-07-25T05:44:07.407853+00:00,502,3008,GatewayError,
2026-07-25T05:44:20.653703+00:00,502,3243,GatewayError,
2026-07-25T05:44:33.711542+00:00,502,3053,GatewayError,
2026-07-25T05:44:46.820316+00:00,502,3105,GatewayError,
2026-07-25T05:44:59.794541+00:00,502,2970,GatewayError,
2026-07-25T05:45:13.026020+00:00,502,3229,GatewayError,
2026-07-25T05:45:26.083389+00:00,502,3055,GatewayError,
2026-07-25T05:45:39.142679+00:00,502,3058,GatewayError,
2026-07-25T05:45:52.432563+00:00,502,3286,GatewayError,
2026-07-25T05:46:05.467260+00:00,502,3033,GatewayError,
2026-07-25T05:46:18.605254+00:00,502,3135,GatewayError,
2026-07-25T05:46:31.770637+00:00,502,3159,GatewayError,
2026-07-25T05:46:44.942984+00:00,502,3170,GatewayError,
2026-07-25T05:46:58.038566+00:00,502,3085,GatewayError,
2026-07-25T05:47:11.049459+00:00,502,3010,GatewayError,
2026-07-25T05:47:24.176263+00:00,502,3124,GatewayError,
2026-07-25T05:47:37.439682+00:00,502,3262,GatewayError,
2026-07-25T05:47:50.543649+00:00,502,3102,GatewayError,
2026-07-25T05:48:03.649709+00:00,502,3102,GatewayError,
2026-07-25T05:48:16.778598+00:00,502,3126,GatewayError,
2026-07-25T05:48:29.764459+00:00,502,2982,GatewayError,
2026-07-25T05:48:42.816654+00:00,502,3051,GatewayError,
2026-07-25T05:48:56.058806+00:00,502,3231,GatewayError,
2026-07-25T05:49:09.054764+00:00,502,2993,GatewayError,
2026-07-25T05:49:22.114009+00:00,502,3051,GatewayError,
2026-07-25T05:49:35.052714+00:00,502,2937,GatewayError,
2026-07-25T05:49:48.042866+00:00,502,2988,GatewayError,
2026-07-25T05:50:00.952745+00:00,502,2908,GatewayError,
2026-07-25T05:50:13.984975+00:00,502,3030,GatewayError,
2026-07-25T05:50:26.981515+00:00,502,2994,GatewayError,
2026-07-25T05:50:39.978191+00:00,502,2994,GatewayError,
2026-07-25T05:50:53.004853+00:00,502,3023,GatewayError,
2026-07-25T05:51:06.071229+00:00,502,3060,GatewayError,
2026-07-25T05:51:19.154362+00:00,502,3080,GatewayError,
2026-07-25T05:51:32.118039+00:00,502,2958,GatewayError,
2026-07-25T05:51:45.085702+00:00,502,2963,GatewayError,
2026-07-25T05:51:58.188915+00:00,502,3098,GatewayError,
2026-07-25T05:52:11.251850+00:00,502,3055,GatewayError,
2026-07-25T05:52:24.249322+00:00,502,2983,GatewayError,
2026-07-25T05:52:37.200266+00:00,502,2949,GatewayError,
2026-07-25T05:52:50.166970+00:00,502,2965,GatewayError,
2026-07-25T05:53:03.297705+00:00,502,3115,GatewayError,
2026-07-25T05:53:16.474927+00:00,502,3175,GatewayError,
2026-07-25T05:53:29.459539+00:00,502,2976,GatewayError,
2026-07-25T05:53:42.682300+00:00,502,3219,GatewayError,
2026-07-25T05:53:55.811064+00:00,502,3126,GatewayError,
2026-07-25T05:54:08.900593+00:00,502,3084,GatewayError,
2026-07-25T05:54:21.980436+00:00,502,3077,GatewayError,
2026-07-25T05:54:35.032397+00:00,502,3047,GatewayError,
2026-07-25T05:54:48.145799+00:00,502,3110,GatewayError,
2026-07-25T05:55:01.126770+00:00,502,2979,GatewayError,
2026-07-25T05:55:14.098328+00:00,502,2969,GatewayError,
2026-07-25T05:55:27.091873+00:00,502,2983,GatewayError,
2026-07-25T05:55:40.079573+00:00,502,2985,GatewayError,
2026-07-25T05:55:53.332439+00:00,502,3251,GatewayError,
2026-07-25T05:56:06.432956+00:00,502,3098,GatewayError,
2026-07-25T05:56:19.426600+00:00,502,2992,GatewayError,
2026-07-25T05:56:32.326772+00:00,502,2898,GatewayError,
2026-07-25T05:56:45.321947+00:00,502,2993,GatewayError,
2026-07-25T05:56:58.316714+00:00,502,2993,GatewayError,
2026-07-25T05:57:11.333675+00:00,502,3011,GatewayError,
2026-07-25T05:57:24.431293+00:00,502,3094,GatewayError,
2026-07-25T05:57:37.738752+00:00,502,3299,GatewayError,
2026-07-25T05:57:47.942481+00:00,200,202,,
2026-07-25T05:57:58.171397+00:00,200,226,,
2026-07-25T05:58:08.370500+00:00,200,197,,
2026-07-25T05:58:18.566626+00:00,200,193,,
2026-07-25T05:58:28.768032+00:00,200,189,,
2026-07-25T05:58:38.981902+00:00,200,206,,
2026-07-25T05:58:52.066927+00:00,502,3083,GatewayError,
2026-07-25T05:59:02.389444+00:00,200,321,,
2026-07-25T05:59:12.671236+00:00,200,278,,
2026-07-25T05:59:25.705628+00:00,502,3032,GatewayError,
2026-07-25T05:59:37.468579+00:00,200,1758,,
2026-07-25T05:59:47.822408+00:00,200,351,,
2026-07-25T05:59:58.056214+00:00,200,228,,
2026-07-25T06:00:08.317253+00:00,200,258,,
2026-07-25T06:00:18.499178+00:00,200,178,,
2026-07-25T06:00:28.705034+00:00,200,204,,
2026-07-25T06:00:41.234010+00:00,502,2527,GatewayError,
2026-07-25T06:00:51.471366+00:00,200,224,,
2026-07-25T06:01:01.690099+00:00,200,215,,
2026-07-25T06:01:14.666473+00:00,502,2969,GatewayError,
2026-07-25T06:01:24.892792+00:00,200,221,,
2026-07-25T06:01:35.104435+00:00,200,199,,
2026-07-25T06:01:45.372130+00:00,200,259,,
2026-07-25T06:01:58.393949+00:00,502,3020,GatewayError,
2026-07-25T06:02:08.649959+00:00,200,253,,
2026-07-25T06:02:18.843568+00:00,200,191,,
2026-07-25T06:02:29.033805+00:00,200,185,,
2026-07-25T06:02:39.213562+00:00,200,174,,
2026-07-25T06:02:49.483342+00:00,200,266,,
2026-07-25T06:02:59.690506+00:00,200,200,,
2026-07-25T06:03:12.699239+00:00,502,3007,GatewayError,
2026-07-25T06:03:22.955499+00:00,200,254,,
2026-07-25T06:03:33.149828+00:00,200,191,,
2026-07-25T06:03:43.416696+00:00,200,264,,
2026-07-25T06:03:53.689721+00:00,200,271,,
2026-07-25T06:04:03.928645+00:00,200,235,,
2026-07-25T06:04:14.148819+00:00,200,217,,
2026-07-25T06:04:24.402952+00:00,200,252,,
2026-07-25T06:04:34.611401+00:00,200,206,,
2026-07-25T06:04:44.843932+00:00,200,231,,
2026-07-25T06:04:55.044497+00:00,200,199,,
2026-07-25T06:05:05.241817+00:00,200,194,,
2026-07-25T06:05:15.466866+00:00,200,221,,
2026-07-25T06:05:25.705643+00:00,200,235,,
2026-07-25T06:05:35.962554+00:00,200,252,,
2026-07-25T06:05:46.292892+00:00,200,323,,
2026-07-25T06:05:56.672242+00:00,200,377,,
2026-07-25T06:06:06.880107+00:00,200,206,,
2026-07-25T06:06:17.187587+00:00,200,300,,
2026-07-25T06:06:27.397638+00:00,200,204,,
2026-07-25T06:06:37.626876+00:00,200,226,,
2026-07-25T06:06:47.892910+00:00,200,263,,
2026-07-25T06:06:58.084548+00:00,200,188,,
2026-07-25T06:07:08.317182+00:00,200,230,,
2026-07-25T06:07:18.557864+00:00,200,235,,
2026-07-25T06:07:29.007570+00:00,200,444,,
2026-07-25T06:07:39.248962+00:00,200,238,,
2026-07-25T06:07:49.510298+00:00,200,253,,
2026-07-25T06:08:00.379712+00:00,200,866,,
2026-07-25T06:08:10.669830+00:00,200,281,,
2026-07-25T06:08:20.966828+00:00,200,289,,
2026-07-25T06:08:31.220005+00:00,200,251,,
2026-07-25T06:08:41.430724+00:00,200,208,,
2026-07-25T06:08:51.680165+00:00,200,248,,
2026-07-25T06:09:01.938719+00:00,200,257,,
2026-07-25T06:09:12.226337+00:00,200,285,,
2026-07-25T06:09:22.444652+00:00,200,216,,
2026-07-25T06:09:32.644991+00:00,200,197,,
2026-07-25T06:09:42.846195+00:00,200,199,,
2026-07-25T06:09:53.040335+00:00,200,191,,
2026-07-25T06:10:03.258109+00:00,200,216,,
2026-07-25T06:10:13.490766+00:00,200,230,,
2026-07-25T06:10:23.691775+00:00,200,199,,
2026-07-25T06:10:33.937471+00:00,200,243,,
2026-07-25T06:10:44.171579+00:00,200,232,,
2026-07-25T06:10:54.392346+00:00,200,219,,
2026-07-25T06:11:04.696819+00:00,200,303,,
2026-07-25T06:11:15.065446+00:00,200,366,,
2026-07-25T06:11:25.292290+00:00,200,216,,
2026-07-25T06:11:35.674786+00:00,200,380,,
2026-07-25T06:11:45.921166+00:00,200,243,,
2026-07-25T06:11:56.159314+00:00,200,236,,
2026-07-25T06:12:06.428120+00:00,200,267,,
2026-07-25T06:12:16.672547+00:00,200,242,,
2026-07-25T06:12:26.948182+00:00,200,273,,
2026-07-25T06:12:37.172515+00:00,200,215,,
2026-07-25T06:12:47.565391+00:00,200,391,,
2026-07-25T06:12:57.855007+00:00,200,287,,
2026-07-25T06:13:08.161436+00:00,200,302,,
2026-07-25T06:13:18.368021+00:00,200,199,,
2026-07-25T06:13:28.623245+00:00,200,252,,
2026-07-25T06:13:38.914533+00:00,200,276,,
2026-07-25T06:13:49.177990+00:00,200,254,,
2026-07-25T06:13:59.773818+00:00,200,593,,
2026-07-25T06:14:12.322816+00:00,502,2547,GatewayError,
2026-07-25T06:14:25.409238+00:00,502,3085,GatewayError,
2026-07-25T06:14:35.640243+00:00,200,228,,
2026-07-25T06:14:48.579553+00:00,502,2933,GatewayError,
2026-07-25T06:15:01.477836+00:00,502,2896,GatewayError,
2026-07-25T06:15:11.879221+00:00,502,399,GatewayError,
2026-07-25T06:15:24.921043+00:00,502,3040,GatewayError,
2026-07-25T06:15:37.425244+00:00,502,2502,GatewayError,
2026-07-25T06:15:50.008667+00:00,502,2581,GatewayError,
2026-07-25T06:16:02.981372+00:00,502,2971,GatewayError,
2026-07-25T06:16:16.034788+00:00,502,3042,GatewayError,
2026-07-25T06:16:29.054812+00:00,502,3018,GatewayError,
2026-07-25T06:16:40.893972+00:00,502,1838,GatewayError,
2026-07-25T06:16:53.405481+00:00,502,2509,GatewayError,
2026-07-25T06:17:06.001341+00:00,502,2594,GatewayError,
2026-07-25T06:17:18.831600+00:00,502,2828,GatewayError,
2026-07-25T06:17:31.928576+00:00,502,3091,GatewayError,
2026-07-25T06:17:44.966846+00:00,502,3035,GatewayError,
2026-07-25T06:17:55.903257+00:00,502,930,GatewayError,
2026-07-25T06:18:09.070914+00:00,502,3165,GatewayError,
2026-07-25T06:18:21.640100+00:00,502,2567,GatewayError,
2026-07-25T06:18:34.272712+00:00,502,2625,GatewayError,
2026-07-25T06:18:47.359087+00:00,502,3082,GatewayError,
2026-07-25T06:19:00.419684+00:00,502,3051,GatewayError,
2026-07-25T06:19:13.430116+00:00,502,3008,GatewayError,
2026-07-25T06:19:25.010667+00:00,502,1579,GatewayError,
2026-07-25T06:19:37.746554+00:00,502,2731,GatewayError,
2026-07-25T06:19:50.869666+00:00,502,3121,GatewayError,
2026-07-25T06:20:03.530294+00:00,502,2658,GatewayError,
2026-07-25T06:20:16.516677+00:00,502,2982,GatewayError,
2026-07-25T06:20:29.644191+00:00,502,3126,GatewayError,
2026-07-25T06:20:40.073518+00:00,502,426,GatewayError,
2026-07-25T06:20:53.071291+00:00,502,2993,GatewayError,
2026-07-25T06:21:05.610557+00:00,502,2536,GatewayError,
2026-07-25T06:21:18.229308+00:00,502,2616,GatewayError,
2026-07-25T06:21:31.345848+00:00,502,3114,GatewayError,
2026-07-25T06:21:44.473759+00:00,502,3125,GatewayError,
2026-07-25T06:21:57.498581+00:00,502,3018,GatewayError,
2026-07-25T06:22:09.966977+00:00,502,2466,GatewayError,
2026-07-25T06:22:21.211448+00:00,502,1242,GatewayError,
2026-07-25T06:22:34.280197+00:00,502,3066,GatewayError,
2026-07-25T06:22:46.833587+00:00,502,2543,GatewayError,
2026-07-25T06:22:59.377949+00:00,502,2541,GatewayError,
2026-07-25T06:23:12.561023+00:00,502,3180,GatewayError,
2026-07-25T06:23:25.664739+00:00,502,3102,GatewayError,
2026-07-25T06:23:38.729843+00:00,502,3063,GatewayError,
2026-07-25T06:23:49.987317+00:00,502,1254,GatewayError,
2026-07-25T06:24:03.034811+00:00,502,3046,GatewayError,
2026-07-25T06:24:16.142274+00:00,502,3103,GatewayError,
2026-07-25T06:24:28.727371+00:00,502,2583,GatewayError,
2026-07-25T06:24:41.193039+00:00,502,2464,GatewayError,
2026-07-25T06:24:54.197887+00:00,502,2997,GatewayError,
2026-07-25T06:25:07.133890+00:00,502,2934,GatewayError,
2026-07-25T06:25:20.191118+00:00,502,3055,GatewayError,
2026-07-25T06:25:30.912179+00:00,502,718,GatewayError,
2026-07-25T06:25:43.871213+00:00,502,2955,GatewayError,
2026-07-25T06:25:56.825310+00:00,502,2952,GatewayError,
2026-07-25T06:26:09.794804+00:00,502,2968,GatewayError,
2026-07-25T06:26:22.705841+00:00,502,2909,GatewayError,
2026-07-25T06:26:35.680972+00:00,502,2974,GatewayError,
2026-07-25T06:26:48.736682+00:00,502,3048,GatewayError,
2026-07-25T06:26:59.168773+00:00,200,429,,
2026-07-25T06:27:09.422137+00:00,200,252,,
2026-07-25T06:27:19.833157+00:00,200,409,,
2026-07-25T06:27:30.148308+00:00,200,310,,
2026-07-25T06:27:40.458805+00:00,200,308,,
2026-07-25T06:27:50.811961+00:00,200,351,,
2026-07-25T06:28:01.158229+00:00,200,339,,
2026-07-25T06:28:11.433254+00:00,200,268,,
2026-07-25T06:28:21.756913+00:00,200,322,,
2026-07-25T06:28:32.205197+00:00,200,445,,
2026-07-25T06:28:42.504840+00:00,200,292,,
2026-07-25T06:28:52.777538+00:00,200,266,,
2026-07-25T06:29:03.040181+00:00,200,261,,
2026-07-25T06:29:13.420917+00:00,200,376,,
2026-07-25T06:29:23.761119+00:00,200,335,,
2026-07-25T06:29:34.138809+00:00,200,375,,
2026-07-25T06:29:44.493383+00:00,200,347,,
2026-07-25T06:29:54.806247+00:00,200,310,,
2026-07-25T06:30:05.095128+00:00,200,285,,
2026-07-25T06:30:15.361701+00:00,200,265,,
2026-07-25T06:30:25.697653+00:00,200,332,,
2026-07-25T06:30:35.996224+00:00,200,297,,
2026-07-25T06:30:46.316511+00:00,200,314,,
2026-07-25T06:30:56.669292+00:00,200,351,,
2026-07-25T06:31:07.065876+00:00,200,393,,
2026-07-25T06:31:17.406951+00:00,200,338,,
2026-07-25T06:31:27.741255+00:00,200,331,,
2026-07-25T06:31:38.092104+00:00,200,348,,
2026-07-25T06:31:48.466720+00:00,200,365,,
2026-07-25T06:31:58.830382+00:00,200,359,,
2026-07-25T06:32:09.174309+00:00,200,336,,
2026-07-25T06:32:19.502687+00:00,200,321,,
2026-07-25T06:32:29.842175+00:00,200,337,,
2026-07-25T06:32:40.188915+00:00,200,342,,
2026-07-25T06:32:50.497979+00:00,200,302,,
2026-07-25T06:33:00.873360+00:00,200,368,,
2026-07-25T06:33:11.207552+00:00,200,331,,
2026-07-25T06:33:21.480607+00:00,200,270,,
2026-07-25T06:33:31.833105+00:00,200,348,,
2026-07-25T06:33:42.116883+00:00,200,276,,
2026-07-25T06:33:52.495681+00:00,200,374,,
2026-07-25T06:34:02.858843+00:00,200,356,,
2026-07-25T06:34:13.151117+00:00,200,290,,
2026-07-25T06:34:23.490163+00:00,200,331,,
2026-07-25T06:34:33.830441+00:00,200,338,,
2026-07-25T06:34:44.148034+00:00,200,308,,
2026-07-25T06:34:54.484074+00:00,200,333,,
2026-07-25T06:35:04.805491+00:00,200,318,,
2026-07-25T06:35:16.211850+00:00,200,1403,,
2026-07-25T06:35:26.631323+00:00,200,417,,
2026-07-25T06:35:36.916593+00:00,200,282,,
2026-07-25T06:35:47.303274+00:00,200,381,,
2026-07-25T06:35:57.644473+00:00,200,339,,
2026-07-25T06:36:08.023664+00:00,200,377,,
2026-07-25T06:36:18.337448+00:00,200,310,,
2026-07-25T06:36:28.639613+00:00,200,299,,
2026-07-25T06:36:38.965535+00:00,200,323,,
2026-07-25T06:36:49.300145+00:00,200,329,,
2026-07-25T06:36:59.585126+00:00,200,282,,
2026-07-25T06:37:09.874260+00:00,200,287,,
2026-07-25T06:37:20.324700+00:00,200,448,,
2026-07-25T06:37:30.631571+00:00,200,304,,
2026-07-25T06:37:40.938360+00:00,200,305,,
2026-07-25T06:37:51.274898+00:00,200,333,,
2026-07-25T06:38:01.567030+00:00,200,290,,
2026-07-25T06:38:11.831792+00:00,200,263,,
2026-07-25T06:38:22.104396+00:00,200,271,,
2026-07-25T06:38:32.391858+00:00,200,285,,
2026-07-25T06:38:43.408000+00:00,200,1014,,
2026-07-25T06:38:53.746987+00:00,200,337,,
2026-07-25T06:39:04.063461+00:00,200,315,,
2026-07-25T06:39:14.320778+00:00,200,255,,
2026-07-25T06:39:24.641909+00:00,200,319,,
2026-07-25T06:39:35.007148+00:00,200,363,,
2026-07-25T06:39:46.489867+00:00,200,1480,,
2026-07-25T06:39:56.893443+00:00,200,401,,
2026-07-25T06:40:07.149379+00:00,200,254,,
2026-07-25T06:40:17.456779+00:00,200,302,,
2026-07-25T06:40:27.729489+00:00,200,270,,
2026-07-25T06:40:38.051587+00:00,200,320,,
2026-07-25T06:40:48.349469+00:00,200,295,,
2026-07-25T06:40:58.575129+00:00,200,223,,
2026-07-25T06:41:08.849143+00:00,200,272,,
2026-07-25T06:41:19.164712+00:00,200,313,,
2026-07-25T06:41:29.477161+00:00,200,310,,
2026-07-25T06:41:39.757218+00:00,200,278,,
2026-07-25T06:41:50.028158+00:00,200,269,,
2026-07-25T06:42:00.281747+00:00,200,251,,
2026-07-25T06:42:10.522350+00:00,200,238,,
2026-07-25T06:42:20.853594+00:00,200,329,,
2026-07-25T06:42:31.181149+00:00,200,324,,
2026-07-25T06:42:41.678946+00:00,200,492,,
2026-07-25T06:42:51.976056+00:00,200,294,,
2026-07-25T06:43:02.233850+00:00,200,249,,
2026-07-25T06:43:12.502813+00:00,200,266,,
2026-07-25T06:43:22.766331+00:00,200,261,,
2026-07-25T06:43:33.096564+00:00,200,328,,
2026-07-25T06:43:43.443529+00:00,200,345,,
2026-07-25T06:43:53.720600+00:00,200,273,,
2026-07-25T06:44:04.110271+00:00,200,387,,
2026-07-25T06:44:14.495131+00:00,200,378,,
2026-07-25T06:44:24.759062+00:00,200,261,,
2026-07-25T06:44:35.108989+00:00,200,348,,
2026-07-25T06:44:45.357565+00:00,200,244,,
2026-07-25T06:44:55.560201+00:00,200,200,,
2026-07-25T06:45:05.792720+00:00,200,231,,
2026-07-25T06:45:16.017126+00:00,200,222,,
2026-07-25T06:45:26.219215+00:00,200,200,,
2026-07-25T06:45:36.423467+00:00,200,202,,
2026-07-25T06:45:46.623843+00:00,200,197,,
2026-07-25T06:45:56.804940+00:00,200,179,,
2026-07-25T06:46:07.026954+00:00,200,220,,
2026-07-25T06:46:17.202693+00:00,200,173,,
2026-07-25T06:46:27.421764+00:00,200,216,,
2026-07-25T06:46:37.603320+00:00,200,178,,
2026-07-25T06:46:47.816125+00:00,200,211,,
2026-07-25T06:46:58.012174+00:00,200,193,,
2026-07-25T06:47:08.373668+00:00,200,359,,
2026-07-25T06:47:18.557653+00:00,200,183,,
2026-07-25T06:47:28.772039+00:00,200,208,,
2026-07-25T06:47:38.985303+00:00,200,210,,
2026-07-25T06:47:49.206463+00:00,200,218,,
2026-07-25T06:47:59.453473+00:00,200,245,,
2026-07-25T06:48:09.651949+00:00,200,197,,
2026-07-25T06:48:19.918686+00:00,200,265,,
2026-07-25T06:48:30.182085+00:00,200,261,,
2026-07-25T06:48:40.511655+00:00,200,322,,
2026-07-25T06:48:50.877540+00:00,200,364,,
2026-07-25T06:49:01.119841+00:00,200,240,,
2026-07-25T06:49:11.316352+00:00,200,193,,
2026-07-25T06:49:21.588033+00:00,200,269,,
2026-07-25T06:49:31.888162+00:00,200,287,,
2026-07-25T06:49:42.237666+00:00,200,326,,
2026-07-25T06:49:52.639315+00:00,200,399,,
2026-07-25T06:50:03.097637+00:00,200,456,,
2026-07-25T06:50:13.377063+00:00,200,276,,
2026-07-25T06:50:23.744952+00:00,200,362,,
2026-07-25T06:50:34.099231+00:00,200,351,,
2026-07-25T06:50:44.406703+00:00,200,302,,
2026-07-25T06:50:54.689737+00:00,200,275,,
2026-07-25T06:51:05.018246+00:00,200,324,,
2026-07-25T06:51:15.363133+00:00,200,341,,
2026-07-25T06:51:25.921678+00:00,200,555,,
2026-07-25T06:51:36.198511+00:00,200,271,,
2026-07-25T06:51:46.668482+00:00,200,467,,
2026-07-25T06:51:57.014667+00:00,200,344,,
2026-07-25T06:52:07.386986+00:00,200,368,,
2026-07-25T06:52:17.739155+00:00,200,349,,
2026-07-25T06:52:28.057667+00:00,200,315,,
2026-07-25T06:52:38.342611+00:00,200,283,,
2026-07-25T06:52:48.633153+00:00,200,288,,
2026-07-25T06:52:58.927019+00:00,200,292,,
2026-07-25T06:53:11.994483+00:00,502,3065,GatewayError,
2026-07-25T06:53:22.868959+00:00,502,872,GatewayError,
2026-07-25T06:53:37.315140+00:00,502,4444,GatewayError,
2026-07-25T06:53:52.977554+00:00,502,5659,GatewayError,
2026-07-25T06:54:05.889887+00:00,502,2910,GatewayError,
2026-07-25T06:54:18.826821+00:00,502,2935,GatewayError,
2026-07-25T06:54:31.720875+00:00,502,2893,GatewayError,
2026-07-25T06:54:42.247889+00:00,200,525,,
2026-07-25T06:54:52.601261+00:00,200,348,,
2026-07-25T06:55:05.565889+00:00,502,2960,GatewayError,
2026-07-25T06:55:15.772180+00:00,200,204,,
2026-07-25T06:55:25.941552+00:00,200,167,,
2026-07-25T06:55:36.131245+00:00,200,187,,
2026-07-25T06:55:49.122465+00:00,502,2989,GatewayError,
2026-07-25T06:56:02.095419+00:00,502,2970,GatewayError,
2026-07-25T06:56:12.346820+00:00,200,249,,
2026-07-25T06:56:22.561912+00:00,200,213,,
2026-07-25T06:56:35.557361+00:00,502,2994,GatewayError,
2026-07-25T06:56:48.490884+00:00,502,2931,GatewayError,
2026-07-25T06:57:01.834390+00:00,502,3341,GatewayError,
2026-07-25T06:57:15.071470+00:00,502,3234,GatewayError,
2026-07-25T06:57:28.023671+00:00,502,2949,GatewayError,
2026-07-25T06:57:41.047385+00:00,502,3019,GatewayError,
2026-07-25T06:57:54.231153+00:00,502,3177,GatewayError,
2026-07-25T06:58:05.218092+00:00,200,984,,
2026-07-25T06:58:18.273431+00:00,502,3052,GatewayError,
2026-07-25T06:58:31.311850+00:00,502,3033,GatewayError,
2026-07-25T06:58:43.895052+00:00,502,2580,GatewayError,
2026-07-25T06:58:56.874005+00:00,502,2976,GatewayError,
2026-07-25T06:59:07.086097+00:00,200,209,,
2026-07-25T06:59:17.362651+00:00,200,274,,
2026-07-25T06:59:27.617825+00:00,200,251,,
2026-07-25T06:59:38.089368+00:00,200,468,,
2026-07-25T06:59:48.380391+00:00,200,288,,
2026-07-25T06:59:58.804138+00:00,200,418,,
2026-07-25T07:00:09.126382+00:00,200,319,,
2026-07-25T07:00:19.381758+00:00,200,253,,
2026-07-25T07:00:31.957986+00:00,200,2571,,
2026-07-25T07:00:42.242220+00:00,200,281,,
2026-07-25T07:00:52.414815+00:00,200,169,,
2026-07-25T07:01:02.911535+00:00,200,494,,
2026-07-25T07:01:13.143769+00:00,200,225,,
2026-07-25T07:01:23.423409+00:00,200,277,,
2026-07-25T07:01:33.668437+00:00,200,243,,
2026-07-25T07:01:43.954792+00:00,200,284,,
2026-07-25T07:01:54.216557+00:00,200,257,,
2026-07-25T07:02:04.504887+00:00,200,286,,
2026-07-25T07:02:14.966485+00:00,200,457,,
2026-07-25T07:02:25.262862+00:00,200,289,,
2026-07-25T07:02:35.565691+00:00,200,300,,
2026-07-25T07:02:45.827976+00:00,200,260,,
2026-07-25T07:02:56.030397+00:00,200,196,,
2026-07-25T07:03:06.281286+00:00,200,245,,
2026-07-25T07:03:16.485784+00:00,200,198,,
2026-07-25T07:03:26.720329+00:00,200,231,,
2026-07-25T07:03:36.992851+00:00,200,269,,
2026-07-25T07:03:47.280345+00:00,200,285,,
2026-07-25T07:03:57.577260+00:00,200,293,,
2026-07-25T07:04:07.827708+00:00,200,242,,
2026-07-25T07:04:18.069722+00:00,200,233,,
2026-07-25T07:04:28.292738+00:00,200,220,,
2026-07-25T07:04:38.561000+00:00,200,266,,
2026-07-25T07:04:48.784379+00:00,200,221,,
2026-07-25T07:05:01.862288+00:00,502,3073,GatewayError,
2026-07-25T07:05:12.062752+00:00,200,199,,
2026-07-25T07:05:22.284989+00:00,200,220,,
2026-07-25T07:05:34.178080+00:00,200,1889,,
2026-07-25T07:05:44.458541+00:00,200,273,,
2026-07-25T07:05:54.723702+00:00,200,261,,
2026-07-25T07:06:04.986622+00:00,200,259,,
2026-07-25T07:06:15.252487+00:00,200,264,,
2026-07-25T07:06:25.487040+00:00,200,231,,
2026-07-25T07:06:35.677764+00:00,200,185,,
2026-07-25T07:06:45.851532+00:00,200,172,,
2026-07-25T07:06:56.130308+00:00,200,277,,
2026-07-25T07:07:06.393737+00:00,200,260,,
2026-07-25T07:07:16.732484+00:00,200,332,,
2026-07-25T07:07:26.967561+00:00,200,224,,
2026-07-25T07:07:40.798899+00:00,200,3827,,
2026-07-25T07:07:51.206287+00:00,200,404,,
2026-07-25T07:08:01.425469+00:00,200,211,,
2026-07-25T07:08:11.675435+00:00,200,244,,
2026-07-25T07:08:21.849860+00:00,200,172,,
2026-07-25T07:08:32.042481+00:00,200,184,,
2026-07-25T07:08:42.274681+00:00,200,229,,
2026-07-25T07:08:52.512068+00:00,200,232,,
2026-07-25T07:09:03.917475+00:00,200,1401,,
2026-07-25T07:09:14.161607+00:00,200,241,,
2026-07-25T07:09:24.375942+00:00,200,210,,
2026-07-25T07:09:34.566693+00:00,200,187,,
2026-07-25T07:09:44.866442+00:00,200,295,,
2026-07-25T07:09:55.077270+00:00,200,207,,
2026-07-25T07:10:05.266698+00:00,200,181,,
2026-07-25T07:10:18.339165+00:00,502,3071,GatewayError,
2026-07-25T07:10:28.596524+00:00,200,250,,
2026-07-25T07:10:41.551262+00:00,502,2952,GatewayError,
2026-07-25T07:10:54.542057+00:00,502,2988,GatewayError,
2026-07-25T07:11:07.601948+00:00,502,3054,GatewayError,
2026-07-25T07:11:17.836025+00:00,200,231,,
2026-07-25T07:11:28.113225+00:00,200,273,,
2026-07-25T07:11:41.808131+00:00,502,3688,GatewayError,
2026-07-25T07:11:52.034525+00:00,200,224,,
2026-07-25T07:12:05.018529+00:00,502,2982,GatewayError,
2026-07-25T07:12:18.127116+00:00,502,3105,GatewayError,
2026-07-25T07:12:31.114666+00:00,502,2979,GatewayError,
2026-07-25T07:12:41.291326+00:00,200,175,,
2026-07-25T07:12:51.490487+00:00,200,197,,
2026-07-25T07:13:04.545564+00:00,502,3052,GatewayError,
2026-07-25T07:13:15.041138+00:00,200,489,,
2026-07-25T07:13:25.387269+00:00,200,340,,
2026-07-25T07:13:35.706147+00:00,200,311,,
2026-07-25T07:13:48.743050+00:00,502,3033,GatewayError,
2026-07-25T07:13:58.930986+00:00,200,185,,
2026-07-25T07:14:09.206237+00:00,200,272,,
2026-07-25T07:14:22.225067+00:00,502,3016,GatewayError,
2026-07-25T07:14:32.561209+00:00,200,330,,
2026-07-25T07:14:42.743198+00:00,200,180,,
2026-07-25T07:14:53.016801+00:00,200,272,,
2026-07-25T07:15:03.305186+00:00,200,285,,
2026-07-25T07:15:13.660577+00:00,200,353,,
2026-07-25T07:15:23.989513+00:00,200,327,,
2026-07-25T07:15:34.296250+00:00,200,301,,
2026-07-25T07:15:44.566437+00:00,200,266,,
2026-07-25T07:15:54.924926+00:00,200,349,,
2026-07-25T07:16:05.123168+00:00,200,195,,
2026-07-25T07:16:15.568052+00:00,200,435,,
2026-07-25T07:16:30.720562+00:00,200,5148,,
2026-07-25T07:16:40.952110+00:00,200,225,,
2026-07-25T07:16:51.192016+00:00,200,235,,
2026-07-25T07:17:01.578217+00:00,200,382,,
2026-07-25T07:17:11.878896+00:00,200,296,,
2026-07-25T07:17:22.070207+00:00,200,188,,
2026-07-25T07:17:32.243996+00:00,200,171,,
2026-07-25T07:17:43.449116+00:00,200,1203,,
2026-07-25T07:17:53.707953+00:00,200,257,,
2026-07-25T07:18:04.036423+00:00,200,326,,
2026-07-25T07:18:14.398379+00:00,200,360,,
2026-07-25T07:18:24.613229+00:00,200,211,,
2026-07-25T07:18:34.829154+00:00,200,213,,
2026-07-25T07:18:45.072903+00:00,200,241,,
2026-07-25T07:18:55.711435+00:00,200,635,,
2026-07-25T07:19:05.936666+00:00,200,223,,
2026-07-25T07:19:16.165878+00:00,200,227,,
2026-07-25T07:19:26.395323+00:00,200,225,,
2026-07-25T07:19:36.713497+00:00,200,312,,
2026-07-25T07:19:47.095606+00:00,200,379,,
2026-07-25T07:19:57.388475+00:00,200,290,,
2026-07-25T07:20:07.656660+00:00,200,265,,
2026-07-25T07:20:17.840259+00:00,200,179,,
2026-07-25T07:20:28.117975+00:00,200,275,,
2026-07-25T07:20:41.114507+00:00,502,2992,GatewayError,
2026-07-25T07:20:54.144797+00:00,502,3028,GatewayError,
2026-07-25T07:21:07.210400+00:00,502,3063,GatewayError,
2026-07-25T07:21:17.417165+00:00,200,202,,
2026-07-25T07:21:30.487216+00:00,502,3066,GatewayError,
2026-07-25T07:21:43.549019+00:00,502,3058,GatewayError,
2026-07-25T07:21:53.890479+00:00,200,339,,
2026-07-25T07:22:04.220845+00:00,200,327,,
2026-07-25T07:22:19.809464+00:00,502,5585,GatewayError,
2026-07-25T07:22:30.112655+00:00,200,301,,
2026-07-25T07:22:40.378740+00:00,200,263,,
2026-07-25T07:22:53.877025+00:00,502,3495,GatewayError,
2026-07-25T07:23:04.151460+00:00,200,272,,
2026-07-25T07:23:14.420914+00:00,200,267,,
2026-07-25T07:23:27.451151+00:00,502,3027,GatewayError,
2026-07-25T07:23:37.694076+00:00,200,240,,
2026-07-25T07:23:51.081453+00:00,502,3384,GatewayError,
2026-07-25T07:24:01.387892+00:00,200,305,,
2026-07-25T07:24:14.364034+00:00,502,2973,GatewayError,
2026-07-25T07:24:24.608327+00:00,200,242,,
2026-07-25T07:24:34.842100+00:00,200,232,,
2026-07-25T07:24:45.065317+00:00,200,220,,
2026-07-25T07:24:58.026719+00:00,502,2959,GatewayError,
2026-07-25T07:25:10.958439+00:00,502,2930,GatewayError,
2026-07-25T07:25:21.178914+00:00,200,197,,
2026-07-25T07:25:31.529892+00:00,200,346,,
2026-07-25T07:25:41.732071+00:00,200,194,,
2026-07-25T07:25:51.993892+00:00,200,258,,
2026-07-25T07:26:02.191433+00:00,200,196,,
2026-07-25T07:26:12.457990+00:00,200,264,,
2026-07-25T07:26:22.692422+00:00,200,231,,
2026-07-25T07:26:32.975801+00:00,200,281,,
2026-07-25T07:26:43.224275+00:00,200,242,,
2026-07-25T07:26:53.492469+00:00,200,266,,
2026-07-25T07:27:03.742028+00:00,200,247,,
2026-07-25T07:27:13.942326+00:00,200,194,,
2026-07-25T07:27:24.166510+00:00,200,221,,
2026-07-25T07:27:35.300347+00:00,200,1131,,
2026-07-25T07:27:45.661118+00:00,200,356,,
2026-07-25T07:27:55.932596+00:00,200,267,,
2026-07-25T07:28:06.198630+00:00,200,264,,
2026-07-25T07:28:16.586884+00:00,200,385,,
2026-07-25T07:28:26.807109+00:00,200,216,,
2026-07-25T07:28:37.053400+00:00,200,241,,
2026-07-25T07:28:47.417741+00:00,200,361,,
2026-07-25T07:28:57.694884+00:00,200,272,,
2026-07-25T07:29:07.901199+00:00,200,196,,
2026-07-25T07:29:18.102947+00:00,200,198,,
2026-07-25T07:29:28.281764+00:00,200,176,,
2026-07-25T07:29:39.054447+00:00,200,771,,
2026-07-25T07:29:49.246584+00:00,200,189,,
2026-07-25T07:29:59.453126+00:00,200,205,,
2026-07-25T07:30:09.655630+00:00,200,198,,
2026-07-25T07:30:19.961596+00:00,200,300,,
2026-07-25T07:30:30.261932+00:00,200,296,,
2026-07-25T07:30:40.620303+00:00,200,348,,
2026-07-25T07:30:54.018247+00:00,502,3394,GatewayError,
2026-07-25T07:31:07.072761+00:00,502,3052,GatewayError,
2026-07-25T07:31:20.085884+00:00,502,3006,GatewayError,
2026-07-25T07:31:33.060561+00:00,502,2970,GatewayError,
2026-07-25T07:31:46.133544+00:00,502,3070,GatewayError,
2026-07-25T07:31:56.352847+00:00,200,209,,
2026-07-25T07:32:06.699888+00:00,200,343,,
2026-07-25T07:32:16.991667+00:00,200,288,,
2026-07-25T07:32:27.215530+00:00,200,218,,
2026-07-25T07:32:40.174269+00:00,502,2956,GatewayError,
2026-07-25T07:32:53.193863+00:00,502,3014,GatewayError,
2026-07-25T07:33:06.125975+00:00,502,2929,GatewayError,
2026-07-25T07:33:16.300546+00:00,200,169,,
2026-07-25T07:33:26.496267+00:00,200,192,,
2026-07-25T07:33:36.757332+00:00,200,259,,
2026-07-25T07:33:49.729751+00:00,502,2967,GatewayError,
2026-07-25T07:34:02.740218+00:00,502,3004,GatewayError,
2026-07-25T07:34:15.695368+00:00,502,2951,GatewayError,
2026-07-25T07:34:25.985595+00:00,200,285,,
2026-07-25T07:34:38.978971+00:00,502,2988,GatewayError,
2026-07-25T07:34:52.017742+00:00,502,3035,GatewayError,
2026-07-25T07:35:05.112996+00:00,502,3092,GatewayError,
2026-07-25T07:35:18.065114+00:00,502,2950,GatewayError,
2026-07-25T07:35:28.238365+00:00,200,172,,
2026-07-25T07:35:38.482665+00:00,200,241,,
2026-07-25T07:35:48.675887+00:00,200,190,,
2026-07-25T07:36:01.655010+00:00,502,2977,GatewayError,
2026-07-25T07:36:14.560903+00:00,502,2903,GatewayError,
2026-07-25T07:36:24.837340+00:00,200,273,,
2026-07-25T07:36:37.848312+00:00,502,3005,GatewayError,
2026-07-25T07:36:48.026857+00:00,200,174,,
2026-07-25T07:37:00.967704+00:00,502,2936,GatewayError,
2026-07-25T07:37:19.404406+00:00,502,8434,GatewayError,
2026-07-25T07:37:30.943950+00:00,200,1538,,
2026-07-25T07:37:48.626341+00:00,200,7675,,
2026-07-25T07:38:15.625611+00:00,TIMEOUT,,TimeoutError,"HTTPSConnectionPool(host='socanalyst.raymundgerardestaca.dev', port=443): Read timed out. (read timeout=10)"
2026-07-25T07:38:28.399984+00:00,200,2772,,
2026-07-25T07:38:41.043012+00:00,200,2635,,
2026-07-25T07:38:51.302267+00:00,200,256,,
2026-07-25T07:39:01.577840+00:00,200,271,,
2026-07-25T07:39:11.757004+00:00,200,177,,
2026-07-25T07:39:21.972275+00:00,200,213,,
2026-07-25T07:39:32.154981+00:00,200,180,,
2026-07-25T07:39:42.641347+00:00,200,483,,
2026-07-25T07:39:52.935322+00:00,200,291,,
2026-07-25T07:40:03.178052+00:00,200,241,,
2026-07-25T07:40:13.442562+00:00,200,261,,
2026-07-25T07:40:23.632789+00:00,200,187,,
2026-07-25T07:40:33.858943+00:00,200,224,,
2026-07-25T07:40:44.086271+00:00,200,224,,
2026-07-25T07:40:54.331568+00:00,200,242,,
2026-07-25T07:41:04.615819+00:00,200,282,,
2026-07-25T07:41:14.803616+00:00,200,183,,
2026-07-25T07:41:25.960165+00:00,200,1151,,
2026-07-25T07:41:36.197319+00:00,200,233,,
2026-07-25T07:41:46.472647+00:00,200,271,,
2026-07-25T07:41:57.338769+00:00,200,863,,
2026-07-25T07:42:08.049777+00:00,200,708,,
2026-07-25T07:42:18.301640+00:00,200,247,,
2026-07-25T07:42:28.558832+00:00,200,254,,
2026-07-25T07:42:38.845949+00:00,200,285,,
2026-07-25T07:42:49.106820+00:00,200,259,,
2026-07-25T07:42:59.343192+00:00,200,232,,
2026-07-25T07:43:09.621939+00:00,200,276,,
2026-07-25T07:43:19.825270+00:00,200,200,,
2026-07-25T07:43:30.099749+00:00,200,271,,
2026-07-25T07:43:40.418115+00:00,200,316,,
2026-07-25T07:43:50.630538+00:00,200,208,,
2026-07-25T07:44:00.921993+00:00,200,289,,
2026-07-25T07:44:11.118818+00:00,200,193,,
2026-07-25T07:44:21.382471+00:00,200,260,,
2026-07-25T07:44:31.571713+00:00,200,183,,
2026-07-25T07:44:41.773948+00:00,200,196,,
2026-07-25T07:44:52.045029+00:00,200,266,,
2026-07-25T07:45:02.274480+00:00,200,222,,
2026-07-25T07:45:12.493220+00:00,200,214,,
2026-07-25T07:45:22.692659+00:00,200,198,,
2026-07-25T07:45:32.957979+00:00,200,262,,
2026-07-25T07:45:43.222145+00:00,200,259,,
2026-07-25T07:45:53.491981+00:00,200,268,,
2026-07-25T07:46:03.706927+00:00,200,203,,
2026-07-25T07:46:13.907688+00:00,200,198,,
2026-07-25T07:46:24.242081+00:00,200,322,,
2026-07-25T07:46:34.449087+00:00,200,204,,
2026-07-25T07:46:44.689736+00:00,200,237,,
2026-07-25T07:46:54.977441+00:00,200,281,,
2026-07-25T07:47:08.524154+00:00,200,3540,,
2026-07-25T07:47:18.781905+00:00,200,256,,
2026-07-25T07:47:28.992274+00:00,200,207,,
2026-07-25T07:47:39.263901+00:00,200,267,,
2026-07-25T07:47:49.581182+00:00,200,311,,
2026-07-25T07:47:59.912772+00:00,200,330,,
2026-07-25T07:48:10.174357+00:00,200,254,,
2026-07-25T07:48:20.415801+00:00,200,237,,
2026-07-25T07:48:30.712423+00:00,200,292,,
2026-07-25T07:48:41.016943+00:00,200,301,,
2026-07-25T07:48:51.239629+00:00,200,219,,
2026-07-25T07:49:01.458847+00:00,200,212,,
2026-07-25T07:49:11.698560+00:00,200,238,,
2026-07-25T07:49:21.944310+00:00,200,240,,
2026-07-25T07:49:32.265729+00:00,200,315,,
2026-07-25T07:49:42.487422+00:00,200,215,,
2026-07-25T07:49:52.758243+00:00,200,267,,
2026-07-25T07:50:03.019142+00:00,200,259,,
2026-07-25T07:50:13.283335+00:00,200,262,,
2026-07-25T07:50:23.458757+00:00,200,170,,
2026-07-25T07:50:33.735344+00:00,200,275,,
2026-07-25T07:50:43.943781+00:00,200,206,,
2026-07-25T07:50:54.308644+00:00,200,359,,
2026-07-25T07:51:05.246721+00:00,200,932,,
2026-07-25T07:51:15.429716+00:00,200,180,,
2026-07-25T07:51:25.677260+00:00,200,246,,
2026-07-25T07:51:35.947927+00:00,200,266,,
2026-07-25T07:51:46.251277+00:00,200,298,,
2026-07-25T07:51:56.510487+00:00,200,257,,
2026-07-25T07:52:06.736325+00:00,200,222,,
2026-07-25T07:52:16.926867+00:00,200,187,,
2026-07-25T07:52:27.172784+00:00,200,244,,
2026-07-25T07:52:37.367695+00:00,200,185,,
2026-07-25T07:52:47.622857+00:00,200,253,,
2026-07-25T07:52:57.856080+00:00,200,229,,
2026-07-25T07:53:08.119983+00:00,200,260,,
2026-07-25T07:53:18.369836+00:00,200,245,,
2026-07-25T07:53:28.672313+00:00,200,297,,
2026-07-25T07:53:39.023898+00:00,200,349,,
2026-07-25T07:53:49.326168+00:00,200,296,,
2026-07-25T07:53:59.609498+00:00,200,281,,
2026-07-25T07:54:09.901591+00:00,200,289,,
2026-07-25T07:54:20.221235+00:00,200,316,,
2026-07-25T07:54:30.432153+00:00,200,197,,
2026-07-25T07:54:40.679189+00:00,200,242,,
2026-07-25T07:54:50.962288+00:00,200,277,,
2026-07-25T07:55:01.204824+00:00,200,239,,
2026-07-25T07:55:12.075261+00:00,200,865,,
2026-07-25T07:55:22.292142+00:00,200,214,,
2026-07-25T07:55:32.541981+00:00,200,248,,
2026-07-25T07:55:42.776833+00:00,200,232,,
2026-07-25T07:55:53.013646+00:00,200,231,,
2026-07-25T07:56:03.312590+00:00,200,296,,
2026-07-25T07:56:13.545464+00:00,200,230,,
2026-07-25T07:56:23.805073+00:00,200,256,,
2026-07-25T07:56:34.072379+00:00,200,263,,
2026-07-25T07:56:44.250717+00:00,200,173,,
2026-07-25T07:56:54.500149+00:00,200,246,,
2026-07-25T07:57:04.743605+00:00,200,238,,
2026-07-25T07:57:14.990857+00:00,200,243,,
2026-07-25T07:57:25.187471+00:00,200,190,,
2026-07-25T07:57:35.370739+00:00,200,181,,
2026-07-25T07:57:45.629211+00:00,200,256,,
2026-07-25T07:57:55.876441+00:00,200,245,,
2026-07-25T07:58:06.091734+00:00,200,211,,
2026-07-25T07:58:19.146872+00:00,502,3044,GatewayError,
2026-07-25T07:58:29.374591+00:00,200,222,,
2026-07-25T07:58:42.687118+00:00,502,3309,GatewayError,
2026-07-25T07:58:55.791701+00:00,502,3100,GatewayError,
2026-07-25T07:59:12.432867+00:00,502,6638,GatewayError,
2026-07-25T07:59:25.453135+00:00,502,3017,GatewayError,
2026-07-25T07:59:38.238976+00:00,502,2783,GatewayError,
2026-07-25T07:59:48.559081+00:00,200,318,,
2026-07-25T08:00:01.489650+00:00,502,2925,GatewayError,
2026-07-25T08:00:11.726756+00:00,200,235,,
2026-07-25T08:00:22.014716+00:00,200,285,,
2026-07-25T08:00:32.297254+00:00,200,279,,
2026-07-25T08:00:42.527175+00:00,200,227,,
2026-07-25T08:00:55.608677+00:00,502,3078,GatewayError,
2026-07-25T08:01:05.865565+00:00,200,252,,
2026-07-25T08:01:16.077865+00:00,200,205,,
2026-07-25T08:01:26.263901+00:00,200,184,,
2026-07-25T08:01:39.311466+00:00,502,3044,GatewayError,
2026-07-25T08:01:52.390497+00:00,502,3074,GatewayError,
2026-07-25T08:02:05.385652+00:00,502,2990,GatewayError,
2026-07-25T08:02:18.372393+00:00,502,2983,GatewayError,
2026-07-25T08:02:28.618672+00:00,200,238,,
2026-07-25T08:02:41.753960+00:00,502,3130,GatewayError,
2026-07-25T08:02:54.754281+00:00,502,2997,GatewayError,
2026-07-25T08:03:05.070008+00:00,200,312,,
2026-07-25T08:03:15.275134+00:00,200,202,,
2026-07-25T08:03:25.468364+00:00,200,190,,
2026-07-25T08:03:35.714156+00:00,200,243,,
2026-07-25T08:03:46.292601+00:00,200,574,,
2026-07-25T08:03:56.559652+00:00,200,264,,
2026-07-25T08:04:06.771279+00:00,200,209,,
2026-07-25T08:04:17.035298+00:00,200,261,,
2026-07-25T08:04:27.219017+00:00,200,179,,
2026-07-25T08:04:37.416043+00:00,200,193,,
2026-07-25T08:04:47.699570+00:00,200,281,,
2026-07-25T08:04:58.025445+00:00,200,320,,
2026-07-25T08:05:08.247981+00:00,200,219,,
2026-07-25T08:05:18.462826+00:00,200,211,,
2026-07-25T08:05:28.638114+00:00,200,172,,
2026-07-25T08:05:38.912288+00:00,200,269,,
2026-07-25T08:05:49.206143+00:00,200,289,,
2026-07-25T08:05:59.369339+00:00,200,161,,
2026-07-25T08:06:09.580631+00:00,200,209,,
2026-07-25T08:06:19.824875+00:00,200,238,,
2026-07-25T08:06:29.996308+00:00,200,169,,
2026-07-25T08:06:40.412905+00:00,200,415,,
2026-07-25T08:06:50.639440+00:00,200,224,,
2026-07-25T08:07:01.680182+00:00,200,1037,,
2026-07-25T08:07:11.923257+00:00,200,237,,
2026-07-25T08:07:22.160904+00:00,200,235,,
2026-07-25T08:07:32.418987+00:00,200,254,,
2026-07-25T08:07:42.640188+00:00,200,214,,
2026-07-25T08:07:52.904571+00:00,200,259,,
2026-07-25T08:08:03.181842+00:00,200,271,,
2026-07-25T08:08:13.478168+00:00,200,294,,
2026-07-25T08:08:23.689214+00:00,200,208,,
2026-07-25T08:08:36.743463+00:00,502,3052,GatewayError,
2026-07-25T08:08:49.721604+00:00,502,2973,GatewayError,
2026-07-25T08:08:59.952345+00:00,200,226,,
2026-07-25T08:09:10.236129+00:00,200,280,,
2026-07-25T08:09:20.417599+00:00,200,180,,
2026-07-25T08:09:33.617548+00:00,502,3194,GatewayError,
2026-07-25T08:09:43.841119+00:00,200,221,,
2026-07-25T08:09:54.027013+00:00,200,184,,
2026-07-25T08:10:07.068770+00:00,502,3040,GatewayError,
2026-07-25T08:10:20.104642+00:00,502,3034,GatewayError,
2026-07-25T08:10:30.297675+00:00,200,191,,
2026-07-25T08:10:40.439587+00:00,200,140,,
2026-07-25T08:10:50.662973+00:00,200,221,,
2026-07-25T08:11:03.713564+00:00,502,3047,GatewayError,
2026-07-25T08:11:16.730673+00:00,502,3013,GatewayError,
2026-07-25T08:11:27.002267+00:00,200,269,,
2026-07-25T08:11:37.191714+00:00,200,185,,
2026-07-25T08:11:50.289949+00:00,502,3096,GatewayError,
2026-07-25T08:12:00.475789+00:00,200,184,,
2026-07-25T08:12:13.414432+00:00,502,2936,GatewayError,
2026-07-25T08:12:23.645857+00:00,200,230,,
2026-07-25T08:12:33.845673+00:00,200,195,,
2026-07-25T08:12:46.844990+00:00,502,2996,GatewayError,
2026-07-25T08:12:59.813664+00:00,502,2967,GatewayError,
2026-07-25T08:13:12.837450+00:00,502,3021,GatewayError,
2026-07-25T08:13:23.112480+00:00,200,272,,
2026-07-25T08:13:33.311929+00:00,200,193,,
2026-07-25T08:13:46.223819+00:00,502,2910,GatewayError,
2026-07-25T08:13:56.445566+00:00,200,219,,
2026-07-25T08:14:06.711452+00:00,200,264,,
2026-07-25T08:14:19.678212+00:00,502,2961,GatewayError,
2026-07-25T08:14:32.705360+00:00,502,3023,GatewayError,
2026-07-25T08:14:45.747478+00:00,502,3039,GatewayError,
2026-07-25T08:14:55.980192+00:00,200,229,,
2026-07-25T08:15:09.069702+00:00,502,3084,GatewayError,
2026-07-25T08:15:22.099405+00:00,502,3021,GatewayError,
2026-07-25T08:15:35.099390+00:00,502,2998,GatewayError,
2026-07-25T08:15:45.313288+00:00,200,211,,
2026-07-25T08:15:55.591076+00:00,200,275,,
2026-07-25T08:16:08.593021+00:00,502,2998,GatewayError,
2026-07-25T08:16:18.866408+00:00,200,269,,
2026-07-25T08:16:31.810122+00:00,502,2941,GatewayError,
2026-07-25T08:16:42.017804+00:00,200,206,,
2026-07-25T08:16:52.213178+00:00,200,193,,
2026-07-25T08:17:02.368049+00:00,200,153,,
2026-07-25T08:17:15.383790+00:00,502,3014,GatewayError,
2026-07-25T08:17:28.467484+00:00,502,3080,GatewayError,
2026-07-25T08:17:41.439243+00:00,502,2969,GatewayError,
2026-07-25T08:17:54.500886+00:00,502,3060,GatewayError,
2026-07-25T08:18:07.525610+00:00,502,3021,GatewayError,
2026-07-25T08:18:17.761658+00:00,200,233,,
2026-07-25T08:18:30.788366+00:00,502,3024,GatewayError,
2026-07-25T08:18:41.056940+00:00,200,266,,
2026-07-25T08:18:51.270732+00:00,200,211,,
2026-07-25T08:19:04.241670+00:00,502,2969,GatewayError,
2026-07-25T08:19:14.491510+00:00,200,246,,
2026-07-25T08:19:27.513039+00:00,502,3018,GatewayError,
2026-07-25T08:19:37.707974+00:00,200,192,,
2026-07-25T08:19:50.725719+00:00,502,3015,GatewayError,
2026-07-25T08:20:01.029641+00:00,200,301,,
2026-07-25T08:20:13.978798+00:00,502,2946,GatewayError,
2026-07-25T08:20:24.244072+00:00,200,262,,
2026-07-25T08:20:37.354674+00:00,502,3109,GatewayError,
2026-07-25T08:20:47.560088+00:00,200,201,,
2026-07-25T08:21:00.533016+00:00,502,2971,GatewayError,
2026-07-25T08:21:10.820824+00:00,200,286,,
2026-07-25T08:21:23.779250+00:00,502,2953,GatewayError,
2026-07-25T08:21:36.796439+00:00,502,3012,GatewayError,
2026-07-25T08:21:47.118578+00:00,200,318,,
2026-07-25T08:21:57.480206+00:00,200,356,,
2026-07-25T08:22:10.490619+00:00,502,3007,GatewayError,
2026-07-25T08:22:20.760635+00:00,200,267,,
2026-07-25T08:22:30.944197+00:00,200,179,,
2026-07-25T08:22:43.879506+00:00,502,2933,GatewayError,
2026-07-25T08:22:54.407637+00:00,200,525,,
2026-07-25T08:23:07.487730+00:00,502,3078,GatewayError,
2026-07-25T08:23:20.499196+00:00,502,3010,GatewayError,
2026-07-25T08:23:30.915281+00:00,200,396,,
2026-07-25T08:23:41.389704+00:00,200,449,,
2026-07-25T08:23:51.583831+00:00,200,177,,
2026-07-25T08:24:01.799643+00:00,200,210,,
2026-07-25T08:24:12.126384+00:00,200,323,,
2026-07-25T08:24:22.382075+00:00,200,252,,
2026-07-25T08:24:32.587685+00:00,200,199,,
2026-07-25T08:24:42.899511+00:00,200,309,,
2026-07-25T08:24:53.064119+00:00,200,162,,
2026-07-25T08:25:03.254862+00:00,200,188,,
2026-07-25T08:25:13.511167+00:00,200,253,,
2026-07-25T08:25:23.719898+00:00,200,205,,
2026-07-25T08:25:33.903052+00:00,200,181,,
2026-07-25T08:25:44.140453+00:00,200,235,,
2026-07-25T08:25:54.327362+00:00,200,184,,
2026-07-25T08:26:04.650982+00:00,200,321,,
2026-07-25T08:26:14.848352+00:00,200,190,,
2026-07-25T08:26:25.131197+00:00,200,280,,
2026-07-25T08:26:35.424286+00:00,200,290,,
2026-07-25T08:26:45.744578+00:00,200,317,,
2026-07-25T08:26:55.942692+00:00,200,191,,
2026-07-25T08:27:06.299662+00:00,200,351,,
2026-07-25T08:27:16.575937+00:00,200,273,,
2026-07-25T08:27:26.771948+00:00,200,194,,
2026-07-25T08:27:37.047542+00:00,200,272,,
2026-07-25T08:27:47.277712+00:00,200,226,,
2026-07-25T08:27:57.469951+00:00,200,190,,
2026-07-25T08:28:07.648820+00:00,200,177,,
2026-07-25T08:28:17.902330+00:00,200,251,,
2026-07-25T08:28:28.092980+00:00,200,185,,
2026-07-25T08:28:38.307028+00:00,200,211,,
2026-07-25T08:28:51.373436+00:00,502,3064,GatewayError,
2026-07-25T08:29:04.416317+00:00,502,3040,GatewayError,
2026-07-25T08:29:17.421599+00:00,502,2999,GatewayError,
2026-07-25T08:29:30.438150+00:00,502,3014,GatewayError,
2026-07-25T08:29:43.442625+00:00,502,3001,GatewayError,
2026-07-25T08:29:59.157988+00:00,502,5710,GatewayError,
2026-07-25T08:30:12.224356+00:00,502,3064,GatewayError,
2026-07-25T08:30:25.345486+00:00,502,3114,GatewayError,
2026-07-25T08:30:38.300731+00:00,502,2951,GatewayError,
2026-07-25T08:30:48.504609+00:00,200,200,,
2026-07-25T08:30:58.728641+00:00,200,222,,
2026-07-25T08:31:11.753960+00:00,502,3022,GatewayError,
2026-07-25T08:31:24.867582+00:00,502,3110,GatewayError,
2026-07-25T08:31:37.950207+00:00,502,3080,GatewayError,
2026-07-25T08:31:48.263951+00:00,200,306,,
2026-07-25T08:32:01.253770+00:00,502,2985,GatewayError,
2026-07-25T08:32:11.502431+00:00,200,245,,
2026-07-25T08:32:21.717565+00:00,200,213,,
2026-07-25T08:32:34.739968+00:00,502,3020,GatewayError,
2026-07-25T08:32:44.959841+00:00,200,217,,
2026-07-25T08:32:57.973517+00:00,502,3011,GatewayError,
2026-07-25T08:33:10.886917+00:00,502,2911,GatewayError,
2026-07-25T08:33:21.118571+00:00,200,230,,
2026-07-25T08:33:31.341794+00:00,200,221,,
2026-07-25T08:33:41.763207+00:00,200,419,,
2026-07-25T08:33:51.997320+00:00,200,232,,
2026-07-25T08:34:02.180256+00:00,200,181,,
2026-07-25T08:34:12.390506+00:00,200,208,,
2026-07-25T08:34:22.582153+00:00,200,190,,
2026-07-25T08:34:42.744173+00:00,TIMEOUT,,TimeoutError,"HTTPSConnectionPool(host='socanalyst.raymundgerardestaca.dev', port=443): Read timed out. (read timeout=10)"
2026-07-25T08:34:55.959346+00:00,502,3211,GatewayError,
2026-07-25T08:35:08.917463+00:00,502,2954,GatewayError,
2026-07-25T08:35:21.861796+00:00,502,2942,GatewayError,
2026-07-25T08:35:34.820540+00:00,502,2956,GatewayError,
2026-07-25T08:35:47.940596+00:00,502,3118,GatewayError,
2026-07-25T08:36:00.866637+00:00,502,2922,GatewayError,
2026-07-25T08:36:14.596018+00:00,502,3725,GatewayError,
2026-07-25T08:36:27.699426+00:00,502,3099,GatewayError,
2026-07-25T08:36:45.363247+00:00,502,7661,GatewayError,
2026-07-25T08:36:58.598659+00:00,502,3232,GatewayError,
2026-07-25T08:37:11.938592+00:00,502,3336,GatewayError,
2026-07-25T08:37:28.000540+00:00,502,6055,GatewayError,
2026-07-25T08:37:43.466934+00:00,502,5464,GatewayError,
2026-07-25T08:37:56.539315+00:00,502,3068,GatewayError,
2026-07-25T08:38:09.626632+00:00,502,3081,GatewayError,
2026-07-25T08:38:22.709890+00:00,502,3080,GatewayError,
2026-07-25T08:38:35.918755+00:00,502,3207,GatewayError,
2026-07-25T08:38:48.945812+00:00,502,3021,GatewayError,
2026-07-25T08:39:02.025428+00:00,502,3077,GatewayError,
2026-07-25T08:39:15.095418+00:00,502,3067,GatewayError,
2026-07-25T08:39:28.477114+00:00,502,3377,GatewayError,
2026-07-25T08:39:41.622682+00:00,502,3142,GatewayError,
2026-07-25T08:39:54.851964+00:00,502,3225,GatewayError,
2026-07-25T08:40:07.977656+00:00,502,3123,GatewayError,
2026-07-25T08:40:20.991649+00:00,502,3011,GatewayError,
2026-07-25T08:40:34.217386+00:00,502,3221,GatewayError,
2026-07-25T08:40:47.197259+00:00,502,2977,GatewayError,
2026-07-25T08:41:00.325660+00:00,502,3125,GatewayError,
2026-07-25T08:41:13.423056+00:00,502,3090,GatewayError,
2026-07-25T08:41:26.457905+00:00,502,3031,GatewayError,
2026-07-25T08:41:39.510401+00:00,502,3050,GatewayError,
2026-07-25T08:41:52.529080+00:00,502,3017,GatewayError,
2026-07-25T08:42:05.611495+00:00,502,3080,GatewayError,
2026-07-25T08:42:18.847248+00:00,502,3234,GatewayError,
2026-07-25T08:42:31.898737+00:00,502,3048,GatewayError,
2026-07-25T08:42:45.201816+00:00,502,3301,GatewayError,
2026-07-25T08:42:58.490390+00:00,502,3287,GatewayError,
2026-07-25T08:43:11.501630+00:00,502,3009,GatewayError,
2026-07-25T08:43:24.492523+00:00,502,2988,GatewayError,
2026-07-25T08:43:37.564211+00:00,502,3069,GatewayError,
2026-07-25T08:43:50.664843+00:00,502,3098,GatewayError,
2026-07-25T08:44:03.643512+00:00,502,2977,GatewayError,
2026-07-25T08:44:16.606942+00:00,502,2961,GatewayError,
2026-07-25T08:44:29.584679+00:00,502,2976,GatewayError,
2026-07-25T08:44:42.533849+00:00,502,2948,GatewayError,
2026-07-25T08:44:55.566480+00:00,502,3030,GatewayError,
2026-07-25T08:45:08.545028+00:00,502,2976,GatewayError,
2026-07-25T08:45:21.521793+00:00,502,2973,GatewayError,
2026-07-25T08:45:34.569560+00:00,502,3040,GatewayError,
2026-07-25T08:45:47.475583+00:00,502,2903,GatewayError,
2026-07-25T08:46:00.391826+00:00,502,2914,GatewayError,
2026-07-25T08:46:13.423353+00:00,502,3029,GatewayError,
2026-07-25T08:46:33.167948+00:00,502,9742,GatewayError,
2026-07-25T08:46:46.271552+00:00,502,3101,GatewayError,
2026-07-25T08:46:59.249317+00:00,502,2973,GatewayError,
2026-07-25T08:47:12.284212+00:00,502,3032,GatewayError,
2026-07-25T08:47:25.279992+00:00,502,2993,GatewayError,
2026-07-25T08:47:38.285534+00:00,502,3003,GatewayError,
2026-07-25T08:47:51.343789+00:00,502,3054,GatewayError,
2026-07-25T08:48:04.351867+00:00,502,3003,GatewayError,
2026-07-25T08:48:17.406249+00:00,502,3049,GatewayError,
2026-07-25T08:48:30.514974+00:00,502,3105,GatewayError,
2026-07-25T08:48:43.523430+00:00,502,3003,GatewayError,
2026-07-25T08:48:56.767566+00:00,502,3241,GatewayError,
2026-07-25T08:49:09.837138+00:00,502,3065,GatewayError,
2026-07-25T08:49:22.882049+00:00,502,3041,GatewayError,
2026-07-25T08:49:35.949961+00:00,502,3064,GatewayError,
2026-07-25T08:49:49.131645+00:00,502,3177,GatewayError,
2026-07-25T08:50:02.110105+00:00,502,2977,GatewayError,
2026-07-25T08:50:15.023519+00:00,502,2911,GatewayError,
2026-07-25T08:50:28.313997+00:00,502,3284,GatewayError,
2026-07-25T08:50:41.361437+00:00,502,3038,GatewayError,
2026-07-25T08:50:54.415953+00:00,502,3052,GatewayError,
2026-07-25T08:51:07.433803+00:00,502,3015,GatewayError,
2026-07-25T08:51:20.454088+00:00,502,3018,GatewayError,
2026-07-25T08:51:33.549431+00:00,502,3092,GatewayError,
2026-07-25T08:51:46.603175+00:00,502,3049,GatewayError,
2026-07-25T08:51:59.709078+00:00,502,3101,GatewayError,
2026-07-25T08:52:12.862874+00:00,502,3152,GatewayError,
2026-07-25T08:52:25.914636+00:00,502,3047,GatewayError,
2026-07-25T08:52:39.087892+00:00,502,3171,GatewayError,
2026-07-25T08:52:52.180213+00:00,502,3090,GatewayError,
2026-07-25T08:53:05.241782+00:00,502,3058,GatewayError,
2026-07-25T08:53:15.513053+00:00,200,268,,
2026-07-25T08:53:25.864634+00:00,200,349,,
2026-07-25T08:53:36.128291+00:00,200,257,,
2026-07-25T08:53:46.377577+00:00,200,246,,
2026-07-25T08:53:56.746543+00:00,200,366,,
2026-07-25T08:54:06.978415+00:00,200,230,,
2026-07-25T08:54:17.234207+00:00,200,252,,
2026-07-25T08:54:27.483235+00:00,200,245,,
2026-07-25T08:54:37.797664+00:00,200,309,,
2026-07-25T08:54:48.090629+00:00,200,291,,
2026-07-25T08:54:58.302971+00:00,200,197,,
2026-07-25T08:55:12.458269+00:00,200,4148,,
2026-07-25T08:55:22.764229+00:00,200,304,,
2026-07-25T08:55:33.048821+00:00,200,275,,
2026-07-25T08:55:43.737749+00:00,200,680,,
2026-07-25T08:55:54.073832+00:00,200,334,,
2026-07-25T08:56:07.081228+00:00,502,3005,GatewayError,
2026-07-25T08:56:22.676751+00:00,502,5592,GatewayError,
2026-07-25T08:56:36.412545+00:00,502,3733,GatewayError,
2026-07-25T08:56:49.432578+00:00,502,3017,GatewayError,
2026-07-25T08:57:02.544994+00:00,502,3110,GatewayError,
2026-07-25T08:57:15.583525+00:00,502,3036,GatewayError,
2026-07-25T08:57:25.885594+00:00,200,300,,
2026-07-25T08:57:36.124684+00:00,200,231,,
2026-07-25T08:57:46.365508+00:00,200,239,,
2026-07-25T08:57:56.676794+00:00,200,301,,
2026-07-25T08:58:06.899122+00:00,200,212,,
2026-07-25T08:58:17.240716+00:00,200,340,,
2026-07-25T08:58:27.545593+00:00,200,279,,
2026-07-25T08:58:37.826949+00:00,200,275,,
2026-07-25T08:58:48.253797+00:00,200,423,,
2026-07-25T08:58:58.525773+00:00,200,270,,
2026-07-25T08:59:08.736817+00:00,200,199,,
2026-07-25T08:59:18.961555+00:00,200,222,,
2026-07-25T08:59:29.167368+00:00,200,190,,
2026-07-25T08:59:39.382316+00:00,200,212,,
2026-07-25T08:59:49.660774+00:00,200,276,,
2026-07-25T08:59:59.920618+00:00,200,257,,
2026-07-25T09:00:10.140580+00:00,200,215,,
2026-07-25T09:00:20.385305+00:00,200,239,,
2026-07-25T09:00:30.662991+00:00,200,275,,
2026-07-25T09:00:40.851084+00:00,200,185,,
2026-07-25T09:00:51.030220+00:00,200,177,,
2026-07-25T09:01:01.267096+00:00,200,227,,
2026-07-25T09:01:11.548693+00:00,200,278,,
2026-07-25T09:01:21.756903+00:00,200,199,,
2026-07-25T09:01:32.667802+00:00,200,908,,
2026-07-25T09:01:42.923047+00:00,200,249,,
2026-07-25T09:01:53.115640+00:00,200,187,,
2026-07-25T09:02:03.478612+00:00,200,361,,
2026-07-25T09:02:13.932417+00:00,200,451,,
2026-07-25T09:02:24.187167+00:00,200,244,,
2026-07-25T09:02:34.466863+00:00,200,277,,
2026-07-25T09:02:44.791386+00:00,200,321,,
2026-07-25T09:02:55.092355+00:00,200,284,,
2026-07-25T09:03:05.361769+00:00,200,264,,
2026-07-25T09:03:15.951241+00:00,200,587,,
2026-07-25T09:03:26.244792+00:00,200,291,,
2026-07-25T09:03:36.544088+00:00,200,296,,
2026-07-25T09:03:46.796063+00:00,200,250,,
2026-07-25T09:04:12.395655+00:00,TIMEOUT,,TimeoutError,"HTTPSConnectionPool(host='socanalyst.raymundgerardestaca.dev', port=443): Read timed out. (read timeout=10)"
2026-07-25T09:04:23.180592+00:00,200,782,,
2026-07-25T09:04:33.446376+00:00,200,262,,
2026-07-25T09:04:43.776462+00:00,200,328,,
2026-07-25T09:04:54.051531+00:00,200,272,,
2026-07-25T09:05:05.754958+00:00,200,1701,,
2026-07-25T09:05:35.778811+00:00,TIMEOUT,,TimeoutError,"HTTPSConnectionPool(host='socanalyst.raymundgerardestaca.dev', port=443): Max retries exceeded with url: /health (Caused by ConnectTimeoutError(<urllib3.connection.HTTPSConnection object at 0x00000221A3213C50>, 'Connection to socanalyst.raymundgerardestaca.dev timed out. (connect timeout=10)'))"
2026-07-25T09:05:52.102142+00:00,200,6318,,
2026-07-25T09:06:02.535946+00:00,200,431,,
2026-07-25T09:06:13.016074+00:00,200,478,,
2026-07-25T09:06:23.430360+00:00,200,408,,
2026-07-25T09:06:33.708813+00:00,200,274,,
2026-07-25T09:06:43.967651+00:00,200,248,,
2026-07-25T09:06:54.160127+00:00,200,190,,
2026-07-25T09:07:04.343217+00:00,200,181,,
2026-07-25T09:07:14.569935+00:00,200,222,,
2026-07-25T09:07:44.592393+00:00,TIMEOUT,,TimeoutError,"HTTPSConnectionPool(host='socanalyst.raymundgerardestaca.dev', port=443): Max retries exceeded with url: /health (Caused by ConnectTimeoutError(<urllib3.connection.HTTPSConnection object at 0x00000221A3212FD0>, 'Connection to socanalyst.raymundgerardestaca.dev timed out. (connect timeout=10)'))"
2026-07-25T09:08:09.311126+00:00,FAILED,,ConnectionError,"('Connection aborted.', ConnectionResetError(10054, 'An existing connection was forcibly closed by the remote host', None, 10054, None))"
2026-07-25T09:08:27.711996+00:00,200,8395,,
2026-07-25T09:08:52.465005+00:00,FAILED,,ConnectionError,"('Connection aborted.', ConnectionResetError(10054, 'An existing connection was forcibly closed by the remote host', None, 10054, None))"
2026-07-25T09:09:02.881719+00:00,200,408,,
2026-07-25T09:09:13.565760+00:00,200,680,,
2026-07-25T09:09:23.926417+00:00,200,357,,
2026-07-25T09:09:34.121599+00:00,200,191,,
2026-07-25T09:09:44.339638+00:00,200,216,,
2026-07-25T09:09:54.649977+00:00,200,309,,
2026-07-25T09:10:05.604921+00:00,200,949,,
2026-07-25T09:10:16.145060+00:00,200,538,,
2026-07-25T09:10:30.349612+00:00,200,4203,,
2026-07-25T09:10:40.648511+00:00,200,295,,
2026-07-25T09:10:51.169159+00:00,200,518,,
2026-07-25T09:11:01.527156+00:00,200,356,,
2026-07-25T09:11:11.855077+00:00,200,326,,
2026-07-25T09:11:22.211157+00:00,200,350,,
2026-07-25T09:11:32.546140+00:00,200,333,,
2026-07-25T09:11:42.904111+00:00,200,354,,
2026-07-25T09:11:53.136221+00:00,200,230,,
2026-07-25T09:12:03.431261+00:00,200,294,,
2026-07-25T09:12:13.767050+00:00,200,333,,
2026-07-25T09:12:24.037814+00:00,200,268,,
2026-07-25T09:12:39.615822+00:00,200,5576,,
2026-07-25T09:12:51.461748+00:00,200,1844,,
2026-07-25T09:13:02.351855+00:00,200,888,,
2026-07-25T09:13:13.331109+00:00,200,977,,
2026-07-25T09:13:23.572402+00:00,200,239,,
2026-07-25T09:13:33.930306+00:00,200,357,,
2026-07-25T09:13:44.200109+00:00,200,268,,
2026-07-25T09:13:54.639409+00:00,200,437,,
2026-07-25T09:14:07.763585+00:00,200,3122,,
2026-07-25T09:14:18.108869+00:00,200,339,,
2026-07-25T09:14:28.538879+00:00,200,428,,
2026-07-25T09:14:38.837386+00:00,200,290,,
2026-07-25T09:14:49.041733+00:00,200,202,,
2026-07-25T09:14:59.221487+00:00,200,178,,
2026-07-25T09:15:09.408793+00:00,200,184,,
2026-07-25T09:15:20.434759+00:00,200,1016,,
2026-07-25T09:15:31.942265+00:00,200,1506,,
2026-07-25T09:15:42.242863+00:00,200,294,,
2026-07-25T09:15:52.416502+00:00,200,171,,
2026-07-25T09:16:07.686531+00:00,200,5265,,
2026-07-25T09:16:17.957852+00:00,200,269,,
2026-07-25T09:16:28.184638+00:00,200,223,,
2026-07-25T09:16:38.394793+00:00,200,206,,
2026-07-25T09:16:49.004187+00:00,200,607,,
2026-07-25T09:16:59.535103+00:00,200,529,,
2026-07-25T09:17:09.780182+00:00,200,242,,
2026-07-25T09:17:19.967709+00:00,200,185,,
2026-07-25T09:17:32.223842+00:00,200,2253,,
2026-07-25T09:17:42.517008+00:00,200,289,,
2026-07-25T09:17:52.833321+00:00,200,313,,
2026-07-25T09:18:03.028987+00:00,200,193,,
2026-07-25T09:18:13.301915+00:00,200,271,,
2026-07-25T09:18:23.501654+00:00,200,193,,
2026-07-25T09:18:33.710972+00:00,200,206,,
2026-07-25T09:18:43.995594+00:00,200,281,,
2026-07-25T09:18:54.222637+00:00,200,220,,
2026-07-25T09:19:04.451428+00:00,200,226,,
2026-07-25T09:19:14.682461+00:00,200,228,,
2026-07-25T09:19:24.901865+00:00,200,218,,
2026-07-25T09:19:35.230288+00:00,200,327,,
2026-07-25T09:19:45.520104+00:00,200,285,,
2026-07-25T09:19:55.733272+00:00,200,211,,
2026-07-25T09:20:05.987128+00:00,502,252,GatewayError,
2026-07-25T09:20:16.208641+00:00,200,219,,
2026-07-25T09:20:26.416623+00:00,200,187,,
2026-07-25T09:20:36.620696+00:00,200,201,,
2026-07-25T09:20:46.820980+00:00,200,195,,
2026-07-25T09:20:57.004037+00:00,200,181,,
2026-07-25T09:21:07.319380+00:00,200,312,,
2026-07-25T09:21:17.516840+00:00,200,192,,
2026-07-25T09:21:27.724200+00:00,200,204,,
2026-07-25T09:21:37.956262+00:00,200,227,,
2026-07-25T09:21:48.189027+00:00,200,230,,
2026-07-25T09:21:58.453140+00:00,200,262,,
2026-07-25T09:22:08.715059+00:00,200,252,,
2026-07-25T09:22:18.950655+00:00,200,233,,
2026-07-25T09:22:29.156414+00:00,200,203,,
2026-07-25T09:22:39.392382+00:00,200,234,,
2026-07-25T09:22:51.522577+00:00,200,2118,,
2026-07-25T09:23:05.977328+00:00,200,4453,,
2026-07-25T09:23:16.294706+00:00,200,313,,
2026-07-25T09:23:26.522171+00:00,200,221,,
2026-07-25T09:23:36.722244+00:00,200,197,,
2026-07-25T09:23:46.924118+00:00,200,200,,
2026-07-25T09:23:57.316668+00:00,200,387,,
2026-07-25T09:24:07.715087+00:00,200,396,,
2026-07-25T09:24:17.979360+00:00,200,262,,
2026-07-25T09:24:32.457654+00:00,200,4475,,
2026-07-25T09:24:42.878314+00:00,200,415,,
2026-07-25T09:24:53.195031+00:00,200,311,,
2026-07-25T09:25:03.555344+00:00,200,354,,
2026-07-25T09:25:28.446973+00:00,TIMEOUT,,TimeoutError,"HTTPSConnectionPool(host='socanalyst.raymundgerardestaca.dev', port=443): Read timed out. (read timeout=10)"
2026-07-25T09:25:38.970069+00:00,200,519,,
2026-07-25T09:25:49.225424+00:00,200,254,,
2026-07-25T09:25:59.668141+00:00,200,439,,
2026-07-25T09:26:10.432833+00:00,200,753,,
2026-07-25T09:26:20.729813+00:00,200,294,,
2026-07-25T09:26:31.091402+00:00,200,360,,
2026-07-25T09:26:41.395926+00:00,200,300,,
2026-07-25T09:26:51.676317+00:00,200,278,,
2026-07-25T09:27:01.976045+00:00,200,297,,
2026-07-25T09:27:12.442943+00:00,200,462,,
2026-07-25T09:27:23.290689+00:00,200,845,,
2026-07-25T09:27:35.256161+00:00,200,1954,,
2026-07-25T09:27:46.032013+00:00,200,771,,
2026-07-25T09:28:11.854359+00:00,FAILED,,ConnectionError,"('Connection aborted.', ConnectionResetError(10054, 'An existing connection was forcibly closed by the remote host', None, 10054, None))"
2026-07-25T09:28:22.382322+00:00,200,526,,
2026-07-25T09:28:32.782479+00:00,200,391,,
2026-07-25T09:28:43.133773+00:00,200,344,,
2026-07-25T09:28:53.496340+00:00,200,358,,
2026-07-25T09:29:03.793977+00:00,200,293,,
2026-07-25T09:29:14.097977+00:00,200,300,,
2026-07-25T09:29:24.488451+00:00,200,388,,
2026-07-25T09:29:34.938770+00:00,200,447,,
2026-07-25T09:29:45.266161+00:00,200,319,,
2026-07-25T09:29:55.557393+00:00,200,287,,
2026-07-25T09:30:05.843611+00:00,200,283,,
2026-07-25T09:30:16.148057+00:00,200,302,,
2026-07-25T09:30:26.432371+00:00,200,277,,
2026-07-25T09:30:36.725393+00:00,200,290,,
2026-07-25T09:30:46.937843+00:00,200,209,,
2026-07-25T09:30:57.185349+00:00,200,246,,
2026-07-25T09:31:07.567287+00:00,200,380,,
2026-07-25T09:31:17.934259+00:00,200,364,,
2026-07-25T09:31:28.123329+00:00,200,186,,
2026-07-25T09:31:38.964667+00:00,200,837,,
2026-07-25T09:31:49.221990+00:00,200,255,,
2026-07-25T09:31:59.486296+00:00,200,258,,
2026-07-25T09:32:09.730624+00:00,200,241,,
2026-07-25T09:32:19.998252+00:00,200,264,,
2026-07-25T09:32:30.213241+00:00,200,213,,
2026-07-25T09:32:40.401471+00:00,200,185,,
2026-07-25T09:32:50.669318+00:00,200,266,,
2026-07-25T09:33:00.914963+00:00,200,242,,
2026-07-25T09:33:11.102307+00:00,200,184,,
2026-07-25T09:33:21.345489+00:00,200,241,,
2026-07-25T09:33:31.547632+00:00,200,200,,
2026-07-25T09:33:41.746741+00:00,200,197,,
2026-07-25T09:33:51.935828+00:00,200,186,,
2026-07-25T09:34:02.109203+00:00,200,171,,
2026-07-25T09:34:12.326132+00:00,200,215,,
2026-07-25T09:34:22.590603+00:00,200,263,,
2026-07-25T09:34:32.817586+00:00,200,223,,
2026-07-25T09:34:43.060639+00:00,200,241,,
2026-07-25T09:34:53.579956+00:00,200,512,,
2026-07-25T09:35:03.830281+00:00,200,246,,
2026-07-25T09:35:14.106265+00:00,200,274,,
2026-07-25T09:35:24.319803+00:00,200,210,,
2026-07-25T09:35:34.496494+00:00,200,172,,
2026-07-25T09:35:44.761027+00:00,200,262,,
2026-07-25T09:35:54.964754+00:00,200,190,,
2026-07-25T09:36:05.228181+00:00,200,249,,
2026-07-25T09:36:15.435595+00:00,200,201,,
2026-07-25T09:36:25.652696+00:00,200,214,,
2026-07-25T09:36:35.835881+00:00,200,180,,
2026-07-25T09:36:46.018415+00:00,200,180,,
2026-07-25T09:36:56.288083+00:00,200,267,,
2026-07-25T09:37:06.535965+00:00,200,244,,
2026-07-25T09:37:16.808384+00:00,200,269,,
2026-07-25T09:37:27.099142+00:00,200,283,,
2026-07-25T09:37:37.296675+00:00,200,194,,
2026-07-25T09:37:47.499354+00:00,200,200,,
2026-07-25T09:37:57.777723+00:00,200,273,,
2026-07-25T09:38:07.997109+00:00,200,214,,
2026-07-25T09:38:18.199008+00:00,200,198,,
2026-07-25T09:38:28.396577+00:00,200,194,,
2026-07-25T09:38:38.634155+00:00,200,226,,
2026-07-25T09:38:48.860817+00:00,200,220,,
2026-07-25T09:38:59.116192+00:00,200,252,,
2026-07-25T09:39:09.369319+00:00,200,249,,
2026-07-25T09:39:19.617767+00:00,200,244,,
2026-07-25T09:39:29.859718+00:00,200,239,,
2026-07-25T09:39:40.120716+00:00,200,256,,
2026-07-25T09:39:50.404175+00:00,200,275,,
2026-07-25T09:40:00.851527+00:00,200,442,,
2026-07-25T09:40:11.168708+00:00,200,313,,
2026-07-25T09:40:21.642469+00:00,200,471,,
2026-07-25T09:40:32.302789+00:00,200,658,,
2026-07-25T09:40:48.510689+00:00,FAILED,,ConnectionError,"('Connection aborted.', ConnectionResetError(10054, 'An existing connection was forcibly closed by the remote host', None, 10054, None))"
2026-07-25T09:40:58.784042+00:00,200,270,,
2026-07-25T09:41:15.076850+00:00,200,6290,,
2026-07-25T09:41:34.694490+00:00,200,9616,,
2026-07-25T09:41:45.049153+00:00,200,352,,
2026-07-25T09:41:55.439330+00:00,200,386,,
2026-07-25T09:42:05.824185+00:00,200,377,,
2026-07-25T09:42:16.071221+00:00,200,244,,
2026-07-25T09:42:26.336445+00:00,200,259,,
2026-07-25T09:42:36.641727+00:00,200,302,,
2026-07-25T09:42:46.986237+00:00,200,343,,
2026-07-25T09:42:57.728404+00:00,200,736,,
2026-07-25T09:43:12.895007+00:00,200,5161,,
2026-07-25T09:43:32.426816+00:00,FAILED,,ConnectionError,"('Connection aborted.', ConnectionResetError(10054, 'An existing connection was forcibly closed by the remote host', None, 10054, None))"
2026-07-25T09:44:02.454250+00:00,TIMEOUT,,TimeoutError,"HTTPSConnectionPool(host='socanalyst.raymundgerardestaca.dev', port=443): Max retries exceeded with url: /health (Caused by ConnectTimeoutError(<urllib3.connection.HTTPSConnection object at 0x00000221A3BD8690>, 'Connection to socanalyst.raymundgerardestaca.dev timed out. (connect timeout=10)'))"
2026-07-25T09:44:15.997155+00:00,502,3537,GatewayError,
2026-07-25T09:44:29.191235+00:00,502,3186,GatewayError,
2026-07-25T09:44:39.636367+00:00,200,442,,
2026-07-25T09:44:49.896437+00:00,200,257,,
2026-07-25T09:45:01.070929+00:00,200,1171,,
2026-07-25T09:45:11.356216+00:00,200,279,,
2026-07-25T09:45:21.590242+00:00,200,231,,
2026-07-25T09:45:31.826459+00:00,200,233,,
2026-07-25T09:45:42.004139+00:00,200,175,,
2026-07-25T09:45:52.215128+00:00,200,209,,
2026-07-25T09:46:02.449487+00:00,200,232,,
2026-07-25T09:46:12.709829+00:00,200,258,,
2026-07-25T09:46:22.929389+00:00,200,217,,
2026-07-25T09:46:33.113120+00:00,200,181,,
2026-07-25T09:46:43.296206+00:00,200,180,,
2026-07-25T09:46:53.722388+00:00,200,422,,
2026-07-25T09:47:03.931504+00:00,200,206,,
2026-07-25T09:47:14.244319+00:00,200,311,,
2026-07-25T09:47:24.911341+00:00,200,665,,
2026-07-25T09:47:35.202059+00:00,200,288,,
2026-07-25T09:47:45.384217+00:00,200,181,,
2026-07-25T09:47:56.895705+00:00,200,1510,,
2026-07-25T09:48:07.133923+00:00,200,236,,
2026-07-25T09:48:17.584322+00:00,200,440,,
2026-07-25T09:48:27.812444+00:00,200,226,,
2026-07-25T09:48:38.035711+00:00,200,221,,
2026-07-25T09:48:48.204056+00:00,200,163,,
2026-07-25T09:48:58.477878+00:00,200,272,,
2026-07-25T09:49:08.698646+00:00,200,218,,
2026-07-25T09:49:18.888359+00:00,200,187,,
2026-07-25T09:49:29.117460+00:00,200,225,,
2026-07-25T09:49:39.338267+00:00,200,218,,
2026-07-25T09:49:49.677042+00:00,200,336,,
2026-07-25T09:49:59.921870+00:00,200,240,,
2026-07-25T09:50:10.143736+00:00,200,219,,
2026-07-25T09:50:20.360478+00:00,200,213,,
2026-07-25T09:50:30.645664+00:00,200,283,,
2026-07-25T09:50:40.950064+00:00,200,297,,
2026-07-25T09:50:51.285260+00:00,200,331,,
2026-07-25T09:51:01.458851+00:00,200,171,,
2026-07-25T09:51:12.049979+00:00,200,588,,
2026-07-25T09:51:22.750886+00:00,200,698,,
2026-07-25T09:51:33.054826+00:00,200,302,,
2026-07-25T09:51:43.368467+00:00,200,309,,
2026-07-25T09:51:53.736578+00:00,200,360,,
2026-07-25T09:52:03.951340+00:00,200,211,,
2026-07-25T09:52:14.301544+00:00,200,348,,
2026-07-25T09:52:24.515003+00:00,200,211,,
2026-07-25T09:52:34.723153+00:00,200,206,,
2026-07-25T09:52:45.955143+00:00,404,1227,HTTPError,
2026-07-25T09:52:56.316188+00:00,200,359,,
2026-07-25T09:53:06.674571+00:00,200,356,,
2026-07-25T09:53:16.959119+00:00,200,280,,
2026-07-25T09:53:27.323564+00:00,200,351,,
2026-07-25T09:53:37.606542+00:00,200,274,,
2026-07-25T09:53:47.933472+00:00,200,325,,
2026-07-25T09:53:58.168823+00:00,200,222,,
2026-07-25T09:54:08.458374+00:00,200,282,,
2026-07-25T09:54:18.702693+00:00,200,239,,
2026-07-25T09:54:29.002093+00:00,200,296,,
2026-07-25T09:54:39.362802+00:00,200,357,,
2026-07-25T09:54:50.248193+00:00,200,878,,
2026-07-25T09:55:00.590858+00:00,200,338,,
2026-07-25T09:55:11.011642+00:00,200,416,,
2026-07-25T09:55:21.759747+00:00,200,744,,
2026-07-25T09:55:32.065082+00:00,200,299,,
2026-07-25T09:55:42.471581+00:00,200,403,,
2026-07-25T09:55:52.758607+00:00,200,284,,
2026-07-25T09:56:03.125984+00:00,200,365,,
2026-07-25T09:56:13.536311+00:00,200,408,,
2026-07-25T09:56:23.925375+00:00,200,382,,
2026-07-25T09:56:34.262855+00:00,200,335,,
2026-07-25T09:56:44.715656+00:00,200,444,,
2026-07-25T09:56:55.076157+00:00,200,354,,
2026-07-25T09:57:05.347136+00:00,200,269,,
2026-07-25T09:57:15.709671+00:00,200,356,,
2026-07-25T09:57:26.023521+00:00,200,310,,
2026-07-25T09:57:36.421009+00:00,200,392,,
2026-07-25T09:57:46.903530+00:00,200,478,,
2026-07-25T09:57:57.291870+00:00,200,387,,
2026-07-25T09:58:07.630921+00:00,200,331,,
2026-07-25T09:58:17.978083+00:00,200,344,,
2026-07-25T09:58:28.285290+00:00,200,294,,
2026-07-25T09:58:38.583212+00:00,200,296,,
2026-07-25T09:58:48.824675+00:00,200,240,,
2026-07-25T09:58:59.145703+00:00,200,319,,
2026-07-25T09:59:09.424729+00:00,200,274,,
2026-07-25T09:59:19.996756+00:00,200,570,,
2026-07-25T09:59:30.232381+00:00,200,233,,
2026-07-25T09:59:40.593752+00:00,200,359,,
2026-07-25T09:59:50.855885+00:00,200,260,,
2026-07-25T10:00:01.172478+00:00,404,313,HTTPError,
2026-07-25T10:00:11.464129+00:00,200,286,,
2026-07-25T10:00:21.749556+00:00,200,283,,
2026-07-25T10:00:32.030744+00:00,200,278,,
2026-07-25T10:00:42.258340+00:00,200,225,,
2026-07-25T10:00:52.433489+00:00,200,173,,
2026-07-25T10:01:02.634203+00:00,200,198,,
2026-07-25T10:01:12.841086+00:00,200,202,,
2026-07-25T10:01:23.010720+00:00,200,168,,
2026-07-25T10:01:33.187306+00:00,200,174,,
2026-07-25T10:01:43.425265+00:00,200,235,,
2026-07-25T10:01:53.616427+00:00,200,188,,
2026-07-25T10:02:03.818503+00:00,200,200,,
2026-07-25T10:02:14.107838+00:00,200,287,,
2026-07-25T10:02:24.289171+00:00,200,179,,
2026-07-25T10:02:34.517364+00:00,200,226,,
2026-07-25T10:02:44.730848+00:00,200,212,,
2026-07-25T10:02:55.059292+00:00,200,327,,
2026-07-25T10:03:05.277564+00:00,200,216,,
2026-07-25T10:03:15.645633+00:00,200,365,,
2026-07-25T10:03:25.967944+00:00,200,320,,
2026-07-25T10:03:51.086574+00:00,200,15114,,
2026-07-25T10:04:01.298640+00:00,200,210,,
2026-07-25T10:04:14.590130+00:00,200,3290,,
2026-07-25T10:04:25.025171+00:00,200,429,,
2026-07-25T10:04:35.465888+00:00,200,435,,
2026-07-25T10:04:45.699816+00:00,200,223,,
2026-07-25T10:04:56.220663+00:00,200,519,,
2026-07-25T10:05:09.391070+00:00,502,3169,GatewayError,
2026-07-25T10:05:22.778423+00:00,502,3385,GatewayError,
2026-07-25T10:05:37.288971+00:00,502,4503,GatewayError,
2026-07-25T10:05:50.424673+00:00,502,3132,GatewayError,
2026-07-25T10:06:00.617120+00:00,200,189,,
2026-07-25T10:06:10.855365+00:00,200,234,,
2026-07-25T10:06:21.067272+00:00,200,208,,
2026-07-25T10:06:31.422164+00:00,200,353,,
2026-07-25T10:06:41.631574+00:00,200,206,,
2026-07-25T10:06:51.889396+00:00,200,238,,
2026-07-25T10:07:02.152229+00:00,200,257,,
2026-07-25T10:07:12.737521+00:00,200,583,,
2026-07-25T10:07:23.390803+00:00,200,650,,
2026-07-25T10:07:33.769302+00:00,200,374,,
2026-07-25T10:07:44.215955+00:00,200,445,,
2026-07-25T10:07:54.980540+00:00,200,762,,
2026-07-25T10:08:20.248439+00:00,TIMEOUT,,TimeoutError,"HTTPSConnectionPool(host='socanalyst.raymundgerardestaca.dev', port=443): Read timed out. (read timeout=10)"
2026-07-25T10:08:36.498599+00:00,200,6246,,
2026-07-25T10:08:47.036065+00:00,200,535,,
2026-07-25T10:08:58.392646+00:00,200,1352,,
2026-07-25T10:09:11.656554+00:00,200,3261,,
2026-07-25T10:09:22.012798+00:00,200,353,,
2026-07-25T10:09:35.521328+00:00,200,3505,,
2026-07-25T10:09:49.553953+00:00,200,4030,,
2026-07-25T10:09:59.987017+00:00,200,429,,
2026-07-25T10:10:10.393783+00:00,200,404,,
2026-07-25T10:10:20.805004+00:00,200,409,,
2026-07-25T10:10:31.143228+00:00,200,335,,
2026-07-25T10:10:41.603753+00:00,200,456,,
2026-07-25T10:10:51.865666+00:00,200,256,,
2026-07-25T10:11:02.199927+00:00,200,332,,
2026-07-25T10:11:12.471338+00:00,200,270,,
2026-07-25T10:11:22.787365+00:00,200,310,,
2026-07-25T10:11:33.169234+00:00,200,380,,
2026-07-25T10:11:43.473192+00:00,200,301,,
2026-07-25T10:11:53.757407+00:00,200,274,,
2026-07-25T10:12:03.987310+00:00,200,228,,
2026-07-25T10:12:14.240733+00:00,200,252,,
2026-07-25T10:12:24.500604+00:00,200,258,,
2026-07-25T10:12:34.745447+00:00,200,243,,
2026-07-25T10:12:44.989617+00:00,200,242,,
2026-07-25T10:12:55.309751+00:00,200,317,,
2026-07-25T10:13:05.597032+00:00,200,285,,
2026-07-25T10:13:15.885824+00:00,200,286,,
2026-07-25T10:13:26.391992+00:00,200,504,,
2026-07-25T10:13:37.945587+00:00,200,1551,,
2026-07-25T10:13:48.225451+00:00,200,276,,
2026-07-25T10:13:58.507970+00:00,200,276,,
2026-07-25T10:14:08.795296+00:00,200,283,,
2026-07-25T10:14:19.119487+00:00,200,321,,
2026-07-25T10:14:29.429743+00:00,200,302,,
2026-07-25T10:14:39.697108+00:00,200,260,,
2026-07-25T10:14:50.090177+00:00,200,391,,
2026-07-25T10:15:00.426204+00:00,200,334,,
2026-07-25T10:15:10.760291+00:00,200,326,,
2026-07-25T10:15:21.088901+00:00,200,327,,
2026-07-25T10:15:31.341628+00:00,200,251,,
2026-07-25T10:15:41.560252+00:00,200,216,,
2026-07-25T10:15:51.977134+00:00,200,415,,
2026-07-25T10:16:02.335866+00:00,200,355,,
2026-07-25T10:16:12.646406+00:00,200,308,,
2026-07-25T10:16:23.399763+00:00,200,751,,
2026-07-25T10:16:33.842946+00:00,200,439,,
2026-07-25T10:16:44.442728+00:00,200,594,,
2026-07-25T10:16:54.788174+00:00,502,340,GatewayError,
2026-07-25T10:17:05.109062+00:00,200,319,,
2026-07-25T10:17:15.562857+00:00,200,432,,
2026-07-25T10:17:26.118398+00:00,200,553,,
2026-07-25T10:17:36.655493+00:00,200,534,,
2026-07-25T10:17:47.171792+00:00,200,514,,
2026-07-25T10:17:57.507976+00:00,200,329,,
2026-07-25T10:18:07.800936+00:00,200,291,,
2026-07-25T10:18:18.226758+00:00,200,424,,
2026-07-25T10:18:28.921221+00:00,200,692,,
2026-07-25T10:18:39.535597+00:00,200,613,,
2026-07-25T10:18:50.067929+00:00,200,514,,
2026-07-25T10:19:00.325415+00:00,200,255,,
2026-07-25T10:19:10.608139+00:00,200,281,,
2026-07-25T10:19:20.892869+00:00,200,283,,
2026-07-25T10:19:31.306745+00:00,200,412,,
2026-07-25T10:19:41.574508+00:00,200,265,,
2026-07-25T10:19:51.876140+00:00,200,299,,
2026-07-25T10:20:02.224233+00:00,200,339,,
2026-07-25T10:20:12.523761+00:00,200,296,,
2026-07-25T10:20:22.773464+00:00,200,246,,
2026-07-25T10:20:33.777401+00:00,200,1002,,
2026-07-25T10:20:44.140206+00:00,200,362,,
2026-07-25T10:20:54.568737+00:00,200,426,,
2026-07-25T10:21:04.900284+00:00,200,327,,
2026-07-25T10:21:15.214091+00:00,200,311,,
2026-07-25T10:21:25.561574+00:00,502,343,GatewayError,
2026-07-25T10:21:35.852023+00:00,200,288,,
2026-07-25T10:21:46.190701+00:00,200,337,,
2026-07-25T10:21:56.491229+00:00,200,280,,
2026-07-25T10:22:06.764918+00:00,200,272,,
2026-07-25T10:22:17.114937+00:00,200,347,,
2026-07-25T10:22:27.406119+00:00,200,287,,
2026-07-25T10:22:37.766414+00:00,200,355,,
2026-07-25T10:22:48.181754+00:00,200,412,,
2026-07-25T10:22:58.521316+00:00,200,332,,
2026-07-25T10:23:08.862469+00:00,200,338,,
2026-07-25T10:23:19.156734+00:00,200,291,,
2026-07-25T10:23:29.494665+00:00,200,336,,
2026-07-25T10:23:40.061771+00:00,200,565,,
2026-07-25T10:23:50.407937+00:00,200,341,,
2026-07-25T10:24:00.748026+00:00,200,337,,
2026-07-25T10:24:11.041121+00:00,200,288,,
2026-07-25T10:24:21.349365+00:00,200,306,,
2026-07-25T10:24:31.654627+00:00,200,296,,
2026-07-25T10:24:41.949175+00:00,200,290,,
2026-07-25T10:24:52.268260+00:00,200,316,,
2026-07-25T10:25:02.553268+00:00,200,279,,
2026-07-25T10:25:12.942601+00:00,200,383,,
2026-07-25T10:25:23.286758+00:00,200,342,,
2026-07-25T10:25:33.612817+00:00,200,322,,
2026-07-25T10:25:44.078651+00:00,200,463,,
2026-07-25T10:25:54.366959+00:00,200,286,,
2026-07-25T10:26:04.686515+00:00,200,317,,
2026-07-25T10:26:15.034105+00:00,200,345,,
2026-07-25T10:26:25.352420+00:00,200,315,,
2026-07-25T10:26:35.669704+00:00,200,315,,
2026-07-25T10:26:46.028297+00:00,200,347,,
2026-07-25T10:26:56.359649+00:00,200,325,,
2026-07-25T10:27:06.677579+00:00,200,316,,
2026-07-25T10:27:16.943696+00:00,200,264,,
2026-07-25T10:27:27.208568+00:00,200,263,,
2026-07-25T10:27:37.591501+00:00,200,377,,
2026-07-25T10:27:47.905386+00:00,200,310,,
2026-07-25T10:27:58.194412+00:00,200,287,,
2026-07-25T10:28:08.469532+00:00,200,271,,
2026-07-25T10:28:19.028365+00:00,200,556,,
2026-07-25T10:28:29.302575+00:00,200,272,,
2026-07-25T10:28:39.665811+00:00,200,360,,
2026-07-25T10:28:49.956030+00:00,200,284,,
2026-07-25T10:29:00.230392+00:00,200,271,,
2026-07-25T10:29:10.485955+00:00,200,252,,
2026-07-25T10:29:20.741974+00:00,200,254,,
2026-07-25T10:29:30.995935+00:00,200,252,,
2026-07-25T10:29:41.313742+00:00,200,313,,
2026-07-25T10:29:51.578206+00:00,200,263,,
2026-07-25T10:30:01.836236+00:00,200,254,,
2026-07-25T10:30:12.155717+00:00,200,316,,
2026-07-25T10:30:22.504219+00:00,200,346,,
2026-07-25T10:30:32.845055+00:00,200,338,,
2026-07-25T10:30:43.099181+00:00,200,250,,
2026-07-25T10:30:53.447709+00:00,200,345,,
2026-07-25T10:31:03.735170+00:00,200,285,,
2026-07-25T10:31:13.945152+00:00,200,207,,
2026-07-25T10:31:24.162551+00:00,200,211,,
2026-07-25T10:31:34.337827+00:00,200,172,,
2026-07-25T10:31:44.620205+00:00,200,277,,
2026-07-25T10:31:54.898441+00:00,200,276,,
2026-07-25T10:32:05.158463+00:00,200,257,,
2026-07-25T10:32:15.338255+00:00,200,178,,
2026-07-25T10:32:25.547189+00:00,200,207,,
2026-07-25T10:32:35.796648+00:00,200,244,,
2026-07-25T10:32:46.036061+00:00,200,236,,
2026-07-25T10:32:56.215551+00:00,200,177,,
2026-07-25T10:33:06.452404+00:00,200,235,,
2026-07-25T10:33:16.755075+00:00,200,294,,
2026-07-25T10:33:26.960679+00:00,200,198,,
2026-07-25T10:33:37.177442+00:00,200,209,,
2026-07-25T10:33:47.486384+00:00,200,300,,
2026-07-25T10:33:57.763885+00:00,200,271,,
2026-07-25T10:34:08.020106+00:00,200,250,,
2026-07-25T10:34:18.279979+00:00,200,256,,
2026-07-25T10:34:28.469412+00:00,200,185,,
2026-07-25T10:34:38.681018+00:00,200,205,,
2026-07-25T10:34:48.911632+00:00,200,227,,
2026-07-25T10:34:59.136376+00:00,200,222,,
2026-07-25T10:35:09.402773+00:00,200,261,,
2026-07-25T10:35:19.688857+00:00,200,280,,
2026-07-25T10:35:29.894394+00:00,200,200,,
2026-07-25T10:35:40.189351+00:00,200,291,,
2026-07-25T10:35:50.386152+00:00,200,194,,
2026-07-25T10:36:00.650852+00:00,200,261,,
2026-07-25T10:36:10.831855+00:00,200,178,,
2026-07-25T10:36:21.322670+00:00,200,485,,
2026-07-25T10:36:31.512268+00:00,200,185,,
2026-07-25T10:36:41.758241+00:00,200,242,,
2026-07-25T10:36:52.036150+00:00,200,275,,
2026-07-25T10:37:02.395084+00:00,200,356,,
2026-07-25T10:37:12.828401+00:00,200,427,,
2026-07-25T10:37:23.414902+00:00,200,583,,
2026-07-25T10:37:33.666957+00:00,200,247,,
2026-07-25T10:37:43.857594+00:00,200,188,,
2026-07-25T10:37:54.089015+00:00,200,229,,
2026-07-25T10:38:04.313760+00:00,200,222,,
2026-07-25T10:38:14.657372+00:00,200,341,,
2026-07-25T10:38:24.895853+00:00,200,233,,
2026-07-25T10:38:35.120874+00:00,200,223,,
2026-07-25T10:38:45.318363+00:00,200,195,,
2026-07-25T10:38:55.545072+00:00,200,224,,
2026-07-25T10:39:05.776502+00:00,200,228,,
2026-07-25T10:39:15.950050+00:00,200,172,,
2026-07-25T10:39:26.148340+00:00,200,196,,
2026-07-25T10:39:36.427341+00:00,200,278,,
2026-07-25T10:39:46.677806+00:00,200,248,,
2026-07-25T10:39:56.894640+00:00,200,216,,
2026-07-25T10:40:07.075705+00:00,200,179,,
2026-07-25T10:40:17.291428+00:00,200,214,,
2026-07-25T10:40:27.561386+00:00,200,268,,
2026-07-25T10:40:37.744642+00:00,200,180,,
2026-07-25T10:40:47.926544+00:00,200,179,,
2026-07-25T10:40:58.115072+00:00,200,186,,
2026-07-25T10:41:08.361783+00:00,200,241,,
2026-07-25T10:41:18.588456+00:00,200,224,,
2026-07-25T10:41:28.914973+00:00,200,324,,
2026-07-25T10:41:39.113428+00:00,200,189,,
2026-07-25T10:41:49.348672+00:00,200,233,,
2026-07-25T10:42:00.084248+00:00,200,725,,
2026-07-25T10:42:10.414098+00:00,200,327,,
2026-07-25T10:42:21.645982+00:00,200,1227,,
2026-07-25T10:42:33.865806+00:00,200,2213,,
2026-07-25T10:42:44.167686+00:00,200,300,,
2026-07-25T10:42:55.345200+00:00,200,1173,,
2026-07-25T10:43:05.654583+00:00,200,304,,
2026-07-25T10:43:15.862675+00:00,200,203,,
2026-07-25T10:43:26.028323+00:00,200,163,,
2026-07-25T10:43:36.197068+00:00,200,167,,
2026-07-25T10:43:46.624423+00:00,200,426,,
2026-07-25T10:43:56.956010+00:00,502,328,GatewayError,
2026-07-25T10:44:07.232199+00:00,200,273,,
2026-07-25T10:44:17.401969+00:00,200,164,,
2026-07-25T10:44:27.650220+00:00,200,246,,
2026-07-25T10:44:37.912801+00:00,200,257,,
2026-07-25T10:44:48.219692+00:00,200,303,,
2026-07-25T10:44:58.422136+00:00,200,199,,
2026-07-25T10:45:08.733224+00:00,200,309,,
2026-07-25T10:45:18.891918+00:00,200,157,,
2026-07-25T10:45:29.158434+00:00,200,265,,
2026-07-25T10:45:39.332074+00:00,200,172,,
2026-07-25T10:45:49.640106+00:00,200,305,,
2026-07-25T10:45:59.866748+00:00,200,225,,
2026-07-25T10:46:10.070586+00:00,200,201,,
2026-07-25T10:46:20.230378+00:00,200,158,,
2026-07-25T10:46:30.606943+00:00,200,375,,
2026-07-25T10:46:40.879278+00:00,200,271,,
2026-07-25T10:46:51.129818+00:00,200,248,,
2026-07-25T10:47:01.454668+00:00,200,323,,
2026-07-25T10:47:11.723411+00:00,200,266,,
2026-07-25T10:47:22.314648+00:00,200,589,,
2026-07-25T10:47:32.630445+00:00,200,313,,
2026-07-25T10:47:43.050087+00:00,200,417,,
2026-07-25T10:47:53.733044+00:00,200,681,,
2026-07-25T10:48:04.085186+00:00,200,350,,
2026-07-25T10:48:14.377912+00:00,200,288,,
2026-07-25T10:48:24.743289+00:00,200,357,,
2026-07-25T10:48:35.043643+00:00,200,297,,
2026-07-25T10:48:45.331028+00:00,200,281,,
2026-07-25T10:48:55.699817+00:00,200,367,,
2026-07-25T10:49:09.531365+00:00,200,3829,,
2026-07-25T10:49:19.905355+00:00,200,366,,
2026-07-25T10:49:30.200167+00:00,200,293,,
2026-07-25T10:49:40.661328+00:00,200,456,,
2026-07-25T10:49:51.019121+00:00,200,353,,
2026-07-25T10:50:01.341484+00:00,200,317,,
2026-07-25T10:50:11.671350+00:00,200,327,,
2026-07-25T10:50:21.936882+00:00,200,263,,
2026-07-25T10:50:32.212922+00:00,200,271,,
2026-07-25T10:50:42.483063+00:00,200,268,,
2026-07-25T10:50:52.779924+00:00,200,291,,
2026-07-25T10:51:03.261912+00:00,200,480,,
2026-07-25T10:51:13.565021+00:00,200,301,,
2026-07-25T10:51:23.853073+00:00,200,286,,
2026-07-25T10:51:34.273478+00:00,502,415,GatewayError,
2026-07-25T10:51:44.593623+00:00,200,318,,
2026-07-25T10:51:54.948999+00:00,200,351,,
2026-07-25T10:52:05.365136+00:00,200,413,,
2026-07-25T10:52:15.616792+00:00,200,244,,
2026-07-25T10:52:25.931035+00:00,200,312,,
2026-07-25T10:52:36.148991+00:00,200,217,,
2026-07-25T10:52:46.388481+00:00,200,238,,
2026-07-25T10:52:56.658421+00:00,200,265,,
2026-07-25T10:53:07.012982+00:00,200,351,,
2026-07-25T10:53:17.342853+00:00,200,325,,
2026-07-25T10:53:27.974575+00:00,200,627,,
2026-07-25T10:53:38.311418+00:00,200,334,,
2026-07-25T10:53:48.580926+00:00,200,266,,
2026-07-25T10:54:01.537772+00:00,200,2954,,
2026-07-25T10:54:11.745796+00:00,200,203,,
2026-07-25T10:54:22.044204+00:00,200,293,,
2026-07-25T10:54:32.599924+00:00,200,553,,
2026-07-25T10:54:42.954651+00:00,200,349,,
2026-07-25T10:54:53.239754+00:00,200,276,,
2026-07-25T10:55:03.453573+00:00,200,211,,
2026-07-25T10:55:13.679501+00:00,200,219,,
2026-07-25T10:55:24.157957+00:00,200,476,,
2026-07-25T10:55:34.376984+00:00,200,217,,
2026-07-25T10:55:44.563768+00:00,200,184,,
2026-07-25T10:55:54.930775+00:00,200,364,,
2026-07-25T10:56:05.158656+00:00,200,226,,
2026-07-25T10:56:15.408307+00:00,200,247,,
2026-07-25T10:56:25.700367+00:00,200,290,,
2026-07-25T10:56:35.979111+00:00,200,276,,
2026-07-25T10:56:46.192156+00:00,200,212,,
2026-07-25T10:56:56.575772+00:00,200,382,,
2026-07-25T10:57:07.356827+00:00,200,779,,
2026-07-25T10:57:17.561129+00:00,200,202,,
2026-07-25T10:57:27.764229+00:00,200,200,,
2026-07-25T10:57:37.967812+00:00,200,202,,
2026-07-25T10:57:48.125843+00:00,200,156,,
2026-07-25T10:57:58.349431+00:00,200,221,,
2026-07-25T10:58:08.518041+00:00,200,166,,
2026-07-25T10:58:18.677345+00:00,200,157,,
2026-07-25T10:58:28.860953+00:00,200,182,,
2026-07-25T10:58:39.101243+00:00,200,239,,
2026-07-25T10:58:49.312592+00:00,200,209,,
2026-07-25T10:58:59.519160+00:00,200,204,,
2026-07-25T10:59:09.694347+00:00,200,172,,
2026-07-25T10:59:19.895822+00:00,200,200,,
2026-07-25T10:59:30.124763+00:00,200,227,,
2026-07-25T10:59:40.359261+00:00,200,233,,
2026-07-25T10:59:50.563984+00:00,200,203,,
2026-07-25T11:00:00.765896+00:00,200,200,,
2026-07-25T11:00:10.954773+00:00,200,187,,
2026-07-25T11:00:21.195114+00:00,200,238,,
2026-07-25T11:00:31.444741+00:00,200,248,,
2026-07-25T11:00:41.673702+00:00,200,226,,
2026-07-25T11:00:51.858703+00:00,200,183,,
2026-07-25T11:01:02.068504+00:00,200,207,,
2026-07-25T11:01:12.264476+00:00,200,193,,
2026-07-25T11:01:22.605648+00:00,200,339,,
2026-07-25T11:01:32.839964+00:00,200,232,,
2026-07-25T11:01:43.088979+00:00,200,247,,
2026-07-25T11:01:53.312112+00:00,200,221,,
2026-07-25T11:02:03.594367+00:00,200,280,,
2026-07-25T11:02:13.887912+00:00,200,291,,
2026-07-25T11:02:24.160310+00:00,200,267,,
2026-07-25T11:02:34.317807+00:00,200,154,,
2026-07-25T11:02:44.527002+00:00,200,207,,
2026-07-25T11:02:54.773821+00:00,200,244,,
2026-07-25T11:03:04.985456+00:00,200,208,,
2026-07-25T11:03:15.298150+00:00,200,309,,
2026-07-25T11:03:25.500601+00:00,200,197,,
2026-07-25T11:03:35.706411+00:00,200,200,,
2026-07-25T11:03:45.992424+00:00,200,284,,
2026-07-25T11:03:56.527539+00:00,200,532,,
2026-07-25T11:04:06.751124+00:00,200,220,,
2026-07-25T11:04:17.042612+00:00,200,288,,
2026-07-25T11:04:27.822097+00:00,200,775,,
2026-07-25T11:04:38.990176+00:00,200,1166,,
2026-07-25T11:04:50.057346+00:00,200,1065,,
2026-07-25T11:05:00.242555+00:00,200,184,,
2026-07-25T11:05:10.597993+00:00,200,354,,
2026-07-25T11:05:20.911962+00:00,200,307,,
2026-07-25T11:05:31.162258+00:00,200,248,,
2026-07-25T11:05:41.446712+00:00,200,281,,
2026-07-25T11:05:51.696931+00:00,200,248,,
2026-07-25T11:06:01.979732+00:00,200,281,,
2026-07-25T11:06:12.227012+00:00,200,242,,
2026-07-25T11:06:22.495739+00:00,200,263,,
2026-07-25T11:06:32.708557+00:00,200,207,,
2026-07-25T11:06:42.911294+00:00,200,201,,
2026-07-25T11:06:53.179910+00:00,200,266,,
2026-07-25T11:07:03.455172+00:00,200,269,,
2026-07-25T11:07:13.658295+00:00,200,197,,
2026-07-25T11:07:23.838102+00:00,200,177,,
2026-07-25T11:07:34.079792+00:00,200,238,,
2026-07-25T11:07:44.258281+00:00,200,177,,
2026-07-25T11:07:54.500730+00:00,200,241,,
2026-07-25T11:08:04.689131+00:00,200,186,,
2026-07-25T11:08:15.001776+00:00,200,303,,
2026-07-25T11:08:25.208531+00:00,200,200,,
2026-07-25T11:08:35.390138+00:00,200,179,,
2026-07-25T11:08:45.593437+00:00,200,201,,
2026-07-25T11:08:55.849901+00:00,200,255,,
2026-07-25T11:09:06.053626+00:00,200,201,,
2026-07-25T11:09:16.254504+00:00,200,199,,
2026-07-25T11:09:26.470885+00:00,200,214,,
2026-07-25T11:09:36.714044+00:00,200,241,,
2026-07-25T11:09:46.970832+00:00,200,254,,
2026-07-25T11:09:57.249636+00:00,200,276,,
2026-07-25T11:10:07.544216+00:00,200,289,,
2026-07-25T11:10:17.842812+00:00,200,295,,
2026-07-25T11:10:28.071907+00:00,200,222,,
2026-07-25T11:10:38.341087+00:00,200,265,,
2026-07-25T11:10:48.642758+00:00,200,297,,
2026-07-25T11:10:58.822918+00:00,200,177,,
2026-07-25T11:11:08.992135+00:00,200,167,,
2026-07-25T11:11:19.149445+00:00,200,155,,
2026-07-25T11:11:29.346093+00:00,200,195,,
2026-07-25T11:11:39.741304+00:00,200,393,,
2026-07-25T11:11:49.943559+00:00,200,200,,
2026-07-25T11:12:00.173841+00:00,200,228,,
2026-07-25T11:12:10.385176+00:00,200,209,,
2026-07-25T11:12:20.592704+00:00,200,205,,
2026-07-25T11:12:30.808591+00:00,200,213,,
2026-07-25T11:12:40.997706+00:00,200,185,,
2026-07-25T11:12:51.286946+00:00,200,287,,
2026-07-25T11:13:01.806201+00:00,200,515,,
2026-07-25T11:13:12.086093+00:00,200,275,,
2026-07-25T11:13:22.378439+00:00,200,288,,
2026-07-25T11:13:32.579584+00:00,200,197,,
2026-07-25T11:13:42.832680+00:00,200,250,,
2026-07-25T11:13:53.056295+00:00,200,220,,
2026-07-25T11:14:03.276301+00:00,200,216,,
2026-07-25T11:14:13.584512+00:00,200,305,,
2026-07-25T11:14:23.828752+00:00,200,242,,
2026-07-25T11:14:34.024055+00:00,200,190,,
2026-07-25T11:14:44.258080+00:00,200,232,,
2026-07-25T11:14:54.510244+00:00,200,249,,
2026-07-25T11:15:04.709777+00:00,200,194,,
2026-07-25T11:15:14.912346+00:00,200,201,,
2026-07-25T11:15:25.129455+00:00,200,215,,
2026-07-25T11:15:35.413980+00:00,200,282,,
2026-07-25T11:15:45.656606+00:00,200,234,,
2026-07-25T11:15:55.836292+00:00,200,175,,
2026-07-25T11:16:06.021187+00:00,200,183,,
2026-07-25T11:16:16.196192+00:00,200,173,,
2026-07-25T11:16:26.403805+00:00,200,206,,
2026-07-25T11:16:36.555296+00:00,200,150,,
2026-07-25T11:16:46.758421+00:00,200,201,,
2026-07-25T11:16:57.025744+00:00,502,264,GatewayError,
2026-07-25T11:17:07.687086+00:00,502,657,GatewayError,
2026-07-25T11:17:18.020158+00:00,200,329,,
2026-07-25T11:17:28.385256+00:00,200,361,,
2026-07-25T11:17:38.739579+00:00,200,349,,
2026-07-25T11:17:49.128656+00:00,200,385,,
2026-07-25T11:17:59.434947+00:00,200,300,,
2026-07-25T11:18:09.774174+00:00,200,334,,
2026-07-25T11:18:20.054247+00:00,200,277,,
2026-07-25T11:18:30.371903+00:00,200,315,,
2026-07-25T11:18:40.657655+00:00,200,283,,
2026-07-25T11:18:50.987427+00:00,200,327,,
2026-07-25T11:19:01.427935+00:00,200,436,,
2026-07-25T11:19:11.953364+00:00,200,523,,
2026-07-25T11:19:22.242900+00:00,200,286,,
2026-07-25T11:19:32.526777+00:00,200,273,,
2026-07-25T11:19:42.914330+00:00,200,386,,
2026-07-25T11:19:53.292448+00:00,200,376,,
2026-07-25T11:20:03.633976+00:00,200,336,,
2026-07-25T11:20:13.992451+00:00,200,353,,
2026-07-25T11:20:24.357124+00:00,200,359,,
2026-07-25T11:20:34.704261+00:00,200,344,,
2026-07-25T11:20:45.061441+00:00,200,354,,
2026-07-25T11:20:55.483034+00:00,200,417,,
2026-07-25T11:21:05.817757+00:00,200,332,,
2026-07-25T11:21:16.092383+00:00,200,270,,
2026-07-25T11:21:26.467852+00:00,200,374,,
2026-07-25T11:21:36.810469+00:00,200,339,,
2026-07-25T11:21:47.235183+00:00,200,417,,
2026-07-25T11:21:57.608056+00:00,200,361,,
2026-07-25T11:22:07.970954+00:00,200,358,,
2026-07-25T11:22:18.291068+00:00,200,318,,
2026-07-25T11:22:28.618612+00:00,200,326,,
2026-07-25T11:22:38.940103+00:00,200,317,,
2026-07-25T11:22:49.210051+00:00,200,267,,
2026-07-25T11:22:59.478612+00:00,200,267,,
2026-07-25T11:23:09.873842+00:00,200,392,,
2026-07-25T11:23:20.207788+00:00,200,332,,
2026-07-25T11:23:30.548804+00:00,200,339,,
2026-07-25T11:23:40.820643+00:00,200,270,,
2026-07-25T11:23:51.159962+00:00,200,334,,
2026-07-25T11:24:01.616987+00:00,200,452,,
2026-07-25T11:24:11.975498+00:00,200,352,,
2026-07-25T11:24:22.712218+00:00,200,733,,
2026-07-25T11:24:33.151310+00:00,200,434,,
2026-07-25T11:24:43.457202+00:00,200,302,,
2026-07-25T11:24:53.853118+00:00,200,390,,
2026-07-25T11:25:04.166742+00:00,200,312,,
2026-07-25T11:25:14.485706+00:00,200,317,,
2026-07-25T11:25:24.836122+00:00,200,346,,
2026-07-25T11:25:35.174322+00:00,200,334,,
2026-07-25T11:25:45.535030+00:00,200,354,,
2026-07-25T11:25:55.886316+00:00,200,345,,
2026-07-25T11:26:06.244847+00:00,200,355,,
2026-07-25T11:26:16.553555+00:00,200,306,,
2026-07-25T11:26:26.877226+00:00,200,320,,
2026-07-25T11:26:37.191300+00:00,200,311,,
2026-07-25T11:26:47.471088+00:00,200,274,,
2026-07-25T11:26:57.875365+00:00,200,402,,
2026-07-25T11:27:08.235389+00:00,200,355,,
2026-07-25T11:27:18.565794+00:00,200,327,,
2026-07-25T11:27:28.855600+00:00,200,287,,
2026-07-25T11:27:39.319411+00:00,200,461,,
2026-07-25T11:27:49.560562+00:00,200,239,,
2026-07-25T11:27:59.788340+00:00,200,226,,
2026-07-25T11:28:10.082439+00:00,200,291,,
2026-07-25T11:28:20.376061+00:00,200,291,,
2026-07-25T11:28:30.584536+00:00,200,206,,
2026-07-25T11:28:40.874565+00:00,200,284,,
2026-07-25T11:28:51.135935+00:00,200,256,,
2026-07-25T11:29:01.325981+00:00,200,187,,
2026-07-25T11:29:11.636976+00:00,200,306,,
2026-07-25T11:29:22.662821+00:00,200,1023,,
2026-07-25T11:29:32.931198+00:00,200,266,,
2026-07-25T11:29:43.128996+00:00,200,195,,
2026-07-25T11:29:53.392255+00:00,200,261,,
2026-07-25T11:30:03.601756+00:00,200,206,,
2026-07-25T11:30:13.775932+00:00,200,172,,
2026-07-25T11:30:23.993131+00:00,200,213,,
2026-07-25T11:30:34.426096+00:00,200,431,,
2026-07-25T11:30:44.741516+00:00,200,312,,
2026-07-25T11:30:55.004256+00:00,200,256,,
2026-07-25T11:31:05.230757+00:00,200,224,,
2026-07-25T11:31:15.497411+00:00,200,263,,
2026-07-25T11:31:25.700002+00:00,200,197,,
2026-07-25T11:31:35.904509+00:00,200,201,,
2026-07-25T11:31:46.489126+00:00,200,579,,
2026-07-25T11:31:56.672884+00:00,200,181,,
2026-07-25T11:32:06.955676+00:00,200,280,,
2026-07-25T11:32:17.219037+00:00,200,258,,
2026-07-25T11:32:27.769208+00:00,200,547,,
2026-07-25T11:32:37.988271+00:00,200,211,,
2026-07-25T11:32:48.335726+00:00,200,344,,
2026-07-25T11:32:58.704089+00:00,200,365,,
2026-07-25T11:33:08.908547+00:00,200,199,,
2026-07-25T11:33:19.116843+00:00,200,206,,
2026-07-25T11:33:29.385399+00:00,200,266,,
2026-07-25T11:33:39.597173+00:00,200,209,,
2026-07-25T11:33:49.793997+00:00,200,195,,
2026-07-25T11:34:00.070840+00:00,200,275,,
2026-07-25T11:34:10.260263+00:00,200,186,,
2026-07-25T11:34:20.525053+00:00,200,262,,
2026-07-25T11:34:30.797864+00:00,200,268,,
2026-07-25T11:34:41.063864+00:00,200,263,,
2026-07-25T11:34:51.252992+00:00,200,184,,
2026-07-25T11:35:01.451707+00:00,200,197,,
2026-07-25T11:35:11.694494+00:00,200,241,,
2026-07-25T11:35:21.902306+00:00,200,204,,
2026-07-25T11:35:32.096268+00:00,200,192,,
2026-07-25T11:35:42.366986+00:00,200,269,,
2026-07-25T11:35:52.855870+00:00,200,486,,
2026-07-25T11:36:03.113715+00:00,200,256,,
2026-07-25T11:36:13.385831+00:00,200,266,,
2026-07-25T11:36:23.595885+00:00,200,208,,
2026-07-25T11:36:33.829177+00:00,200,232,,
2026-07-25T11:36:44.086661+00:00,200,256,,
2026-07-25T11:36:54.305098+00:00,200,216,,
2026-07-25T11:37:04.569976+00:00,200,258,,
2026-07-25T11:37:14.785309+00:00,200,213,,
2026-07-25T11:37:24.989500+00:00,200,199,,
2026-07-25T11:37:35.283779+00:00,200,289,,
2026-07-25T11:37:45.651978+00:00,200,366,,
2026-07-25T11:37:55.984945+00:00,200,328,,
2026-07-25T11:38:06.168471+00:00,200,182,,
2026-07-25T11:38:16.429381+00:00,200,257,,
2026-07-25T11:38:26.700149+00:00,200,265,,
2026-07-25T11:38:37.144660+00:00,200,442,,
2026-07-25T11:38:47.339861+00:00,200,193,,
2026-07-25T11:38:57.532679+00:00,200,191,,
2026-07-25T11:39:07.734082+00:00,200,198,,
2026-07-25T11:39:17.946640+00:00,200,211,,
2026-07-25T11:39:28.222687+00:00,200,274,,
2026-07-25T11:39:38.430189+00:00,200,202,,
2026-07-25T11:39:48.747325+00:00,200,313,,
2026-07-25T11:39:59.329050+00:00,200,575,,
2026-07-25T11:40:09.567049+00:00,200,235,,
2026-07-25T11:40:19.743291+00:00,200,171,,
2026-07-25T11:40:29.984647+00:00,200,239,,
2026-07-25T11:40:40.199825+00:00,200,213,,
2026-07-25T11:40:50.397102+00:00,200,194,,
2026-07-25T11:41:00.722869+00:00,200,324,,
2026-07-25T11:41:10.959008+00:00,200,234,,
2026-07-25T11:41:21.157831+00:00,200,187,,
2026-07-25T11:41:31.412307+00:00,200,253,,
2026-07-25T11:41:41.621207+00:00,200,202,,
2026-07-25T11:41:51.818916+00:00,200,194,,
2026-07-25T11:42:02.005028+00:00,200,177,,
2026-07-25T11:42:12.169918+00:00,200,163,,
2026-07-25T11:42:22.327490+00:00,200,155,,
2026-07-25T11:42:32.562382+00:00,200,233,,
2026-07-25T11:42:42.746764+00:00,200,181,,
2026-07-25T11:42:53.341342+00:00,200,591,,
2026-07-25T11:43:03.502213+00:00,200,159,,
2026-07-25T11:43:13.688653+00:00,200,184,,
2026-07-25T11:43:23.893347+00:00,200,203,,
2026-07-25T11:43:34.102719+00:00,200,206,,
2026-07-25T11:43:44.492253+00:00,200,363,,
2026-07-25T11:43:54.708686+00:00,200,198,,
2026-07-25T11:44:04.908924+00:00,200,198,,
2026-07-25T11:44:15.104645+00:00,200,194,,
2026-07-25T11:44:25.303560+00:00,200,193,,
2026-07-25T11:44:35.957417+00:00,200,652,,
2026-07-25T11:44:46.240679+00:00,200,281,,
2026-07-25T11:44:56.662581+00:00,200,420,,
2026-07-25T11:45:07.258046+00:00,200,592,,
2026-07-25T11:45:17.904176+00:00,200,643,,
2026-07-25T11:45:28.285485+00:00,200,379,,
2026-07-25T11:45:38.557481+00:00,200,267,,
2026-07-25T11:45:51.562174+00:00,200,2998,,
2026-07-25T11:46:01.751807+00:00,200,179,,
2026-07-25T11:46:11.951760+00:00,200,196,,
2026-07-25T11:46:25.057079+00:00,200,3103,,
2026-07-25T11:46:35.260238+00:00,200,199,,
2026-07-25T11:46:45.580369+00:00,200,317,,
2026-07-25T11:46:55.790984+00:00,200,209,,
2026-07-25T11:47:06.017159+00:00,200,221,,
2026-07-25T11:47:16.180258+00:00,200,161,,
2026-07-25T11:47:26.384258+00:00,200,203,,
2026-07-25T11:47:36.664971+00:00,200,279,,
2026-07-25T11:47:46.954687+00:00,200,288,,
2026-07-25T11:47:57.292738+00:00,502,337,GatewayError,
2026-07-25T11:48:07.519998+00:00,200,225,,
2026-07-25T11:48:17.816040+00:00,200,294,,
2026-07-25T11:48:28.026188+00:00,200,207,,
2026-07-25T11:48:38.288117+00:00,200,257,,
2026-07-25T11:48:48.462262+00:00,200,171,,
2026-07-25T11:48:58.686478+00:00,200,222,,
2026-07-25T11:49:08.886027+00:00,200,196,,
2026-07-25T11:49:19.127725+00:00,200,240,,
2026-07-25T11:49:29.458632+00:00,200,328,,
2026-07-25T11:49:39.737589+00:00,200,276,,
2026-07-25T11:49:49.968488+00:00,200,226,,
2026-07-25T11:50:00.239890+00:00,200,270,,
2026-07-25T11:50:10.441193+00:00,200,199,,
2026-07-25T11:50:20.731235+00:00,200,286,,
2026-07-25T11:50:30.974418+00:00,200,236,,
2026-07-25T11:50:41.202953+00:00,200,225,,
2026-07-25T11:50:51.469403+00:00,200,265,,
2026-07-25T11:51:01.806230+00:00,200,331,,
2026-07-25T11:51:12.035281+00:00,200,226,,
2026-07-25T11:51:22.225279+00:00,200,187,,
2026-07-25T11:51:32.439814+00:00,200,213,,
2026-07-25T11:51:42.622532+00:00,200,180,,
2026-07-25T11:51:52.884508+00:00,200,259,,
2026-07-25T11:52:03.118049+00:00,200,226,,
2026-07-25T11:52:13.294767+00:00,200,168,,
2026-07-25T11:52:23.551921+00:00,200,255,,
2026-07-25T11:52:33.805090+00:00,200,251,,
2026-07-25T11:52:44.027837+00:00,200,220,,
2026-07-25T11:52:54.276863+00:00,200,247,,
2026-07-25T11:53:05.200852+00:00,200,922,,
2026-07-25T11:53:15.978032+00:00,200,775,,
2026-07-25T11:53:26.276727+00:00,200,296,,
2026-07-25T11:53:36.575754+00:00,200,297,,
2026-07-25T11:53:46.823609+00:00,200,245,,
2026-07-25T11:53:57.121469+00:00,200,296,,
2026-07-25T11:54:07.390754+00:00,200,268,,
2026-07-25T11:54:17.626722+00:00,200,233,,
2026-07-25T11:54:27.943183+00:00,200,313,,
2026-07-25T11:54:38.255710+00:00,200,310,,
2026-07-25T11:54:48.481420+00:00,200,223,,
2026-07-25T11:54:58.781732+00:00,200,299,,
2026-07-25T11:55:09.022936+00:00,200,239,,
2026-07-25T11:55:19.329129+00:00,200,304,,
2026-07-25T11:55:29.633694+00:00,200,303,,
2026-07-25T11:55:39.941027+00:00,200,305,,
2026-07-25T11:55:50.192933+00:00,200,249,,
2026-07-25T11:56:00.492007+00:00,200,297,,
2026-07-25T11:56:10.750461+00:00,200,256,,
2026-07-25T11:56:20.991090+00:00,200,239,,
2026-07-25T11:56:31.230400+00:00,200,238,,
2026-07-25T11:56:41.484131+00:00,200,252,,
2026-07-25T11:56:51.730138+00:00,200,244,,
2026-07-25T11:57:02.069380+00:00,200,337,,
2026-07-25T11:57:12.310732+00:00,200,240,,
2026-07-25T11:57:22.611909+00:00,200,299,,
2026-07-25T11:57:32.894729+00:00,200,280,,
2026-07-25T11:57:43.203718+00:00,200,308,,
2026-07-25T11:57:53.496932+00:00,200,292,,
2026-07-25T11:58:03.768043+00:00,200,268,,
2026-07-25T11:58:14.024155+00:00,200,254,,
2026-07-25T11:58:24.234997+00:00,200,209,,
2026-07-25T11:58:34.455043+00:00,200,218,,
2026-07-25T11:58:44.628587+00:00,200,171,,
2026-07-25T11:58:54.842916+00:00,200,212,,
2026-07-25T11:59:05.037512+00:00,200,193,,
2026-07-25T11:59:15.238966+00:00,200,199,,
2026-07-25T11:59:25.518847+00:00,200,276,,
2026-07-25T11:59:35.755586+00:00,200,234,,
2026-07-25T11:59:45.979170+00:00,200,221,,
2026-07-25T11:59:56.195747+00:00,200,214,,
2026-07-25T12:00:06.399517+00:00,200,201,,
2026-07-25T12:00:16.566744+00:00,200,165,,
2026-07-25T12:00:26.750569+00:00,200,181,,
2026-07-25T12:00:36.911586+00:00,200,159,,
2026-07-25T12:00:47.181305+00:00,200,267,,
2026-07-25T12:00:57.457524+00:00,502,273,GatewayError,
2026-07-25T12:01:07.747051+00:00,200,286,,
2026-07-25T12:01:18.048921+00:00,200,299,,
2026-07-25T12:01:28.614786+00:00,200,564,,
2026-07-25T12:01:38.887645+00:00,200,270,,
2026-07-25T12:01:49.268084+00:00,200,372,,
2026-07-25T12:01:59.460972+00:00,200,187,,
2026-07-25T12:02:09.831657+00:00,200,363,,
2026-07-25T12:02:20.066055+00:00,200,231,,
2026-07-25T12:02:30.440105+00:00,200,372,,
2026-07-25T12:02:40.690904+00:00,200,246,,
2026-07-25T12:02:50.885953+00:00,200,191,,
2026-07-25T12:03:01.096869+00:00,200,207,,
2026-07-25T12:03:11.330037+00:00,200,230,,
2026-07-25T12:03:21.814635+00:00,200,481,,
2026-07-25T12:03:32.105141+00:00,200,289,,
2026-07-25T12:03:42.305712+00:00,200,199,,
2026-07-25T12:03:52.645449+00:00,200,338,,
2026-07-25T12:04:02.925375+00:00,200,275,,
2026-07-25T12:04:13.216984+00:00,200,286,,
2026-07-25T12:04:23.411162+00:00,200,192,,
2026-07-25T12:04:33.617806+00:00,200,203,,
2026-07-25T12:04:43.806068+00:00,200,185,,
2026-07-25T12:04:53.998288+00:00,200,190,,
2026-07-25T12:05:04.300310+00:00,200,299,,
2026-07-25T12:05:14.560171+00:00,200,257,,
2026-07-25T12:05:24.779374+00:00,200,217,,
2026-07-25T12:05:35.051251+00:00,200,269,,
2026-07-25T12:05:45.288085+00:00,200,235,,
2026-07-25T12:05:55.578195+00:00,200,286,,
2026-07-25T12:06:05.755897+00:00,200,173,,
2026-07-25T12:06:15.948918+00:00,200,191,,
2026-07-25T12:06:26.178599+00:00,200,228,,
2026-07-25T12:06:36.427234+00:00,200,246,,
2026-07-25T12:06:46.651475+00:00,200,222,,
2026-07-25T12:06:56.873372+00:00,200,220,,
2026-07-25T12:07:07.117901+00:00,200,243,,
2026-07-25T12:07:17.313214+00:00,200,191,,
2026-07-25T12:07:27.481744+00:00,200,167,,
2026-07-25T12:07:37.692059+00:00,200,209,,
2026-07-25T12:07:47.909974+00:00,200,216,,
2026-07-25T12:07:58.098843+00:00,200,187,,
2026-07-25T12:08:08.307867+00:00,200,207,,
2026-07-25T12:08:19.464293+00:00,200,1154,,
2026-07-25T12:08:29.741099+00:00,200,274,,
2026-07-25T12:08:40.060258+00:00,200,317,,
2026-07-25T12:08:50.366036+00:00,200,302,,
2026-07-25T12:09:00.661060+00:00,200,293,,
2026-07-25T12:09:10.968561+00:00,200,306,,
2026-07-25T12:09:21.343550+00:00,200,373,,
2026-07-25T12:09:31.609464+00:00,200,263,,
2026-07-25T12:09:41.910659+00:00,200,299,,
2026-07-25T12:09:52.232441+00:00,200,320,,
2026-07-25T12:10:02.563816+00:00,200,328,,
2026-07-25T12:10:12.818239+00:00,200,253,,
2026-07-25T12:10:23.208129+00:00,200,388,,
2026-07-25T12:10:34.648121+00:00,200,1438,,
2026-07-25T12:10:44.931902+00:00,200,279,,
2026-07-25T12:10:55.335998+00:00,200,399,,
2026-07-25T12:11:05.735492+00:00,200,398,,
2026-07-25T12:11:16.278611+00:00,200,539,,
2026-07-25T12:11:26.563092+00:00,200,280,,
2026-07-25T12:11:37.934785+00:00,200,1370,,
2026-07-25T12:11:49.011741+00:00,200,1075,,
2026-07-25T12:11:59.693350+00:00,200,680,,
2026-07-25T12:12:10.273049+00:00,200,577,,
2026-07-25T12:12:20.771254+00:00,200,495,,
2026-07-25T12:12:31.291649+00:00,200,519,,
2026-07-25T12:12:41.834987+00:00,200,541,,
2026-07-25T12:12:52.356415+00:00,200,519,,
2026-07-25T12:13:02.820216+00:00,200,461,,
2026-07-25T12:13:13.412037+00:00,200,589,,
2026-07-25T12:13:23.914259+00:00,200,500,,
2026-07-25T12:13:34.264306+00:00,200,347,,
2026-07-25T12:13:44.519568+00:00,200,254,,
2026-07-25T12:13:54.797990+00:00,200,277,,
2026-07-25T12:14:05.122381+00:00,200,322,,
2026-07-25T12:14:15.362157+00:00,200,237,,
2026-07-25T12:14:25.634770+00:00,200,271,,
2026-07-25T12:14:35.949285+00:00,200,313,,
2026-07-25T12:14:46.239240+00:00,200,287,,
2026-07-25T12:14:56.559901+00:00,200,318,,
2026-07-25T12:15:06.902187+00:00,200,340,,
2026-07-25T12:15:17.362706+00:00,200,458,,
2026-07-25T12:15:27.857914+00:00,200,493,,
2026-07-25T12:15:38.170978+00:00,200,311,,
2026-07-25T12:15:48.583027+00:00,200,410,,
2026-07-25T12:15:58.960418+00:00,200,375,,
2026-07-25T12:16:09.301280+00:00,200,338,,
2026-07-25T12:16:19.693854+00:00,200,390,,
2026-07-25T12:16:30.107336+00:00,200,410,,
2026-07-25T12:16:40.458019+00:00,200,349,,
2026-07-25T12:16:50.960898+00:00,200,500,,
2026-07-25T12:17:01.250706+00:00,200,287,,
2026-07-25T12:17:11.804340+00:00,200,551,,
2026-07-25T12:17:22.217257+00:00,200,411,,
2026-07-25T12:17:32.868740+00:00,200,649,,
2026-07-25T12:17:43.159311+00:00,200,289,,
2026-07-25T12:17:53.488080+00:00,200,326,,
2026-07-25T12:18:03.785910+00:00,200,295,,
2026-07-25T12:18:14.071939+00:00,200,284,,
2026-07-25T12:18:24.339307+00:00,200,265,,
2026-07-25T12:18:34.512716+00:00,200,171,,
2026-07-25T12:18:44.737886+00:00,200,223,,
2026-07-25T12:18:54.962917+00:00,200,222,,
2026-07-25T12:19:05.205345+00:00,200,240,,
2026-07-25T12:19:15.431942+00:00,200,224,,
2026-07-25T12:19:25.654260+00:00,200,220,,
2026-07-25T12:19:35.884745+00:00,200,228,,
2026-07-25T12:19:46.119091+00:00,200,231,,
2026-07-25T12:19:56.362176+00:00,200,241,,
2026-07-25T12:20:06.537273+00:00,200,173,,
2026-07-25T12:20:16.700115+00:00,200,161,,
2026-07-25T12:20:26.990278+00:00,200,287,,
2026-07-25T12:20:37.200481+00:00,200,208,,
2026-07-25T12:20:47.402937+00:00,200,200,,
2026-07-25T12:20:57.623165+00:00,200,218,,
2026-07-25T12:21:07.852780+00:00,200,227,,
2026-07-25T12:21:18.074960+00:00,200,219,,
2026-07-25T12:21:28.259022+00:00,200,182,,
2026-07-25T12:21:38.494798+00:00,200,234,,
2026-07-25T12:21:48.727863+00:00,200,231,,
2026-07-25T12:21:58.908840+00:00,200,178,,
2026-07-25T12:22:09.116986+00:00,200,205,,
2026-07-25T12:22:19.439891+00:00,200,320,,
2026-07-25T12:22:29.790995+00:00,200,349,,
2026-07-25T12:22:39.990206+00:00,200,197,,
2026-07-25T12:22:50.220245+00:00,200,228,,
2026-07-25T12:23:00.458929+00:00,200,236,,
2026-07-25T12:23:10.641575+00:00,200,180,,
2026-07-25T12:23:20.864451+00:00,200,221,,
2026-07-25T12:23:31.103303+00:00,200,236,,
2026-07-25T12:23:41.302680+00:00,200,180,,
2026-07-25T12:23:52.582813+00:00,200,1278,,
2026-07-25T12:24:02.782643+00:00,200,197,,
2026-07-25T12:24:12.978088+00:00,200,193,,
2026-07-25T12:24:23.210560+00:00,200,230,,
2026-07-25T12:24:33.428841+00:00,200,216,,
2026-07-25T12:24:43.899163+00:00,200,468,,
2026-07-25T12:24:54.103655+00:00,200,202,,
2026-07-25T12:25:04.377645+00:00,200,272,,
2026-07-25T12:25:14.638452+00:00,200,258,,
2026-07-25T12:25:24.822508+00:00,200,182,,
2026-07-25T12:25:35.050935+00:00,200,227,,
2026-07-25T12:25:45.281674+00:00,200,228,,
2026-07-25T12:25:55.476679+00:00,200,193,,
2026-07-25T12:26:05.701945+00:00,200,223,,
2026-07-25T12:26:15.883266+00:00,200,179,,
2026-07-25T12:26:26.097879+00:00,200,213,,
2026-07-25T12:26:36.270631+00:00,200,171,,
2026-07-25T12:26:46.455139+00:00,200,183,,
2026-07-25T12:26:56.770003+00:00,200,313,,
2026-07-25T12:27:06.941682+00:00,200,170,,
2026-07-25T12:27:17.178914+00:00,200,235,,
2026-07-25T12:27:27.386295+00:00,200,205,,
2026-07-25T12:27:37.624531+00:00,200,236,,
2026-07-25T12:27:48.028175+00:00,200,401,,
2026-07-25T12:27:59.350091+00:00,200,1320,,
2026-07-25T12:28:09.761641+00:00,200,408,,
2026-07-25T12:28:20.096042+00:00,200,328,,
2026-07-25T12:28:30.314530+00:00,200,215,,
2026-07-25T12:28:40.828330+00:00,200,507,,
2026-07-25T12:28:51.346339+00:00,200,515,,
2026-07-25T12:29:01.809437+00:00,200,460,,
2026-07-25T12:29:12.121132+00:00,200,309,,
2026-07-25T12:29:27.382348+00:00,200,5259,,
2026-07-25T12:29:37.866857+00:00,200,482,,
2026-07-25T12:29:48.230464+00:00,200,362,,
2026-07-25T12:29:58.523311+00:00,200,289,,
2026-07-25T12:30:08.931085+00:00,200,402,,
2026-07-25T12:30:19.272183+00:00,200,336,,
2026-07-25T12:30:29.566692+00:00,200,289,,
2026-07-25T12:30:40.081111+00:00,200,513,,
2026-07-25T12:30:50.378623+00:00,200,294,,
2026-07-25T12:31:00.645535+00:00,200,263,,
2026-07-25T12:31:11.057001+00:00,200,409,,
2026-07-25T12:31:21.328083+00:00,200,268,,
2026-07-25T12:31:31.651900+00:00,200,321,,
2026-07-25T12:31:41.925405+00:00,200,271,,
2026-07-25T12:31:52.242574+00:00,200,316,,
2026-07-25T12:32:02.547361+00:00,200,303,,
2026-07-25T12:32:12.880061+00:00,200,330,,
2026-07-25T12:32:23.176561+00:00,200,294,,
2026-07-25T12:32:33.498900+00:00,200,320,,
2026-07-25T12:32:43.782638+00:00,200,282,,
2026-07-25T12:32:54.065942+00:00,200,281,,
2026-07-25T12:33:04.430111+00:00,200,363,,
2026-07-25T12:33:14.740559+00:00,200,308,,
2026-07-25T12:33:25.078482+00:00,200,336,,
2026-07-25T12:33:35.538621+00:00,200,458,,
2026-07-25T12:33:46.073238+00:00,200,526,,
2026-07-25T12:33:56.378742+00:00,200,297,,
2026-07-25T12:34:06.752118+00:00,502,371,GatewayError,
2026-07-25T12:34:17.211527+00:00,200,454,,
2026-07-25T12:34:27.492219+00:00,200,278,,
2026-07-25T12:34:37.788057+00:00,200,293,,
2026-07-25T12:34:48.142076+00:00,200,343,,
2026-07-25T12:34:58.485796+00:00,200,341,,
2026-07-25T12:35:08.860854+00:00,200,370,,
2026-07-25T12:35:19.177134+00:00,200,312,,
2026-07-25T12:35:29.650950+00:00,200,467,,
2026-07-25T12:35:40.470421+00:00,200,814,,
2026-07-25T12:35:50.946924+00:00,200,474,,
2026-07-25T12:36:01.463879+00:00,200,512,,
2026-07-25T12:36:12.144797+00:00,200,674,,
2026-07-25T12:36:22.469236+00:00,200,322,,
2026-07-25T12:36:33.152022+00:00,200,680,,
2026-07-25T12:36:43.606606+00:00,200,451,,
2026-07-25T12:36:54.002736+00:00,200,394,,
2026-07-25T12:37:04.433954+00:00,200,428,,
2026-07-25T12:37:14.770653+00:00,200,332,,
2026-07-25T12:37:25.144052+00:00,200,371,,
2026-07-25T12:37:35.477738+00:00,200,331,,
2026-07-25T12:37:45.877552+00:00,200,398,,
2026-07-25T12:37:56.150830+00:00,200,271,,
2026-07-25T12:38:06.431615+00:00,200,278,,
2026-07-25T12:38:16.729725+00:00,200,296,,
2026-07-25T12:38:27.034220+00:00,200,302,,
2026-07-25T12:38:37.341605+00:00,200,305,,
2026-07-25T12:38:47.797784+00:00,200,454,,
2026-07-25T12:38:58.127755+00:00,200,329,,
2026-07-25T12:39:08.461985+00:00,200,331,,
2026-07-25T12:39:18.811566+00:00,200,347,,
2026-07-25T12:39:29.114493+00:00,200,300,,
2026-07-25T12:39:39.410707+00:00,200,294,,
2026-07-25T12:39:49.719915+00:00,200,303,,
2026-07-25T12:40:00.065985+00:00,200,343,,
2026-07-25T12:40:10.341662+00:00,200,274,,
2026-07-25T12:40:20.626105+00:00,200,283,,
2026-07-25T12:40:30.900807+00:00,200,273,,
2026-07-25T12:40:41.178774+00:00,200,275,,
2026-07-25T12:40:51.516955+00:00,200,336,,
2026-07-25T12:41:01.807951+00:00,200,289,,
2026-07-25T12:41:12.180375+00:00,200,368,,
2026-07-25T12:41:22.469902+00:00,200,278,,
2026-07-25T12:41:32.780799+00:00,200,308,,
2026-07-25T12:41:43.173222+00:00,200,390,,
2026-07-25T12:41:53.785910+00:00,200,610,,
2026-07-25T12:42:04.157184+00:00,200,369,,
2026-07-25T12:42:14.503476+00:00,200,341,,
2026-07-25T12:42:24.856069+00:00,200,350,,
2026-07-25T12:42:35.122106+00:00,200,257,,
2026-07-25T12:42:45.408809+00:00,200,284,,
2026-07-25T12:42:55.748387+00:00,200,336,,
2026-07-25T12:43:06.112759+00:00,200,359,,
2026-07-25T12:43:16.407458+00:00,200,293,,
2026-07-25T12:43:27.139124+00:00,200,728,,
2026-07-25T12:43:37.843426+00:00,200,697,,
2026-07-25T12:43:48.760400+00:00,200,914,,
2026-07-25T12:43:59.265934+00:00,200,502,,
2026-07-25T12:44:09.804776+00:00,200,535,,
2026-07-25T12:44:20.167300+00:00,200,360,,
2026-07-25T12:44:30.459822+00:00,200,291,,
2026-07-25T12:44:40.982629+00:00,200,514,,
2026-07-25T12:44:51.367228+00:00,200,383,,
2026-07-25T12:45:01.876248+00:00,200,507,,
2026-07-25T12:45:12.160019+00:00,200,280,,
2026-07-25T12:45:22.500273+00:00,200,338,,
2026-07-25T12:45:32.798543+00:00,200,296,,
2026-07-25T12:45:43.062511+00:00,200,262,,
2026-07-25T12:45:53.493112+00:00,200,429,,
2026-07-25T12:46:04.799912+00:00,200,1304,,
2026-07-25T12:46:15.351890+00:00,200,550,,
2026-07-25T12:46:25.709672+00:00,200,353,,
2026-07-25T12:46:38.210609+00:00,200,2492,,
2026-07-25T12:46:48.752109+00:00,200,539,,
2026-07-25T12:46:59.048921+00:00,200,294,,
2026-07-25T12:47:09.304981+00:00,200,254,,
2026-07-25T12:47:19.771537+00:00,200,465,,
2026-07-25T12:47:30.512561+00:00,200,736,,
2026-07-25T12:47:40.860419+00:00,200,343,,
2026-07-25T12:47:51.281739+00:00,200,419,,
2026-07-25T12:48:01.953368+00:00,200,663,,
2026-07-25T12:48:15.197376+00:00,200,3242,,
2026-07-25T12:48:26.758835+00:00,200,1559,,
2026-07-25T12:48:37.184925+00:00,200,421,,
2026-07-25T12:48:47.551815+00:00,200,364,,
2026-07-25T12:48:57.890425+00:00,200,336,,
2026-07-25T12:49:08.318197+00:00,200,421,,
2026-07-25T12:49:18.971665+00:00,200,643,,
2026-07-25T12:49:29.365927+00:00,200,391,,
2026-07-25T12:49:39.866185+00:00,200,494,,
2026-07-25T12:49:50.318793+00:00,200,451,,
2026-07-25T12:50:00.654908+00:00,200,334,,
2026-07-25T12:50:11.030585+00:00,200,373,,
2026-07-25T12:50:21.474413+00:00,200,441,,
2026-07-25T12:50:32.825160+00:00,200,1345,,
2026-07-25T12:50:43.115998+00:00,200,288,,
2026-07-25T12:50:53.396256+00:00,200,274,,
2026-07-25T12:51:03.752038+00:00,200,353,,
2026-07-25T12:51:14.514726+00:00,200,760,,
2026-07-25T12:51:35.655929+00:00,FAILED,,ConnectionError,"('Connection aborted.', ConnectionResetError(10054, 'An existing connection was forcibly closed by the remote host', None, 10054, None))"
2026-07-25T12:52:05.597162+00:00,200,19938,,
2026-07-25T12:52:36.002477+00:00,200,20400,,
2026-07-25T12:52:53.280765+00:00,502,7276,GatewayError,
2026-07-25T12:53:24.703500+00:00,TIMEOUT,,TimeoutError,"HTTPSConnectionPool(host='socanalyst.raymundgerardestaca.dev', port=443): Read timed out. (read timeout=10)"
2026-07-25T12:53:59.668436+00:00,TIMEOUT,,TimeoutError,"HTTPSConnectionPool(host='socanalyst.raymundgerardestaca.dev', port=443): Read timed out. (read timeout=10)"
2026-07-25T12:54:09.703380+00:00,FAILED,,ConnectionError,"HTTPSConnectionPool(host='socanalyst.raymundgerardestaca.dev', port=443): Max retries exceeded with url: /health (Caused by NameResolutionError(""<urllib3.connection.HTTPSConnection object at 0x00000221A3213390>: Failed to resolve 'socanalyst.raymundgerardestaca.dev' ([Errno 11001] getaddrinfo failed)""))"
2026-07-25T12:54:19.783055+00:00,FAILED,,ConnectionError,"HTTPSConnectionPool(host='socanalyst.raymundgerardestaca.dev', port=443): Max retries exceeded with url: /health (Caused by NameResolutionError(""<urllib3.connection.HTTPSConnection object at 0x00000221A3213250>: Failed to resolve 'socanalyst.raymundgerardestaca.dev' ([Errno 11001] getaddrinfo failed)""))"
2026-07-25T12:54:29.812916+00:00,FAILED,,ConnectionError,"HTTPSConnectionPool(host='socanalyst.raymundgerardestaca.dev', port=443): Max retries exceeded with url: /health (Caused by NameResolutionError(""<urllib3.connection.HTTPSConnection object at 0x00000221A32139D0>: Failed to resolve 'socanalyst.raymundgerardestaca.dev' ([Errno 11001] getaddrinfo failed)""))"
2026-07-25T12:54:39.829735+00:00,FAILED,,ConnectionError,"HTTPSConnectionPool(host='socanalyst.raymundgerardestaca.dev', port=443): Max retries exceeded with url: /health (Caused by NameResolutionError(""<urllib3.connection.HTTPSConnection object at 0x00000221A3BD96D0>: Failed to resolve 'socanalyst.raymundgerardestaca.dev' ([Errno 11001] getaddrinfo failed)""))"
2026-07-25T12:54:49.836917+00:00,FAILED,,ConnectionError,"HTTPSConnectionPool(host='socanalyst.raymundgerardestaca.dev', port=443): Max retries exceeded with url: /health (Caused by NameResolutionError(""<urllib3.connection.HTTPSConnection object at 0x00000221A3BD8190>: Failed to resolve 'socanalyst.raymundgerardestaca.dev' ([Errno 11001] getaddrinfo failed)""))"
2026-07-25T12:55:11.820425+00:00,TIMEOUT,,TimeoutError,"HTTPSConnectionPool(host='socanalyst.raymundgerardestaca.dev', port=443): Read timed out. (read timeout=10)"
2026-07-25T12:55:30.502301+00:00,502,8677,GatewayError,
2026-07-25T12:55:45.386259+00:00,FAILED,,ConnectionError,"('Connection aborted.', ConnectionResetError(10054, 'An existing connection was forcibly closed by the remote host', None, 10054, None))"
2026-07-25T12:56:10.383247+00:00,TIMEOUT,,TimeoutError,"HTTPSConnectionPool(host='socanalyst.raymundgerardestaca.dev', port=443): Read timed out. (read timeout=10)"
2026-07-25T12:56:28.394621+00:00,502,8006,GatewayError,
2026-07-25T12:56:47.918876+00:00,502,9521,GatewayError,
2026-07-25T12:57:06.871756+00:00,502,8948,GatewayError,
2026-07-25T12:57:21.359938+00:00,502,4485,GatewayError,
2026-07-25T12:57:42.812398+00:00,502,11444,GatewayError,
2026-07-25T12:57:57.441981+00:00,FAILED,,ConnectionError,"('Connection aborted.', ConnectionResetError(10054, 'An existing connection was forcibly closed by the remote host', None, 10054, None))"
2026-07-25T12:58:21.118634+00:00,TIMEOUT,,TimeoutError,"HTTPSConnectionPool(host='socanalyst.raymundgerardestaca.dev', port=443): Read timed out. (read timeout=10)"
2026-07-25T12:58:35.549979+00:00,200,4426,,
2026-07-25T12:58:46.242498+00:00,200,691,,
2026-07-25T12:58:56.563783+00:00,200,320,,
2026-07-25T12:59:07.154132+00:00,200,588,,
2026-07-25T12:59:18.479391+00:00,200,1323,,
2026-07-25T12:59:29.180583+00:00,200,699,,
2026-07-25T12:59:40.951100+00:00,200,1768,,
2026-07-25T12:59:52.180806+00:00,200,1225,,
2026-07-25T13:00:06.246328+00:00,200,4060,,
2026-07-25T13:00:21.319304+00:00,200,5071,,
2026-07-25T13:00:31.686034+00:00,200,365,,
2026-07-25T13:00:48.040066+00:00,200,6351,,
2026-07-25T13:00:59.920236+00:00,200,1877,,
2026-07-25T13:01:16.888841+00:00,200,6963,,
2026-07-25T13:01:35.998350+00:00,200,9108,,
2026-07-25T13:01:46.665390+00:00,200,664,,
2026-07-25T13:01:57.621769+00:00,200,945,,
2026-07-25T13:02:08.028191+00:00,200,403,,
2026-07-25T13:02:18.408385+00:00,200,367,,
2026-07-25T13:02:28.761129+00:00,200,351,,
2026-07-25T13:02:39.513155+00:00,200,749,,
2026-07-25T13:02:49.883856+00:00,200,364,,
2026-07-25T13:03:01.422550+00:00,200,1534,,
2026-07-25T13:03:12.758847+00:00,200,1333,,
2026-07-25T13:03:36.143862+00:00,200,13382,,
2026-07-25T13:03:47.055272+00:00,200,909,,
2026-07-25T13:03:57.516561+00:00,200,456,,
2026-07-25T13:04:07.833785+00:00,200,313,,
2026-07-25T13:04:18.197263+00:00,200,361,,
2026-07-25T13:04:29.549882+00:00,200,1350,,
2026-07-25T13:04:40.332915+00:00,200,779,,
2026-07-25T13:04:50.748320+00:00,200,413,,
2026-07-25T13:05:02.582386+00:00,200,1830,,
2026-07-25T13:05:16.364024+00:00,502,3780,GatewayError,
2026-07-25T13:05:26.845794+00:00,200,476,,
2026-07-25T13:05:40.066660+00:00,502,3218,GatewayError,
2026-07-25T13:05:50.683538+00:00,404,613,HTTPError,
2026-07-25T13:06:04.070734+00:00,502,3381,GatewayError,
2026-07-25T13:06:14.422040+00:00,200,349,,
2026-07-25T13:06:27.615546+00:00,502,3191,GatewayError,
2026-07-25T13:06:39.816183+00:00,502,2197,GatewayError,
2026-07-25T13:06:50.232011+00:00,200,411,,
2026-07-25T13:07:00.681426+00:00,200,448,,
2026-07-25T13:07:11.518668+00:00,502,832,GatewayError,
2026-07-25T13:07:24.940950+00:00,502,3418,GatewayError,
2026-07-25T13:07:38.930082+00:00,502,3986,GatewayError,
2026-07-25T13:07:57.636200+00:00,200,8697,,
2026-07-25T13:08:16.370595+00:00,502,8731,GatewayError,
2026-07-25T13:08:31.565618+00:00,502,5193,GatewayError,
2026-07-25T13:08:44.652329+00:00,200,3074,,
2026-07-25T13:09:00.168836+00:00,502,5506,GatewayError,
2026-07-25T13:09:13.464473+00:00,502,3292,GatewayError,
2026-07-25T13:09:24.193177+00:00,200,727,,
2026-07-25T13:09:35.105239+00:00,200,911,,
2026-07-25T13:09:45.637244+00:00,200,529,,
2026-07-25T13:09:57.578567+00:00,200,1939,,
2026-07-25T13:10:11.254170+00:00,502,3671,GatewayError,
2026-07-25T13:10:21.793559+00:00,200,528,,
2026-07-25T13:10:40.523484+00:00,200,8728,,
2026-07-25T13:10:53.844255+00:00,200,3316,,
2026-07-25T13:11:04.815340+00:00,200,968,,
2026-07-25T13:11:15.289577+00:00,200,471,,
2026-07-25T13:11:26.173380+00:00,200,877,,
2026-07-25T13:11:37.604355+00:00,200,1428,,
2026-07-25T13:11:48.263984+00:00,200,654,,
2026-07-25T13:11:59.965300+00:00,200,1695,,
2026-07-25T13:12:10.647326+00:00,200,679,,
2026-07-25T13:12:21.837442+00:00,200,1177,,
2026-07-25T13:12:32.768480+00:00,200,929,,
2026-07-25T13:12:51.956909+00:00,200,9183,,
2026-07-25T13:13:08.078181+00:00,200,6114,,
2026-07-25T13:13:23.398864+00:00,200,5311,,
2026-07-25T13:13:47.511507+00:00,TIMEOUT,,TimeoutError,"HTTPSConnectionPool(host='socanalyst.raymundgerardestaca.dev', port=443): Read timed out. (read timeout=10)"
2026-07-25T13:14:04.151781+00:00,200,6633,,
2026-07-25T13:14:19.775256+00:00,200,5622,,
2026-07-25T13:14:33.585602+00:00,200,3783,,
2026-07-25T13:14:55.133850+00:00,200,11546,,
2026-07-25T13:15:07.370542+00:00,200,2235,,
2026-07-25T13:15:24.592116+00:00,200,7214,,
2026-07-25T13:15:37.592893+00:00,200,2994,,
2026-07-25T13:15:57.177318+00:00,200,9581,,
2026-07-25T13:16:10.113365+00:00,200,2932,,
2026-07-25T13:16:36.225946+00:00,TIMEOUT,,TimeoutError,"HTTPSConnectionPool(host='socanalyst.raymundgerardestaca.dev', port=443): Read timed out. (read timeout=10)"
2026-07-25T13:16:49.209396+00:00,200,2981,,
2026-07-25T13:17:03.812213+00:00,200,4600,,
2026-07-25T13:17:15.831998+00:00,200,2018,,
2026-07-25T13:17:27.166175+00:00,200,1331,,
2026-07-25T13:17:37.652136+00:00,200,483,,
2026-07-25T13:17:48.468936+00:00,200,814,,
2026-07-25T13:17:59.080522+00:00,200,610,,
2026-07-25T13:18:09.671924+00:00,200,588,,
2026-07-25T13:18:20.031513+00:00,200,357,,
2026-07-25T13:18:36.033330+00:00,200,6000,,
2026-07-25T13:18:46.576396+00:00,200,541,,
2026-07-25T13:18:57.518019+00:00,200,936,,
2026-07-25T13:19:08.384981+00:00,200,860,,
2026-07-25T13:19:22.847055+00:00,200,4459,,
2026-07-25T13:19:34.240338+00:00,200,1390,,
2026-07-25T13:19:48.557897+00:00,200,4315,,
2026-07-25T13:19:58.996660+00:00,200,436,,
2026-07-25T13:20:09.272567+00:00,200,274,,
2026-07-25T13:20:21.180845+00:00,200,1907,,
2026-07-25T13:20:31.496083+00:00,200,314,,
2026-07-25T13:20:44.575842+00:00,502,3077,GatewayError,
2026-07-25T13:20:54.820025+00:00,200,241,,
2026-07-25T13:21:05.089862+00:00,200,268,,
2026-07-25T13:21:16.184040+00:00,200,1089,,
2026-07-25T13:21:29.320918+00:00,502,3133,GatewayError,
2026-07-25T13:21:40.573766+00:00,200,1250,,
2026-07-25T13:21:50.819001+00:00,200,242,,
2026-07-25T13:22:03.787010+00:00,502,2965,GatewayError,
2026-07-25T13:22:16.808675+00:00,502,3019,GatewayError,
2026-07-25T13:22:29.844509+00:00,502,3032,GatewayError,
2026-07-25T13:22:42.834147+00:00,502,2988,GatewayError,
2026-07-25T13:22:55.822082+00:00,502,2986,GatewayError,
2026-07-25T13:23:09.196248+00:00,502,3372,GatewayError,
2026-07-25T13:23:22.562965+00:00,502,3365,GatewayError,
2026-07-25T13:23:35.617160+00:00,502,3053,GatewayError,
2026-07-25T13:23:45.791563+00:00,200,169,,
2026-07-25T13:23:56.055432+00:00,200,262,,
2026-07-25T13:24:08.977522+00:00,502,2921,GatewayError,
2026-07-25T13:24:30.349865+00:00,FAILED,,ConnectionError,"HTTPSConnectionPool(host='socanalyst.raymundgerardestaca.dev', port=443): Max retries exceeded with url: /health (Caused by NewConnectionError('<urllib3.connection.HTTPSConnection object at 0x00000221A3BD9810>: Failed to establish a new connection: [WinError 10053] An established connection was aborted by the software in your host machine'))"
2026-07-25T13:24:40.354416+00:00,FAILED,,ConnectionError,"HTTPSConnectionPool(host='socanalyst.raymundgerardestaca.dev', port=443): Max retries exceeded with url: /health (Caused by NameResolutionError(""<urllib3.connection.HTTPSConnection object at 0x00000221A3BD9310>: Failed to resolve 'socanalyst.raymundgerardestaca.dev' ([Errno 11001] getaddrinfo failed)""))"
2026-07-25T13:24:50.359041+00:00,FAILED,,ConnectionError,"HTTPSConnectionPool(host='socanalyst.raymundgerardestaca.dev', port=443): Max retries exceeded with url: /health (Caused by NameResolutionError(""<urllib3.connection.HTTPSConnection object at 0x00000221A3BDA350>: Failed to resolve 'socanalyst.raymundgerardestaca.dev' ([Errno 11001] getaddrinfo failed)""))"
2026-07-25T13:25:00.386088+00:00,FAILED,,ConnectionError,"HTTPSConnectionPool(host='socanalyst.raymundgerardestaca.dev', port=443): Max retries exceeded with url: /health (Caused by NameResolutionError(""<urllib3.connection.HTTPSConnection object at 0x00000221A32134D0>: Failed to resolve 'socanalyst.raymundgerardestaca.dev' ([Errno 11001] getaddrinfo failed)""))"
2026-07-25T13:25:10.390717+00:00,FAILED,,ConnectionError,"HTTPSConnectionPool(host='socanalyst.raymundgerardestaca.dev', port=443): Max retries exceeded with url: /health (Caused by NameResolutionError(""<urllib3.connection.HTTPSConnection object at 0x00000221A3213610>: Failed to resolve 'socanalyst.raymundgerardestaca.dev' ([Errno 11001] getaddrinfo failed)""))"
2026-07-25T13:25:20.394666+00:00,FAILED,,ConnectionError,"HTTPSConnectionPool(host='socanalyst.raymundgerardestaca.dev', port=443): Max retries exceeded with url: /health (Caused by NameResolutionError(""<urllib3.connection.HTTPSConnection object at 0x00000221A3212FD0>: Failed to resolve 'socanalyst.raymundgerardestaca.dev' ([Errno 11001] getaddrinfo failed)""))"
2026-07-25T13:25:33.566099+00:00,502,3170,GatewayError,
2026-07-25T13:25:46.724388+00:00,502,3156,GatewayError,
2026-07-25T13:25:59.855658+00:00,502,3130,GatewayError,
2026-07-25T13:26:10.080516+00:00,200,223,,
2026-07-25T13:26:20.424374+00:00,200,341,,
2026-07-25T13:26:30.812007+00:00,200,386,,
2026-07-25T13:26:41.202057+00:00,200,385,,
2026-07-25T13:26:51.958627+00:00,200,755,,
2026-07-25T13:27:02.214822+00:00,200,254,,
2026-07-25T13:27:12.455615+00:00,200,238,,
2026-07-25T13:27:22.788203+00:00,200,331,,
2026-07-25T13:27:33.198653+00:00,200,408,,
2026-07-25T13:27:43.460667+00:00,200,261,,
2026-07-25T13:27:53.696624+00:00,200,233,,
2026-07-25T13:28:03.854365+00:00,200,156,,
2026-07-25T13:28:14.115476+00:00,200,259,,
2026-07-25T13:28:24.473246+00:00,200,356,,
2026-07-25T13:28:34.676818+00:00,200,200,,
2026-07-25T13:28:46.242059+00:00,200,1562,,
2026-07-25T13:28:56.434375+00:00,200,189,,
2026-07-25T13:29:06.652396+00:00,200,216,,
2026-07-25T13:29:16.923474+00:00,200,268,,
2026-07-25T13:29:27.169656+00:00,200,244,,
2026-07-25T13:29:37.378351+00:00,200,205,,
2026-07-25T13:29:48.638379+00:00,200,1257,,
2026-07-25T13:29:58.881170+00:00,200,240,,
2026-07-25T13:30:09.125119+00:00,200,241,,
2026-07-25T13:30:19.374314+00:00,200,247,,
2026-07-25T13:30:29.797319+00:00,200,421,,
2026-07-25T13:30:40.030481+00:00,200,231,,
2026-07-25T13:30:50.241856+00:00,200,209,,
2026-07-25T13:31:00.433159+00:00,200,190,,
2026-07-25T13:31:10.603406+00:00,200,168,,
2026-07-25T13:31:20.807048+00:00,200,201,,
2026-07-25T13:31:31.038041+00:00,200,229,,
2026-07-25T13:31:41.343817+00:00,200,304,,
2026-07-25T13:31:51.570164+00:00,200,224,,
2026-07-25T13:32:01.815031+00:00,200,243,,
2026-07-25T13:32:12.145730+00:00,200,329,,
2026-07-25T13:32:22.367526+00:00,200,220,,
2026-07-25T13:32:32.585759+00:00,200,216,,
2026-07-25T13:32:43.658522+00:00,200,1071,,
2026-07-25T13:32:53.833695+00:00,200,173,,
2026-07-25T13:33:04.042319+00:00,200,207,,
2026-07-25T13:33:14.746528+00:00,200,703,,
2026-07-25T13:33:24.930106+00:00,200,182,,
2026-07-25T13:33:35.791164+00:00,200,859,,
2026-07-25T13:33:46.187696+00:00,502,395,GatewayError,
2026-07-25T13:33:56.431931+00:00,200,242,,
2026-07-25T13:34:06.796248+00:00,200,362,,
2026-07-25T13:34:17.164385+00:00,200,366,,
2026-07-25T13:34:27.424769+00:00,200,258,,
2026-07-25T13:34:37.781868+00:00,200,339,,
2026-07-25T13:34:48.031537+00:00,200,244,,
2026-07-25T13:34:58.389160+00:00,200,356,,
2026-07-25T13:35:08.646737+00:00,200,255,,
2026-07-25T13:35:18.874489+00:00,200,225,,
2026-07-25T13:35:29.150501+00:00,200,273,,
2026-07-25T13:35:39.364340+00:00,200,211,,
2026-07-25T13:35:49.631322+00:00,200,265,,
2026-07-25T13:35:59.903782+00:00,200,270,,
2026-07-25T13:36:10.128095+00:00,200,221,,
2026-07-25T13:36:20.340210+00:00,200,210,,
2026-07-25T13:36:30.549538+00:00,200,207,,
2026-07-25T13:36:40.796762+00:00,200,245,,
2026-07-25T13:36:51.014561+00:00,200,216,,
2026-07-25T13:37:01.230898+00:00,200,213,,
2026-07-25T13:37:11.410090+00:00,200,178,,
2026-07-25T13:37:21.637912+00:00,200,226,,
2026-07-25T13:37:31.838787+00:00,200,196,,
2026-07-25T13:37:42.097309+00:00,200,256,,
2026-07-25T13:37:55.555280+00:00,200,3454,,
2026-07-25T13:38:06.867731+00:00,200,1310,,
2026-07-25T13:38:17.146043+00:00,200,276,,
2026-07-25T13:38:32.778928+00:00,200,5630,,
2026-07-25T13:38:55.795777+00:00,TIMEOUT,,TimeoutError,"HTTPSConnectionPool(host='socanalyst.raymundgerardestaca.dev', port=443): Read timed out. (read timeout=10)"
2026-07-25T13:39:06.130522+00:00,200,331,,
2026-07-25T13:39:16.346056+00:00,200,213,,
2026-07-25T13:39:26.581444+00:00,200,233,,
2026-07-25T13:39:36.803222+00:00,200,220,,
2026-07-25T13:39:47.055751+00:00,200,251,,
2026-07-25T13:39:57.281540+00:00,200,224,,
2026-07-25T13:40:07.522861+00:00,200,240,,
2026-07-25T13:40:17.739236+00:00,200,213,,
2026-07-25T13:40:27.981222+00:00,200,239,,
2026-07-25T13:40:38.190555+00:00,200,207,,
2026-07-25T13:40:48.433724+00:00,200,240,,
2026-07-25T13:40:58.647385+00:00,200,210,,
2026-07-25T13:41:08.856665+00:00,200,208,,
2026-07-25T13:41:19.054516+00:00,200,189,,
2026-07-25T13:41:29.281266+00:00,200,225,,
2026-07-25T13:41:39.571943+00:00,200,283,,
2026-07-25T13:41:49.919451+00:00,200,346,,
2026-07-25T13:42:00.136796+00:00,200,214,,
2026-07-25T13:42:10.351526+00:00,200,212,,
2026-07-25T13:42:20.621969+00:00,200,268,,
2026-07-25T13:42:30.895307+00:00,200,270,,
2026-07-25T13:42:41.121927+00:00,200,224,,
2026-07-25T13:42:51.747614+00:00,200,622,,
2026-07-25T13:43:02.320778+00:00,200,563,,
2026-07-25T13:43:12.501606+00:00,200,176,,
2026-07-25T13:43:22.845436+00:00,200,342,,
2026-07-25T13:43:33.622767+00:00,200,775,,
2026-07-25T13:43:45.293781+00:00,200,1669,,
2026-07-25T13:43:55.515128+00:00,200,220,,
2026-07-25T13:44:06.060901+00:00,200,544,,
2026-07-25T13:44:16.256459+00:00,200,194,,
2026-07-25T13:44:26.450404+00:00,200,192,,
2026-07-25T13:44:36.758357+00:00,200,306,,
2026-07-25T13:44:47.011248+00:00,200,251,,
2026-07-25T13:44:57.322759+00:00,200,309,,
2026-07-25T13:45:07.534795+00:00,200,206,,
2026-07-25T13:45:17.780372+00:00,200,244,,
2026-07-25T13:45:28.032435+00:00,200,250,,
2026-07-25T13:45:38.225174+00:00,200,191,,
2026-07-25T13:45:48.524065+00:00,200,297,,
2026-07-25T13:45:58.751027+00:00,200,224,,
2026-07-25T13:46:09.117268+00:00,200,364,,
2026-07-25T13:46:19.401124+00:00,200,281,,
2026-07-25T13:46:29.595398+00:00,200,192,,
2026-07-25T13:46:39.800666+00:00,200,204,,
2026-07-25T13:46:50.114608+00:00,200,311,,
2026-07-25T13:47:00.373013+00:00,200,256,,
2026-07-25T13:47:10.557431+00:00,200,182,,
2026-07-25T13:47:20.788368+00:00,200,228,,
2026-07-25T13:47:30.984002+00:00,200,194,,
2026-07-25T13:47:41.145376+00:00,200,160,,
2026-07-25T13:47:51.368279+00:00,200,221,,
2026-07-25T13:48:01.576339+00:00,200,206,,
2026-07-25T13:48:11.738409+00:00,200,158,,
2026-07-25T13:48:21.930285+00:00,200,190,,
2026-07-25T13:48:32.281000+00:00,200,349,,
2026-07-25T13:48:42.713170+00:00,200,429,,
2026-07-25T13:48:53.071849+00:00,200,355,,
2026-07-25T13:49:03.450455+00:00,200,376,,
2026-07-25T13:49:13.811258+00:00,200,358,,
2026-07-25T13:49:24.143369+00:00,200,330,,
2026-07-25T13:49:34.417914+00:00,200,272,,
2026-07-25T13:49:44.633376+00:00,200,213,,
2026-07-25T13:49:54.944473+00:00,200,306,,
2026-07-25T13:50:05.244109+00:00,200,297,,
2026-07-25T13:50:15.580842+00:00,200,334,,
2026-07-25T13:50:25.774517+00:00,200,187,,
2026-07-25T13:50:35.978041+00:00,200,199,,
2026-07-25T13:50:46.292255+00:00,200,303,,
2026-07-25T13:50:56.567868+00:00,200,272,,
2026-07-25T13:51:06.878112+00:00,200,304,,
2026-07-25T13:51:17.262716+00:00,200,379,,
2026-07-25T13:51:27.733656+00:00,200,463,,
2026-07-25T13:51:38.009960+00:00,200,272,,
2026-07-25T13:51:48.468493+00:00,200,457,,
2026-07-25T13:51:58.877048+00:00,200,394,,
2026-07-25T13:52:09.313696+00:00,200,434,,
2026-07-25T13:52:19.650712+00:00,200,331,,
2026-07-25T13:52:30.013672+00:00,200,360,,
2026-07-25T13:52:40.400721+00:00,200,384,,
2026-07-25T13:52:50.693639+00:00,200,287,,
2026-07-25T13:53:01.140243+00:00,200,445,,
2026-07-25T13:53:11.397250+00:00,200,255,,
2026-07-25T13:53:21.650790+00:00,200,252,,
2026-07-25T13:53:31.919479+00:00,200,267,,
2026-07-25T13:53:42.222220+00:00,200,301,,
2026-07-25T13:53:52.515444+00:00,200,291,,
2026-07-25T13:54:02.942970+00:00,200,424,,
2026-07-25T13:54:13.262948+00:00,200,309,,
2026-07-25T13:54:23.577517+00:00,200,292,,
2026-07-25T13:54:34.224228+00:00,200,645,,
2026-07-25T13:54:44.643463+00:00,200,394,,
2026-07-25T13:54:55.004036+00:00,200,358,,
2026-07-25T13:55:05.670194+00:00,200,660,,
2026-07-25T13:55:16.067732+00:00,200,392,,
2026-07-25T13:55:26.521246+00:00,200,451,,
2026-07-25T13:55:36.946844+00:00,200,422,,
2026-07-25T13:55:47.365658+00:00,200,413,,
2026-07-25T13:55:57.667690+00:00,200,297,,
2026-07-25T13:56:08.001331+00:00,200,322,,
2026-07-25T13:56:18.310684+00:00,200,303,,
2026-07-25T13:56:28.880265+00:00,200,558,,
2026-07-25T13:56:39.207937+00:00,200,322,,
2026-07-25T13:56:49.820413+00:00,200,607,,
2026-07-25T13:57:00.145390+00:00,200,320,,
2026-07-25T13:57:10.462525+00:00,200,312,,
2026-07-25T13:57:21.139938+00:00,200,675,,
2026-07-25T13:57:31.538126+00:00,200,383,,
2026-07-25T13:57:41.939595+00:00,200,396,,
2026-07-25T13:57:52.301439+00:00,200,355,,
2026-07-25T13:58:02.685177+00:00,200,380,,
2026-07-25T13:58:13.004080+00:00,200,314,,
2026-07-25T13:58:23.289878+00:00,200,275,,
2026-07-25T13:58:33.573801+00:00,200,281,,
2026-07-25T13:58:43.891534+00:00,200,316,,
2026-07-25T13:58:54.310440+00:00,200,404,,
2026-07-25T13:59:04.647075+00:00,200,327,,
2026-07-25T13:59:14.965668+00:00,200,314,,
2026-07-25T13:59:25.439679+00:00,200,472,,
2026-07-25T13:59:35.884890+00:00,200,442,,
2026-07-25T13:59:46.173012+00:00,200,280,,
2026-07-25T13:59:56.619997+00:00,200,445,,
2026-07-25T14:00:06.942681+00:00,200,319,,
2026-07-25T14:00:17.275017+00:00,200,327,,
2026-07-25T14:00:27.671492+00:00,200,385,,
2026-07-25T14:00:38.034169+00:00,200,357,,
2026-07-25T14:00:48.273749+00:00,200,237,,
2026-07-25T14:00:58.598124+00:00,200,323,,
2026-07-25T14:01:08.919983+00:00,200,320,,
2026-07-25T14:01:19.237781+00:00,200,315,,
2026-07-25T14:01:29.563477+00:00,200,324,,
2026-07-25T14:01:39.762740+00:00,200,198,,
2026-07-25T14:01:49.955984+00:00,200,192,,
2026-07-25T14:02:00.220336+00:00,200,261,,
2026-07-25T14:02:10.444093+00:00,200,222,,
2026-07-25T14:02:20.663253+00:00,200,217,,
2026-07-25T14:02:30.917755+00:00,200,252,,
2026-07-25T14:02:41.221139+00:00,200,297,,
2026-07-25T14:02:51.662580+00:00,200,434,,
2026-07-25T14:03:01.860417+00:00,200,196,,
2026-07-25T14:03:12.095334+00:00,200,229,,
2026-07-25T14:03:22.282317+00:00,200,185,,
2026-07-25T14:03:32.766153+00:00,200,466,,
2026-07-25T14:03:42.992031+00:00,200,222,,
2026-07-25T14:03:53.394586+00:00,200,401,,
2026-07-25T14:04:03.679662+00:00,200,283,,
2026-07-25T14:04:13.886390+00:00,200,200,,
2026-07-25T14:04:24.091620+00:00,200,204,,
2026-07-25T14:04:34.319645+00:00,200,226,,
2026-07-25T14:04:44.547900+00:00,200,226,,
2026-07-25T14:04:54.739524+00:00,200,188,,
2026-07-25T14:05:04.928203+00:00,200,187,,
2026-07-25T14:05:15.130772+00:00,200,200,,
2026-07-25T14:05:25.357621+00:00,200,225,,
2026-07-25T14:05:35.598629+00:00,200,239,,
2026-07-25T14:05:45.857828+00:00,200,258,,
2026-07-25T14:05:56.073173+00:00,200,212,,
2026-07-25T14:06:06.304522+00:00,200,227,,
2026-07-25T14:06:16.610537+00:00,200,304,,
2026-07-25T14:06:26.831062+00:00,200,216,,
2026-07-25T14:06:37.235824+00:00,200,402,,
2026-07-25T14:06:47.532758+00:00,200,292,,
2026-07-25T14:06:57.897631+00:00,200,360,,
2026-07-25T14:07:08.192525+00:00,200,293,,
2026-07-25T14:07:18.496591+00:00,200,301,,
2026-07-25T14:07:28.780597+00:00,200,280,,
2026-07-25T14:07:39.166857+00:00,200,384,,
2026-07-25T14:07:49.549649+00:00,200,378,,
2026-07-25T14:07:59.901137+00:00,200,347,,
2026-07-25T14:08:10.203746+00:00,200,286,,
2026-07-25T14:08:20.578983+00:00,200,373,,
2026-07-25T14:08:30.949026+00:00,200,365,,
2026-07-25T14:08:41.313552+00:00,200,352,,
2026-07-25T14:08:51.917917+00:00,200,599,,
2026-07-25T14:09:02.213145+00:00,200,291,,
2026-07-25T14:09:12.528835+00:00,200,308,,
2026-07-25T14:09:22.868106+00:00,200,331,,
2026-07-25T14:09:33.234205+00:00,200,360,,
2026-07-25T14:09:43.507539+00:00,200,272,,
2026-07-25T14:09:53.765482+00:00,200,256,,
2026-07-25T14:10:04.079528+00:00,200,312,,
2026-07-25T14:10:14.351793+00:00,200,269,,
2026-07-25T14:10:24.614183+00:00,200,261,,
2026-07-25T14:10:34.894055+00:00,200,278,,
2026-07-25T14:10:45.217410+00:00,200,321,,
2026-07-25T14:10:55.534517+00:00,200,315,,
2026-07-25T14:11:05.820350+00:00,200,283,,
2026-07-25T14:11:16.129609+00:00,200,307,,
2026-07-25T14:11:26.465737+00:00,200,334,,
2026-07-25T14:11:36.775332+00:00,200,308,,
2026-07-25T14:11:47.064426+00:00,200,286,,
2026-07-25T14:11:57.336660+00:00,200,271,,
2026-07-25T14:12:07.578695+00:00,200,240,,
2026-07-25T14:12:17.855427+00:00,200,275,,
2026-07-25T14:12:28.124466+00:00,200,268,,
2026-07-25T14:12:38.415270+00:00,200,289,,
2026-07-25T14:12:48.684249+00:00,200,267,,
2026-07-25T14:12:59.045319+00:00,200,358,,
2026-07-25T14:13:09.436094+00:00,200,388,,
2026-07-25T14:13:19.724521+00:00,200,277,,
2026-07-25T14:13:30.016206+00:00,200,289,,
2026-07-25T14:13:40.336679+00:00,200,319,,
2026-07-25T14:13:50.654233+00:00,200,315,,
2026-07-25T14:14:01.029962+00:00,200,369,,
2026-07-25T14:14:11.394514+00:00,200,357,,
2026-07-25T14:14:21.664158+00:00,200,262,,
2026-07-25T14:14:31.931664+00:00,200,265,,
2026-07-25T14:14:42.188662+00:00,200,255,,
2026-07-25T14:14:52.511686+00:00,200,321,,
2026-07-25T14:15:02.807889+00:00,200,294,,
2026-07-25T14:15:13.062593+00:00,200,253,,
2026-07-25T14:15:23.314186+00:00,200,250,,
2026-07-25T14:15:33.617383+00:00,200,301,,
2026-07-25T14:15:43.896701+00:00,200,277,,
2026-07-25T14:15:54.159555+00:00,200,261,,
2026-07-25T14:16:04.459388+00:00,200,298,,
2026-07-25T14:16:14.759023+00:00,200,297,,
2026-07-25T14:16:25.030392+00:00,200,268,,
2026-07-25T14:16:35.330692+00:00,200,298,,
2026-07-25T14:16:45.647904+00:00,200,315,,
2026-07-25T14:16:55.872034+00:00,200,222,,
2026-07-25T14:17:06.063675+00:00,200,190,,
2026-07-25T14:17:16.372357+00:00,200,306,,
2026-07-25T14:17:26.531307+00:00,200,155,,
2026-07-25T14:17:36.739810+00:00,200,207,,
2026-07-25T14:17:46.950895+00:00,200,209,,
2026-07-25T14:17:57.182708+00:00,404,229,HTTPError,
2026-07-25T14:18:07.449355+00:00,502,264,GatewayError,
2026-07-25T14:18:17.714248+00:00,200,263,,
2026-07-25T14:18:27.925424+00:00,200,209,,
2026-07-25T14:18:38.144967+00:00,200,217,,
2026-07-25T14:18:48.338972+00:00,200,191,,
2026-07-25T14:18:58.545424+00:00,404,205,HTTPError,
2026-07-25T14:19:08.734607+00:00,200,187,,
2026-07-25T14:19:18.965195+00:00,200,229,,
2026-07-25T14:19:29.146533+00:00,200,179,,
2026-07-25T14:19:39.318815+00:00,200,170,,
2026-07-25T14:19:49.480337+00:00,200,160,,
2026-07-25T14:19:59.674613+00:00,200,193,,
2026-07-25T14:20:09.885565+00:00,200,209,,
2026-07-25T14:20:20.141637+00:00,200,254,,
2026-07-25T14:20:30.414559+00:00,200,270,,
2026-07-25T14:20:40.676748+00:00,200,258,,
2026-07-25T14:20:50.919097+00:00,200,238,,
2026-07-25T14:21:01.209639+00:00,200,287,,
2026-07-25T14:21:11.515445+00:00,200,303,,
2026-07-25T14:21:21.794963+00:00,200,277,,
2026-07-25T14:21:32.009095+00:00,200,211,,
2026-07-25T14:21:42.201056+00:00,200,190,,
2026-07-25T14:21:52.382426+00:00,200,179,,
2026-07-25T14:22:02.762118+00:00,200,378,,
2026-07-25T14:22:13.053976+00:00,200,290,,
2026-07-25T14:22:23.373430+00:00,200,315,,
2026-07-25T14:22:33.727250+00:00,200,347,,
2026-07-25T14:22:44.042345+00:00,200,305,,
2026-07-25T14:22:54.350911+00:00,200,303,,
2026-07-25T14:23:04.841628+00:00,200,488,,
2026-07-25T14:23:15.141450+00:00,200,299,,
2026-07-25T14:23:25.458042+00:00,200,315,,
2026-07-25T14:23:35.831480+00:00,200,371,,
2026-07-25T14:23:46.187376+00:00,200,354,,
2026-07-25T14:23:56.510976+00:00,200,320,,
2026-07-25T14:24:06.790674+00:00,200,272,,
2026-07-25T14:24:17.067242+00:00,200,275,,
2026-07-25T14:24:27.329387+00:00,200,259,,
2026-07-25T14:24:37.612648+00:00,200,281,,
2026-07-25T14:24:47.918285+00:00,200,303,,
2026-07-25T14:24:58.190144+00:00,200,269,,
2026-07-25T14:25:08.451049+00:00,200,259,,
2026-07-25T14:25:18.708941+00:00,200,256,,
2026-07-25T14:25:29.003786+00:00,200,293,,
2026-07-25T14:25:39.270282+00:00,200,264,,
2026-07-25T14:25:49.545151+00:00,200,272,,
2026-07-25T14:25:59.875529+00:00,200,327,,
2026-07-25T14:26:10.164788+00:00,200,288,,
2026-07-25T14:26:20.464198+00:00,200,297,,
2026-07-25T14:26:30.756576+00:00,200,290,,
2026-07-25T14:26:41.033494+00:00,200,275,,
2026-07-25T14:26:51.294178+00:00,200,259,,
2026-07-25T14:27:01.586319+00:00,200,290,,
2026-07-25T14:27:11.806766+00:00,200,219,,
2026-07-25T14:27:22.003478+00:00,200,194,,
2026-07-25T14:27:32.167637+00:00,200,162,,
2026-07-25T14:27:42.366419+00:00,200,197,,
2026-07-25T14:27:52.584594+00:00,200,216,,
2026-07-25T14:28:02.762201+00:00,200,175,,
2026-07-25T14:28:12.940740+00:00,200,177,,
2026-07-25T14:28:23.125913+00:00,200,183,,
2026-07-25T14:28:33.311838+00:00,200,184,,
2026-07-25T14:28:43.543947+00:00,200,229,,
2026-07-25T14:28:53.746342+00:00,200,199,,
2026-07-25T14:29:03.927645+00:00,200,178,,
2026-07-25T14:29:14.107525+00:00,200,177,,
2026-07-25T14:29:24.381380+00:00,200,272,,
2026-07-25T14:29:34.579675+00:00,200,196,,
2026-07-25T14:29:44.847841+00:00,200,266,,
2026-07-25T14:29:55.082666+00:00,200,233,,
2026-07-25T14:30:05.276360+00:00,200,191,,
2026-07-25T14:30:15.507044+00:00,200,227,,
2026-07-25T14:30:25.750876+00:00,200,241,,
2026-07-25T14:30:35.956838+00:00,200,203,,
2026-07-25T14:30:46.159814+00:00,200,201,,
2026-07-25T14:30:56.416041+00:00,200,255,,
2026-07-25T14:31:06.667190+00:00,200,248,,
2026-07-25T14:31:16.879957+00:00,200,210,,
2026-07-25T14:31:27.116454+00:00,200,235,,
2026-07-25T14:31:37.411896+00:00,200,291,,
2026-07-25T14:31:47.642212+00:00,200,225,,
2026-07-25T14:31:57.902405+00:00,200,257,,
2026-07-25T14:32:08.134306+00:00,200,230,,
2026-07-25T14:32:18.357196+00:00,200,220,,
2026-07-25T14:32:28.557920+00:00,200,198,,
2026-07-25T14:32:38.814903+00:00,200,255,,
2026-07-25T14:32:49.026756+00:00,200,205,,
2026-07-25T14:32:59.282756+00:00,200,252,,
2026-07-25T14:33:09.569418+00:00,200,285,,
2026-07-25T14:33:20.113314+00:00,200,538,,
2026-07-25T14:33:30.307105+00:00,200,185,,
2026-07-25T14:33:40.573512+00:00,200,265,,
2026-07-25T14:33:50.790855+00:00,200,215,,
2026-07-25T14:34:01.039590+00:00,200,242,,
2026-07-25T14:34:11.287484+00:00,200,243,,
2026-07-25T14:34:21.507041+00:00,200,206,,
2026-07-25T14:34:31.754877+00:00,200,246,,
2026-07-25T14:34:41.956991+00:00,200,195,,
2026-07-25T14:34:52.162716+00:00,200,200,,
2026-07-25T14:35:02.453121+00:00,200,288,,
2026-07-25T14:35:12.646602+00:00,200,192,,
2026-07-25T14:35:23.082754+00:00,200,433,,
2026-07-25T14:35:33.270779+00:00,200,184,,
2026-07-25T14:35:43.492190+00:00,200,218,,
2026-07-25T14:35:53.751834+00:00,200,256,,
2026-07-25T14:36:03.975740+00:00,200,220,,
2026-07-25T14:36:14.678381+00:00,200,695,,
2026-07-25T14:36:24.883502+00:00,200,203,,
2026-07-25T14:36:35.335349+00:00,200,444,,
2026-07-25T14:36:45.614041+00:00,200,277,,
2026-07-25T14:36:55.810127+00:00,200,192,,
2026-07-25T14:37:06.045394+00:00,200,234,,
2026-07-25T14:37:16.240923+00:00,200,184,,
2026-07-25T14:37:26.838316+00:00,200,596,,
2026-07-25T14:37:37.123741+00:00,200,283,,
2026-07-25T14:37:47.440604+00:00,200,315,,
2026-07-25T14:37:57.764290+00:00,200,321,,
2026-07-25T14:38:08.101936+00:00,200,333,,
2026-07-25T14:38:18.463650+00:00,200,356,,
2026-07-25T14:38:28.887417+00:00,200,422,,
2026-07-25T14:38:39.396992+00:00,200,507,,
2026-07-25T14:38:49.790199+00:00,200,388,,
2026-07-25T14:39:00.115004+00:00,200,321,,
2026-07-25T14:39:10.392056+00:00,200,274,,
2026-07-25T14:39:22.341774+00:00,200,1948,,
2026-07-25T14:39:32.821858+00:00,200,478,,
2026-07-25T14:39:43.299284+00:00,200,472,,
2026-07-25T14:39:53.773651+00:00,200,472,,
2026-07-25T14:40:04.205325+00:00,200,429,,
2026-07-25T14:40:14.678872+00:00,200,472,,
2026-07-25T14:40:25.197367+00:00,200,513,,
2026-07-25T14:40:35.680887+00:00,200,481,,
2026-07-25T14:40:46.532060+00:00,200,849,,
2026-07-25T14:40:56.943929+00:00,200,397,,
2026-07-25T14:41:07.470813+00:00,200,522,,
2026-07-25T14:41:18.208563+00:00,200,736,,
2026-07-25T14:41:28.704905+00:00,200,490,,
2026-07-25T14:41:39.123588+00:00,200,414,,
2026-07-25T14:41:49.474141+00:00,200,349,,
2026-07-25T14:41:59.961384+00:00,200,483,,
2026-07-25T14:42:10.420712+00:00,200,454,,
2026-07-25T14:42:20.811396+00:00,200,389,,
2026-07-25T14:42:31.237663+00:00,200,424,,
2026-07-25T14:42:41.633964+00:00,200,394,,
2026-07-25T14:42:51.932779+00:00,200,296,,
2026-07-25T14:43:02.277681+00:00,200,342,,
2026-07-25T14:43:12.585030+00:00,200,305,,
2026-07-25T14:43:22.952597+00:00,200,365,,
2026-07-25T14:43:33.260166+00:00,200,303,,
2026-07-25T14:43:43.524271+00:00,200,258,,
2026-07-25T14:43:53.899488+00:00,200,372,,
2026-07-25T14:44:04.283383+00:00,200,382,,
2026-07-25T14:44:14.700678+00:00,200,413,,
2026-07-25T14:44:25.176654+00:00,200,474,,
2026-07-25T14:44:35.702649+00:00,200,524,,
2026-07-25T14:44:46.099789+00:00,200,395,,
2026-07-25T14:44:56.560186+00:00,200,458,,
2026-07-25T14:45:07.001984+00:00,200,438,,
2026-07-25T14:45:17.407390+00:00,200,403,,
2026-07-25T14:45:27.879769+00:00,200,470,,
2026-07-25T14:45:38.358583+00:00,404,472,HTTPError,
2026-07-25T14:45:48.950534+00:00,502,586,GatewayError,
2026-07-25T14:45:59.415152+00:00,200,462,,
2026-07-25T14:46:09.817908+00:00,200,401,,
2026-07-25T14:46:20.173820+00:00,200,347,,
2026-07-25T14:46:30.560148+00:00,200,383,,
2026-07-25T14:46:41.014513+00:00,200,449,,
2026-07-25T14:46:51.459590+00:00,200,439,,
2026-07-25T14:47:01.914114+00:00,200,444,,
2026-07-25T14:47:12.266444+00:00,200,350,,
2026-07-25T14:47:22.602489+00:00,200,334,,
2026-07-25T14:47:32.925008+00:00,200,309,,
2026-07-25T14:47:43.214626+00:00,200,283,,
2026-07-25T14:47:53.499350+00:00,200,278,,
2026-07-25T14:48:03.794436+00:00,200,291,,
2026-07-25T14:48:14.007779+00:00,200,209,,
2026-07-25T14:48:24.204826+00:00,200,194,,
2026-07-25T14:48:34.394055+00:00,200,188,,
2026-07-25T14:48:44.563485+00:00,200,168,,
2026-07-25T14:48:54.780629+00:00,200,215,,
2026-07-25T14:49:04.949518+00:00,200,167,,
2026-07-25T14:49:15.129148+00:00,200,178,,
2026-07-25T14:49:25.295962+00:00,200,165,,
2026-07-25T14:49:35.472045+00:00,200,174,,
2026-07-25T14:49:45.654393+00:00,200,180,,
2026-07-25T14:49:55.852880+00:00,200,196,,
2026-07-25T14:50:06.048930+00:00,200,194,,
2026-07-25T14:50:16.279532+00:00,200,228,,
2026-07-25T14:50:26.482763+00:00,200,201,,
2026-07-25T14:50:36.749817+00:00,200,266,,
2026-07-25T14:50:46.966183+00:00,200,213,,
2026-07-25T14:50:57.157286+00:00,200,189,,
2026-07-25T14:51:07.362707+00:00,200,203,,
2026-07-25T14:51:17.527950+00:00,200,163,,
2026-07-25T14:51:27.759787+00:00,200,230,,
2026-07-25T14:51:37.993004+00:00,200,232,,
2026-07-25T14:51:48.182425+00:00,200,187,,
2026-07-25T14:51:58.371467+00:00,200,186,,
2026-07-25T14:52:08.777325+00:00,200,405,,
2026-07-25T14:52:18.970445+00:00,200,191,,
2026-07-25T14:52:29.152469+00:00,200,181,,
2026-07-25T14:52:39.407923+00:00,200,247,,
2026-07-25T14:52:50.693415+00:00,200,1283,,
2026-07-25T14:53:00.968510+00:00,200,273,,
2026-07-25T14:53:14.800956+00:00,200,3830,,
2026-07-25T14:53:44.256778+00:00,200,19454,,
2026-07-25T14:53:57.505331+00:00,200,3246,,
2026-07-25T14:54:07.698686+00:00,200,191,,
2026-07-25T14:54:17.922214+00:00,200,221,,
2026-07-25T14:54:28.135043+00:00,200,210,,
2026-07-25T14:54:42.085793+00:00,200,3948,,
2026-07-25T14:54:52.305570+00:00,200,218,,
2026-07-25T14:55:02.967138+00:00,200,660,,
2026-07-25T14:55:13.128954+00:00,200,160,,
2026-07-25T14:55:23.701792+00:00,200,570,,
2026-07-25T14:55:34.871083+00:00,200,1167,,
2026-07-25T14:55:45.127207+00:00,200,253,,
2026-07-25T14:56:00.393498+00:00,200,5264,,
2026-07-25T14:56:10.591767+00:00,200,197,,
2026-07-25T14:56:20.792416+00:00,200,198,,
2026-07-25T14:56:38.557905+00:00,200,7762,,
2026-07-25T14:56:49.240079+00:00,200,680,,
2026-07-25T14:57:00.977739+00:00,200,1735,,
2026-07-25T14:57:12.051713+00:00,200,1072,,
2026-07-25T14:57:22.238680+00:00,200,185,,
2026-07-25T14:57:32.443841+00:00,200,203,,
2026-07-25T14:57:42.899063+00:00,200,453,,
2026-07-25T14:57:53.213541+00:00,200,312,,
2026-07-25T14:58:03.468220+00:00,200,253,,
2026-07-25T14:58:13.829240+00:00,200,360,,
2026-07-25T14:58:24.093435+00:00,200,262,,
2026-07-25T14:58:34.354514+00:00,200,259,,
2026-07-25T14:58:44.664024+00:00,200,308,,
2026-07-25T14:58:54.951112+00:00,200,285,,
2026-07-25T14:59:05.224370+00:00,200,272,,
2026-07-25T14:59:15.506243+00:00,200,280,,
2026-07-25T14:59:25.809706+00:00,200,301,,
2026-07-25T14:59:36.143658+00:00,200,332,,
2026-07-25T14:59:46.402273+00:00,200,256,,
2026-07-25T14:59:56.674272+00:00,200,270,,
2026-07-25T15:00:06.928888+00:00,200,253,,
2026-07-25T15:00:17.177921+00:00,200,247,,
2026-07-25T15:00:27.459195+00:00,200,280,,
2026-07-25T15:00:37.740298+00:00,200,279,,
2026-07-25T15:00:48.030713+00:00,200,288,,
2026-07-25T15:00:58.278337+00:00,200,245,,
2026-07-25T15:01:08.541353+00:00,200,261,,
2026-07-25T15:01:19.636562+00:00,200,1094,,
2026-07-25T15:01:29.928367+00:00,200,290,,
2026-07-25T15:01:40.250048+00:00,200,320,,
2026-07-25T15:01:50.582627+00:00,200,330,,
2026-07-25T15:02:00.893193+00:00,200,308,,
2026-07-25T15:02:11.329850+00:00,200,434,,
2026-07-25T15:02:21.691655+00:00,200,359,,
2026-07-25T15:02:32.164926+00:00,200,471,,
2026-07-25T15:02:42.469782+00:00,200,303,,
2026-07-25T15:02:52.802458+00:00,200,330,,
2026-07-25T15:03:03.127159+00:00,200,322,,
2026-07-25T15:03:13.413666+00:00,200,284,,
2026-07-25T15:03:23.672465+00:00,200,256,,
2026-07-25T15:03:33.907811+00:00,200,234,,
2026-07-25T15:03:44.287959+00:00,200,378,,
2026-07-25T15:03:54.640710+00:00,200,351,,
2026-07-25T15:04:04.942825+00:00,200,299,,
2026-07-25T15:04:15.226766+00:00,200,282,,
2026-07-25T15:04:25.477568+00:00,200,249,,
2026-07-25T15:04:35.780413+00:00,200,300,,
2026-07-25T15:04:46.149080+00:00,200,366,,
2026-07-25T15:04:56.422855+00:00,200,271,,
2026-07-25T15:05:06.767859+00:00,200,343,,
2026-07-25T15:05:17.230216+00:00,200,460,,
2026-07-25T15:05:27.501390+00:00,200,269,,
2026-07-25T15:05:37.790698+00:00,200,287,,
2026-07-25T15:05:48.044739+00:00,200,252,,
2026-07-25T15:05:58.346573+00:00,200,299,,
2026-07-25T15:06:08.658769+00:00,200,309,,
2026-07-25T15:06:18.945844+00:00,200,284,,
2026-07-25T15:06:29.238156+00:00,200,289,,
2026-07-25T15:06:39.543557+00:00,200,303,,
2026-07-25T15:06:49.866617+00:00,200,321,,
2026-07-25T15:07:00.174567+00:00,200,306,,
2026-07-25T15:07:10.466050+00:00,200,289,,
2026-07-25T15:07:20.759421+00:00,200,291,,
2026-07-25T15:07:31.073496+00:00,200,312,,
2026-07-25T15:07:41.371430+00:00,200,296,,
2026-07-25T15:07:51.677990+00:00,200,304,,
2026-07-25T15:08:02.008241+00:00,200,328,,
2026-07-25T15:08:12.280796+00:00,200,270,,
2026-07-25T15:08:22.590736+00:00,200,308,,
2026-07-25T15:08:33.993122+00:00,200,1400,,
2026-07-25T15:08:44.258993+00:00,200,263,,
2026-07-25T15:08:54.497637+00:00,200,235,,
2026-07-25T15:09:04.794642+00:00,200,295,,
2026-07-25T15:09:15.072240+00:00,200,276,,
2026-07-25T15:09:25.328454+00:00,200,254,,
2026-07-25T15:09:35.681165+00:00,200,351,,
2026-07-25T15:09:46.524219+00:00,200,840,,
2026-07-25T15:09:56.879093+00:00,200,353,,
2026-07-25T15:10:07.240553+00:00,200,357,,
2026-07-25T15:10:17.610796+00:00,200,365,,
2026-07-25T15:10:28.249954+00:00,200,636,,
2026-07-25T15:10:38.623206+00:00,200,370,,
2026-07-25T15:10:48.961855+00:00,200,334,,
2026-07-25T15:10:59.296000+00:00,200,331,,
2026-07-25T15:11:09.664308+00:00,200,366,,
2026-07-25T15:11:20.018431+00:00,200,351,,
2026-07-25T15:11:30.275189+00:00,200,253,,
2026-07-25T15:11:40.642036+00:00,200,364,,
2026-07-25T15:11:50.977335+00:00,200,332,,
2026-07-25T15:12:01.332426+00:00,200,352,,
2026-07-25T15:12:11.681608+00:00,200,347,,
2026-07-25T15:12:22.098761+00:00,200,411,,
2026-07-25T15:12:32.346637+00:00,200,245,,
2026-07-25T15:12:42.657635+00:00,200,309,,
2026-07-25T15:12:52.967405+00:00,200,307,,
2026-07-25T15:13:03.146885+00:00,200,177,,
2026-07-25T15:13:16.186292+00:00,200,3038,,
2026-07-25T15:13:26.736465+00:00,200,545,,
2026-07-25T15:13:36.983675+00:00,200,242,,
2026-07-25T15:13:47.250871+00:00,200,263,,
2026-07-25T15:13:57.508302+00:00,200,252,,
2026-07-25T15:14:07.726604+00:00,200,216,,
2026-07-25T15:14:17.945538+00:00,200,217,,
2026-07-25T15:14:28.178610+00:00,200,228,,
2026-07-25T15:14:38.405114+00:00,200,220,,
2026-07-25T15:14:48.605014+00:00,200,197,,
2026-07-25T15:15:00.129106+00:00,200,1520,,
2026-07-25T15:15:10.721862+00:00,200,583,,
2026-07-25T15:15:20.986087+00:00,200,261,,
2026-07-25T15:15:31.198103+00:00,200,210,,
2026-07-25T15:15:41.415875+00:00,200,210,,
2026-07-25T15:15:51.644882+00:00,200,222,,
2026-07-25T15:16:01.887000+00:00,200,238,,
2026-07-25T15:16:12.142813+00:00,200,250,,
2026-07-25T15:16:22.417738+00:00,200,256,,
2026-07-25T15:16:32.713979+00:00,200,294,,
2026-07-25T15:16:42.922109+00:00,200,206,,
2026-07-25T15:16:53.171140+00:00,200,247,,
2026-07-25T15:17:03.327353+00:00,200,155,,
2026-07-25T15:17:13.588821+00:00,200,259,,
2026-07-25T15:17:23.774065+00:00,200,183,,
2026-07-25T15:17:34.022519+00:00,200,245,,
2026-07-25T15:17:44.452956+00:00,200,428,,
2026-07-25T15:17:55.147860+00:00,200,692,,
2026-07-25T15:18:05.529902+00:00,200,373,,
2026-07-25T15:18:15.816003+00:00,200,281,,
2026-07-25T15:18:26.128002+00:00,200,310,,
2026-07-25T15:18:36.416318+00:00,200,287,,
2026-07-25T15:18:46.675055+00:00,200,257,,
2026-07-25T15:18:57.026802+00:00,200,350,,
2026-07-25T15:19:07.336942+00:00,200,308,,
2026-07-25T15:19:17.945598+00:00,200,607,,
2026-07-25T15:19:28.317771+00:00,200,371,,
2026-07-25T15:19:38.596835+00:00,200,277,,
2026-07-25T15:19:48.891134+00:00,200,292,,
2026-07-25T15:19:59.158650+00:00,200,265,,
2026-07-25T15:20:09.544899+00:00,200,384,,
2026-07-25T15:20:20.217110+00:00,200,666,,
2026-07-25T15:20:30.618866+00:00,200,397,,
2026-07-25T15:20:40.976365+00:00,200,352,,
2026-07-25T15:20:51.287666+00:00,200,308,,
2026-07-25T15:21:01.688584+00:00,200,397,,
2026-07-25T15:21:12.665770+00:00,200,963,,
2026-07-25T15:21:23.152684+00:00,200,478,,
2026-07-25T15:21:34.234474+00:00,200,1076,,
2026-07-25T15:21:46.022331+00:00,200,1777,,
2026-07-25T15:21:56.286959+00:00,200,263,,
2026-07-25T15:22:06.679941+00:00,200,389,,
2026-07-25T15:22:16.963149+00:00,200,275,,
2026-07-25T15:22:27.247200+00:00,200,282,,
2026-07-25T15:22:37.597366+00:00,200,345,,
2026-07-25T15:22:47.889126+00:00,200,288,,
2026-07-25T15:22:58.196486+00:00,200,303,,
2026-07-25T15:23:08.540837+00:00,200,341,,
2026-07-25T15:23:18.756160+00:00,200,210,,
2026-07-25T15:23:29.081977+00:00,200,323,,
2026-07-25T15:23:39.330014+00:00,200,244,,
2026-07-25T15:23:49.651858+00:00,200,301,,
2026-07-25T15:23:59.892887+00:00,200,229,,
2026-07-25T15:24:10.171236+00:00,200,272,,
2026-07-25T15:24:20.445355+00:00,200,266,,
2026-07-25T15:24:30.645425+00:00,200,197,,
2026-07-25T15:24:40.879817+00:00,200,232,,
2026-07-25T15:24:51.089149+00:00,200,201,,
2026-07-25T15:25:01.372496+00:00,200,280,,
2026-07-25T15:25:11.650629+00:00,200,268,,
2026-07-25T15:25:22.077096+00:00,200,425,,
2026-07-25T15:25:32.355282+00:00,200,276,,
2026-07-25T15:25:42.554702+00:00,200,197,,
2026-07-25T15:25:52.798199+00:00,200,241,,
2026-07-25T15:26:03.070615+00:00,200,270,,
2026-07-25T15:26:13.308610+00:00,200,236,,
2026-07-25T15:26:23.562558+00:00,200,252,,
2026-07-25T15:26:33.730317+00:00,200,166,,
2026-07-25T15:26:43.917813+00:00,200,186,,
2026-07-25T15:26:54.107785+00:00,200,188,,
2026-07-25T15:27:04.400275+00:00,200,289,,
2026-07-25T15:27:14.931588+00:00,200,524,,
2026-07-25T15:27:25.153017+00:00,200,211,,
2026-07-25T15:27:35.307749+00:00,200,152,,
2026-07-25T15:27:45.539720+00:00,200,230,,
2026-07-25T15:27:55.798716+00:00,200,257,,
2026-07-25T15:28:06.092058+00:00,200,292,,
2026-07-25T15:28:16.318470+00:00,200,224,,
2026-07-25T15:28:26.573263+00:00,200,253,,
2026-07-25T15:28:36.788524+00:00,200,213,,
2026-07-25T15:28:46.982883+00:00,200,193,,
2026-07-25T15:28:57.174230+00:00,200,188,,
2026-07-25T15:29:07.402075+00:00,200,223,,
2026-07-25T15:29:17.619080+00:00,200,212,,
2026-07-25T15:29:27.793206+00:00,200,172,,
2026-07-25T15:29:37.970981+00:00,200,176,,
2026-07-25T15:29:48.144205+00:00,200,172,,
2026-07-25T15:29:58.445185+00:00,200,299,,
2026-07-25T15:30:08.703781+00:00,200,257,,
2026-07-25T15:30:18.971859+00:00,200,264,,
2026-07-25T15:30:29.228341+00:00,200,255,,
2026-07-25T15:30:39.588347+00:00,200,358,,
2026-07-25T15:30:49.854183+00:00,200,261,,
2026-07-25T15:31:00.085976+00:00,200,225,,
2026-07-25T15:31:10.372461+00:00,200,283,,
2026-07-25T15:31:20.610737+00:00,200,229,,
2026-07-25T15:31:30.808656+00:00,200,196,,
2026-07-25T15:31:41.031153+00:00,200,221,,
2026-07-25T15:31:51.200380+00:00,200,167,,
2026-07-25T15:32:01.399491+00:00,200,197,,
2026-07-25T15:32:11.591433+00:00,200,190,,
2026-07-25T15:32:21.827447+00:00,200,233,,
2026-07-25T15:32:32.003770+00:00,200,174,,
2026-07-25T15:32:42.176345+00:00,200,171,,
2026-07-25T15:32:52.356401+00:00,200,178,,
2026-07-25T15:33:02.555207+00:00,200,197,,
2026-07-25T15:33:12.772436+00:00,200,215,,
2026-07-25T15:33:23.043765+00:00,200,269,,
2026-07-25T15:33:33.314911+00:00,200,269,,
2026-07-25T15:33:43.593795+00:00,200,276,,
2026-07-25T15:33:53.916401+00:00,200,320,,
2026-07-25T15:34:04.232396+00:00,200,314,,
2026-07-25T15:34:14.530738+00:00,200,296,,
2026-07-25T15:34:24.798573+00:00,200,266,,
2026-07-25T15:34:35.304826+00:00,200,504,,
2026-07-25T15:34:45.591250+00:00,200,284,,
2026-07-25T15:34:55.879531+00:00,200,281,,
2026-07-25T15:35:06.201982+00:00,200,319,,
2026-07-25T15:35:16.563161+00:00,200,357,,
2026-07-25T15:35:26.822854+00:00,200,257,,
2026-07-25T15:35:37.256178+00:00,200,431,,
2026-07-25T15:35:47.602724+00:00,200,341,,
2026-07-25T15:35:57.862666+00:00,200,255,,
2026-07-25T15:36:08.109413+00:00,200,245,,
2026-07-25T15:36:18.371025+00:00,200,260,,
2026-07-25T15:36:28.678725+00:00,200,305,,
2026-07-25T15:36:38.952051+00:00,200,271,,
2026-07-25T15:36:49.200794+00:00,200,247,,
2026-07-25T15:36:59.478394+00:00,200,276,,
2026-07-25T15:37:09.759256+00:00,200,279,,
2026-07-25T15:37:20.053491+00:00,200,292,,
2026-07-25T15:37:30.303357+00:00,200,248,,
2026-07-25T15:37:40.582659+00:00,200,277,,
2026-07-25T15:37:50.854534+00:00,200,269,,
2026-07-25T15:38:01.127284+00:00,200,270,,
2026-07-25T15:38:11.482136+00:00,200,353,,
2026-07-25T15:38:21.761250+00:00,200,272,,
2026-07-25T15:38:31.998019+00:00,200,232,,
2026-07-25T15:38:42.230531+00:00,200,229,,
2026-07-25T15:38:52.466881+00:00,200,234,,
2026-07-25T15:39:02.820694+00:00,200,337,,
2026-07-25T15:39:13.014786+00:00,200,191,,
2026-07-25T15:39:23.249456+00:00,200,229,,
2026-07-25T15:39:33.498864+00:00,200,244,,
2026-07-25T15:39:43.686953+00:00,200,184,,
2026-07-25T15:39:53.945504+00:00,200,257,,
2026-07-25T15:40:04.194804+00:00,200,239,,
2026-07-25T15:40:14.419973+00:00,200,223,,
2026-07-25T15:40:24.670464+00:00,200,246,,
2026-07-25T15:40:34.998409+00:00,200,324,,
2026-07-25T15:40:48.654234+00:00,502,3654,GatewayError,
2026-07-25T15:40:59.635089+00:00,200,975,,
2026-07-25T15:41:09.904616+00:00,200,263,,
2026-07-25T15:41:23.445819+00:00,502,3538,GatewayError,
2026-07-25T15:41:34.244923+00:00,200,797,,
2026-07-25T15:41:44.575122+00:00,200,328,,
2026-07-25T15:41:54.884989+00:00,200,308,,
2026-07-25T15:42:05.111780+00:00,200,225,,
2026-07-25T15:42:15.615970+00:00,200,502,,
2026-07-25T15:42:25.883632+00:00,200,247,,
2026-07-25T15:42:36.348963+00:00,200,463,,
2026-07-25T15:42:46.891813+00:00,200,539,,
2026-07-25T15:42:57.087354+00:00,200,193,,
2026-07-25T15:43:07.367923+00:00,200,278,,
2026-07-25T15:43:17.614037+00:00,200,245,,
2026-07-25T15:43:27.863345+00:00,200,247,,
2026-07-25T15:43:38.333904+00:00,200,462,,
2026-07-25T15:43:48.779529+00:00,200,427,,
2026-07-25T15:43:59.090533+00:00,200,305,,
2026-07-25T15:44:09.459623+00:00,200,366,,
2026-07-25T15:44:19.904183+00:00,200,438,,
2026-07-25T15:44:30.260390+00:00,200,354,,
2026-07-25T15:44:40.583158+00:00,200,318,,
2026-07-25T15:44:51.103661+00:00,200,518,,
2026-07-25T15:45:02.109357+00:00,200,1002,,
2026-07-25T15:45:12.902505+00:00,200,788,,
2026-07-25T15:45:23.445559+00:00,200,541,,
2026-07-25T15:45:34.071479+00:00,200,623,,
2026-07-25T15:45:45.254182+00:00,200,1179,,
2026-07-25T15:45:55.769658+00:00,200,514,,
2026-07-25T15:46:06.231575+00:00,200,457,,
2026-07-25T15:46:16.879628+00:00,200,643,,
2026-07-25T15:46:27.339603+00:00,200,458,,
2026-07-25T15:46:38.141621+00:00,200,797,,
2026-07-25T15:46:49.035171+00:00,200,870,,
2026-07-25T15:46:59.300970+00:00,200,263,,
2026-07-25T15:47:10.131407+00:00,200,829,,
2026-07-25T15:47:20.638279+00:00,200,505,,
2026-07-25T15:47:31.081648+00:00,200,442,,
2026-07-25T15:47:41.344147+00:00,200,260,,
2026-07-25T15:47:51.681486+00:00,200,335,,
2026-07-25T15:48:02.267998+00:00,200,583,,
2026-07-25T15:48:12.529942+00:00,200,260,,
2026-07-25T15:48:22.946702+00:00,200,415,,
2026-07-25T15:48:33.429623+00:00,200,480,,
2026-07-25T15:48:43.833444+00:00,200,401,,
2026-07-25T15:48:54.111085+00:00,200,276,,
2026-07-25T15:49:04.412808+00:00,200,299,,
2026-07-25T15:49:14.801925+00:00,200,387,,
2026-07-25T15:49:25.087504+00:00,200,282,,
2026-07-25T15:49:35.416642+00:00,200,327,,
2026-07-25T15:49:45.737723+00:00,200,319,,
2026-07-25T15:49:56.039309+00:00,200,298,,
2026-07-25T15:50:06.334992+00:00,200,292,,
2026-07-25T15:50:16.677814+00:00,200,340,,
2026-07-25T15:50:26.975546+00:00,200,295,,
2026-07-25T15:50:37.276886+00:00,200,299,,
2026-07-25T15:50:47.689120+00:00,200,410,,
2026-07-25T15:50:57.983991+00:00,200,293,,
2026-07-25T15:51:08.262904+00:00,200,277,,
2026-07-25T15:51:18.596105+00:00,200,325,,
2026-07-25T15:51:29.037533+00:00,200,436,,
2026-07-25T15:51:39.389668+00:00,200,346,,
2026-07-25T15:51:49.655717+00:00,200,253,,
2026-07-25T15:51:59.913426+00:00,200,255,,
2026-07-25T15:52:10.313259+00:00,200,393,,
2026-07-25T15:52:20.595013+00:00,200,280,,
2026-07-25T15:52:30.901807+00:00,200,305,,
2026-07-25T15:52:41.188074+00:00,200,285,,
2026-07-25T15:52:51.443612+00:00,200,253,,
2026-07-25T15:53:01.777957+00:00,200,331,,
2026-07-25T15:53:12.117272+00:00,200,333,,
2026-07-25T15:53:22.493023+00:00,200,373,,
2026-07-25T15:53:32.800063+00:00,200,286,,
2026-07-25T15:53:43.066204+00:00,200,263,,
2026-07-25T15:53:53.426110+00:00,200,357,,
2026-07-25T15:54:03.802716+00:00,200,375,,
2026-07-25T15:54:14.198088+00:00,200,393,,
2026-07-25T15:54:24.486059+00:00,200,284,,
2026-07-25T15:54:34.796626+00:00,200,307,,
2026-07-25T15:54:45.139449+00:00,200,340,,
2026-07-25T15:54:55.485555+00:00,200,339,,
2026-07-25T15:55:05.835479+00:00,200,348,,
2026-07-25T15:55:16.481264+00:00,200,643,,
2026-07-25T15:55:26.800767+00:00,200,310,,
2026-07-25T15:55:37.132785+00:00,200,327,,
2026-07-25T15:55:47.573568+00:00,200,436,,
2026-07-25T15:55:58.031486+00:00,200,455,,
2026-07-25T15:56:08.571002+00:00,200,531,,
2026-07-25T15:56:18.936102+00:00,200,350,,
2026-07-25T15:56:29.184691+00:00,200,246,,
2026-07-25T15:56:39.453757+00:00,200,267,,
2026-07-25T15:56:49.801178+00:00,200,346,,
2026-07-25T15:57:00.191541+00:00,200,379,,
2026-07-25T15:57:10.507667+00:00,200,314,,
2026-07-25T15:57:20.823616+00:00,200,312,,
2026-07-25T15:57:31.217179+00:00,200,390,,
2026-07-25T15:57:41.463793+00:00,200,244,,
2026-07-25T15:57:51.695353+00:00,200,230,,
2026-07-25T15:58:01.934966+00:00,200,238,,
2026-07-25T15:58:12.210943+00:00,200,272,,
2026-07-25T15:58:22.516599+00:00,200,299,,
2026-07-25T15:58:32.829293+00:00,200,309,,
2026-07-25T15:58:43.132341+00:00,404,299,HTTPError,
2026-07-25T15:58:53.471252+00:00,502,336,GatewayError,
2026-07-25T15:59:07.185953+00:00,200,3710,,
2026-07-25T15:59:17.375476+00:00,200,173,,
2026-07-25T15:59:27.569015+00:00,200,192,,
2026-07-25T15:59:37.811352+00:00,200,240,,
2026-07-25T15:59:48.045256+00:00,200,232,,
2026-07-25T15:59:58.277539+00:00,200,229,,
2026-07-25T16:00:08.451626+00:00,200,171,,
2026-07-25T16:00:18.769769+00:00,200,313,,
2026-07-25T16:00:28.982196+00:00,200,209,,
2026-07-25T16:00:39.193753+00:00,200,208,,
2026-07-25T16:00:49.473920+00:00,200,277,,
2026-07-25T16:00:59.736534+00:00,200,260,,
2026-07-25T16:01:09.927602+00:00,200,188,,
2026-07-25T16:01:20.168465+00:00,200,239,,
2026-07-25T16:01:30.406128+00:00,200,234,,
2026-07-25T16:01:40.655774+00:00,200,245,,
2026-07-25T16:01:50.949558+00:00,200,277,,
2026-07-25T16:02:01.158988+00:00,200,208,,
2026-07-25T16:02:11.455433+00:00,200,289,,
2026-07-25T16:02:21.707033+00:00,200,236,,
2026-07-25T16:02:32.451116+00:00,200,737,,
2026-07-25T16:02:42.930579+00:00,200,476,,
2026-07-25T16:02:53.839197+00:00,200,903,,
2026-07-25T16:03:04.033247+00:00,200,193,,
2026-07-25T16:03:14.429748+00:00,200,395,,
2026-07-25T16:03:24.958588+00:00,200,526,,
2026-07-25T16:03:35.142047+00:00,200,182,,
2026-07-25T16:03:46.217287+00:00,200,1074,,
2026-07-25T16:03:56.912316+00:00,200,692,,
2026-07-25T16:04:07.124586+00:00,200,211,,
2026-07-25T16:04:17.348830+00:00,200,222,,
2026-07-25T16:04:27.549954+00:00,200,199,,
2026-07-25T16:04:37.786206+00:00,200,235,,
2026-07-25T16:04:48.049447+00:00,200,260,,
2026-07-25T16:04:58.226528+00:00,200,176,,
2026-07-25T16:05:08.449357+00:00,200,221,,
2026-07-25T16:05:18.615452+00:00,200,164,,
2026-07-25T16:05:28.859558+00:00,200,242,,
2026-07-25T16:05:39.250211+00:00,200,372,,
2026-07-25T16:05:49.457263+00:00,200,205,,
2026-07-25T16:05:59.682011+00:00,200,223,,
2026-07-25T16:06:09.835284+00:00,200,151,,
2026-07-25T16:07:44.967922+00:00,200,265,,
2026-07-25T16:07:55.197227+00:00,200,228,,
2026-07-25T16:08:05.484153+00:00,200,285,,
2026-07-25T16:08:15.741130+00:00,200,255,,
2026-07-25T16:08:25.983013+00:00,200,239,,
2026-07-25T16:08:36.171094+00:00,200,185,,
2026-07-25T16:08:46.405672+00:00,200,232,,
2026-07-25T16:08:56.590173+00:00,200,182,,
2026-07-25T16:09:06.792641+00:00,200,200,,
2026-07-25T16:09:17.125672+00:00,200,331,,
2026-07-25T16:09:27.417509+00:00,200,288,,
2026-07-25T16:09:37.678369+00:00,200,259,,
2026-07-25T16:09:47.934874+00:00,200,254,,
2026-07-25T16:09:58.215222+00:00,200,279,,
2026-07-25T16:10:08.555530+00:00,200,335,,
2026-07-25T16:10:18.838541+00:00,200,278,,
2026-07-25T16:10:29.144427+00:00,200,304,,
2026-07-25T16:10:41.378997+00:00,200,2226,,
2026-07-25T16:10:53.250988+00:00,200,1863,,
2026-07-25T16:11:03.684676+00:00,200,431,,
2026-07-25T16:11:14.009057+00:00,200,320,,
2026-07-25T16:11:24.299347+00:00,200,287,,
2026-07-25T16:11:34.590493+00:00,200,287,,
2026-07-25T16:11:44.915747+00:00,200,322,,
2026-07-25T16:11:55.194279+00:00,200,276,,
2026-07-25T16:12:05.795872+00:00,200,600,,
2026-07-25T16:12:16.130894+00:00,200,333,,
2026-07-25T16:12:26.471981+00:00,200,321,,
2026-07-25T16:12:36.740643+00:00,200,266,,
2026-07-25T16:12:47.142792+00:00,200,400,,
2026-07-25T16:12:57.496027+00:00,200,350,,
2026-07-25T16:13:07.781936+00:00,200,283,,
2026-07-25T16:13:18.086202+00:00,200,302,,
2026-07-25T16:13:28.553437+00:00,200,462,,
2026-07-25T16:13:38.835692+00:00,200,277,,
2026-07-25T16:13:49.126517+00:00,200,288,,
2026-07-25T16:13:59.454217+00:00,200,326,,
2026-07-25T16:14:09.757994+00:00,200,302,,
2026-07-25T16:14:20.042953+00:00,200,283,,
2026-07-25T16:14:31.920674+00:00,200,1875,,
2026-07-25T16:14:42.178905+00:00,200,256,,
2026-07-25T16:14:52.665846+00:00,200,485,,
2026-07-25T16:15:03.076440+00:00,200,409,,
2026-07-25T16:15:13.237324+00:00,200,159,,
2026-07-25T16:15:23.464965+00:00,200,226,,
2026-07-25T16:15:33.764126+00:00,200,296,,
2026-07-25T16:15:43.987386+00:00,404,221,HTTPError,
2026-07-25T16:15:54.158505+00:00,502,169,GatewayError,
2026-07-25T16:16:04.355907+00:00,200,196,,
2026-07-25T16:16:14.555024+00:00,200,197,,
2026-07-25T16:16:24.739275+00:00,200,182,,
2026-07-25T16:16:35.055361+00:00,200,314,,
2026-07-25T16:16:45.226008+00:00,200,168,,
2026-07-25T16:16:55.392054+00:00,200,164,,
2026-07-25T16:17:05.603281+00:00,200,210,,
2026-07-25T16:17:15.887666+00:00,200,279,,
2026-07-25T16:17:26.077278+00:00,200,186,,
2026-07-25T16:17:36.254979+00:00,200,175,,
2026-07-25T16:17:46.574145+00:00,200,317,,
2026-07-25T16:17:56.818422+00:00,200,213,,
2026-07-25T16:18:07.071486+00:00,200,250,,
2026-07-25T16:18:17.267523+00:00,200,185,,
2026-07-25T16:18:27.544407+00:00,200,275,,
2026-07-25T16:18:37.766861+00:00,200,219,,
2026-07-25T16:18:48.029321+00:00,200,261,,
2026-07-25T16:18:58.221286+00:00,200,190,,
2026-07-25T16:19:08.482451+00:00,200,258,,
2026-07-25T16:19:18.833298+00:00,200,337,,
2026-07-25T16:19:29.203889+00:00,200,359,,
2026-07-25T16:19:39.458172+00:00,200,252,,
2026-07-25T16:19:49.801943+00:00,200,341,,
2026-07-25T16:20:00.150948+00:00,200,341,,
2026-07-25T16:20:10.424781+00:00,200,272,,
2026-07-25T16:20:20.745682+00:00,200,317,,
2026-07-25T16:20:31.037501+00:00,200,288,,
2026-07-25T16:20:41.374307+00:00,200,335,,
2026-07-25T16:20:51.637273+00:00,200,261,,
2026-07-25T16:21:01.965666+00:00,200,324,,
2026-07-25T16:21:12.249924+00:00,200,274,,
2026-07-25T16:21:22.526157+00:00,200,273,,
2026-07-25T16:21:32.770441+00:00,200,238,,
2026-07-25T16:21:43.024064+00:00,200,252,,
2026-07-25T16:21:53.277474+00:00,200,252,,
2026-07-25T16:22:03.538181+00:00,200,259,,
2026-07-25T16:22:13.848396+00:00,200,308,,
2026-07-25T16:22:24.150227+00:00,200,299,,
2026-07-25T16:22:34.468832+00:00,200,317,,
2026-07-25T16:22:44.723881+00:00,200,252,,
2026-07-25T16:22:55.057307+00:00,200,330,,
2026-07-25T16:23:05.335479+00:00,200,275,,
2026-07-25T16:23:15.744994+00:00,200,407,,
2026-07-25T16:23:26.104866+00:00,200,349,,
2026-07-25T16:23:36.429133+00:00,200,321,,
2026-07-25T16:23:46.733994+00:00,200,302,,
2026-07-25T16:23:57.059657+00:00,200,322,,
2026-07-25T16:24:07.341012+00:00,200,277,,
2026-07-25T16:24:17.709164+00:00,200,363,,
2026-07-25T16:24:28.021629+00:00,200,310,,
2026-07-25T16:24:38.728057+00:00,200,697,,
2026-07-25T16:25:04.253041+00:00,TIMEOUT,,TimeoutError,"HTTPSConnectionPool(host='socanalyst.raymundgerardestaca.dev', port=443): Read timed out. (read timeout=10)"
2026-07-25T16:25:16.937182+00:00,200,2681,,
2026-07-25T16:25:29.461402+00:00,200,2522,,
2026-07-25T16:25:39.746624+00:00,200,282,,
2026-07-25T16:25:49.972325+00:00,200,222,,
2026-07-25T16:26:00.204931+00:00,200,230,,
2026-07-25T16:26:10.431101+00:00,200,223,,
2026-07-25T16:26:20.659884+00:00,200,224,,
2026-07-25T16:26:30.855254+00:00,200,193,,
2026-07-25T16:26:41.038322+00:00,200,180,,
2026-07-25T16:26:54.147688+00:00,502,3107,GatewayError,
2026-07-25T16:27:04.435796+00:00,200,280,,
2026-07-25T16:27:14.720650+00:00,200,280,,
2026-07-25T16:27:24.973462+00:00,200,248,,
2026-07-25T16:27:35.166472+00:00,200,191,,
2026-07-25T16:27:45.362123+00:00,200,194,,
2026-07-25T16:27:55.508167+00:00,200,145,,
2026-07-25T16:28:05.683810+00:00,200,174,,
2026-07-25T16:28:15.849088+00:00,200,163,,
2026-07-25T16:28:26.003904+00:00,200,152,,
2026-07-25T16:28:36.180042+00:00,200,174,,
2026-07-25T16:28:46.421739+00:00,200,240,,
2026-07-25T16:28:56.631924+00:00,200,207,,
2026-07-25T16:29:06.800068+00:00,200,166,,
2026-07-25T16:29:16.979054+00:00,200,176,,
2026-07-25T16:29:27.178476+00:00,200,197,,
2026-07-25T16:29:37.396257+00:00,200,216,,
2026-07-25T16:29:47.659886+00:00,200,262,,
2026-07-25T16:29:57.900241+00:00,200,239,,
2026-07-25T16:30:08.091644+00:00,200,190,,
2026-07-25T16:30:18.337096+00:00,200,243,,
2026-07-25T16:30:28.788784+00:00,200,444,,
2026-07-25T16:30:39.050126+00:00,200,258,,
2026-07-25T16:30:49.353007+00:00,200,295,,
2026-07-25T16:30:59.579881+00:00,200,222,,
2026-07-25T16:31:09.836225+00:00,200,253,,
2026-07-25T16:31:20.067970+00:00,200,223,,
2026-07-25T16:31:30.229455+00:00,200,160,,
2026-07-25T16:31:40.447342+00:00,200,216,,
2026-07-25T16:31:50.633650+00:00,200,184,,
2026-07-25T16:32:00.779525+00:00,200,144,,
2026-07-25T16:32:10.946586+00:00,200,166,,
2026-07-25T16:32:21.148417+00:00,200,199,,
2026-07-25T16:32:31.380088+00:00,200,229,,
2026-07-25T16:32:41.701809+00:00,200,318,,
2026-07-25T16:32:51.887495+00:00,200,179,,
2026-07-25T16:33:02.141797+00:00,200,252,,
2026-07-25T16:33:12.327338+00:00,200,180,,
2026-07-25T16:33:22.587875+00:00,200,257,,
2026-07-25T16:33:32.835195+00:00,200,245,,
2026-07-25T16:33:43.099802+00:00,200,259,,
2026-07-25T16:33:53.442668+00:00,200,337,,
2026-07-25T16:34:03.629734+00:00,200,183,,
2026-07-25T16:34:13.816235+00:00,200,184,,
2026-07-25T16:34:23.982812+00:00,200,164,,
2026-07-25T16:34:34.339012+00:00,200,354,,
2026-07-25T16:34:44.845128+00:00,200,500,,
2026-07-25T16:34:55.165541+00:00,200,319,,
2026-07-25T16:35:05.439019+00:00,200,272,,
2026-07-25T16:35:15.718222+00:00,200,277,,
2026-07-25T16:35:26.011117+00:00,200,291,,
2026-07-25T16:35:36.298932+00:00,200,286,,
2026-07-25T16:35:46.559178+00:00,200,258,,
2026-07-25T16:35:56.840171+00:00,200,277,,
2026-07-25T16:36:07.113103+00:00,200,272,,
2026-07-25T16:36:17.430502+00:00,200,315,,
2026-07-25T16:36:27.745665+00:00,200,314,,
2026-07-25T16:36:38.126982+00:00,200,379,,
2026-07-25T16:36:48.466158+00:00,200,333,,
2026-07-25T16:36:58.893218+00:00,200,411,,
2026-07-25T16:37:09.172542+00:00,200,277,,
2026-07-25T16:37:20.691976+00:00,200,1499,,
2026-07-25T16:37:31.075280+00:00,200,378,,
2026-07-25T16:37:41.341250+00:00,200,263,,
2026-07-25T16:37:51.670102+00:00,200,324,,
2026-07-25T16:38:02.022975+00:00,200,345,,
2026-07-25T16:38:12.325885+00:00,200,290,,
2026-07-25T16:38:22.653397+00:00,200,324,,
2026-07-25T16:38:32.929494+00:00,200,274,,
2026-07-25T16:38:43.272069+00:00,200,334,,
2026-07-25T16:38:53.570355+00:00,200,290,,
2026-07-25T16:39:03.878871+00:00,200,306,,
2026-07-25T16:39:14.139366+00:00,200,258,,
2026-07-25T16:39:24.430661+00:00,200,290,,
2026-07-25T16:39:34.698859+00:00,200,267,,
2026-07-25T16:39:44.865332+00:00,200,165,,
2026-07-25T16:39:55.169434+00:00,200,302,,
2026-07-25T16:40:05.472829+00:00,200,299,,
2026-07-25T16:40:15.741293+00:00,200,264,,
2026-07-25T16:40:26.052422+00:00,200,309,,
2026-07-25T16:40:36.326904+00:00,200,269,,
2026-07-25T16:40:46.730357+00:00,200,401,,
2026-07-25T16:40:57.010554+00:00,200,278,,
2026-07-25T16:41:07.381333+00:00,200,369,,
2026-07-25T16:41:17.678020+00:00,200,289,,
2026-07-25T16:41:27.992732+00:00,200,309,,
2026-07-25T16:41:38.279513+00:00,200,283,,
2026-07-25T16:41:48.700575+00:00,200,417,,
2026-07-25T16:41:58.983998+00:00,200,277,,
2026-07-25T16:42:09.457633+00:00,200,462,,
2026-07-25T16:42:19.782043+00:00,200,312,,
2026-07-25T16:42:30.101696+00:00,200,317,,
2026-07-25T16:42:40.406339+00:00,200,302,,
2026-07-25T16:42:50.709096+00:00,200,294,,
2026-07-25T16:43:00.960291+00:00,200,249,,
2026-07-25T16:43:11.205648+00:00,200,244,,
2026-07-25T16:43:21.748218+00:00,200,540,,
2026-07-25T16:43:32.127271+00:00,200,376,,
2026-07-25T16:43:42.424616+00:00,200,289,,
2026-07-25T16:43:52.721387+00:00,200,293,,
2026-07-25T16:44:02.994818+00:00,200,270,,
2026-07-25T16:44:13.297577+00:00,200,299,,
2026-07-25T16:44:23.590509+00:00,200,290,,
2026-07-25T16:44:33.904481+00:00,200,309,,
2026-07-25T16:44:44.298438+00:00,200,390,,
2026-07-25T16:44:54.594235+00:00,200,287,,
2026-07-25T16:45:04.826641+00:00,200,231,,
2026-07-25T16:45:15.056894+00:00,200,228,,
2026-07-25T16:45:25.339715+00:00,200,279,,
2026-07-25T16:45:35.588843+00:00,200,246,,
2026-07-25T16:45:45.812429+00:00,200,220,,
2026-07-25T16:45:56.073647+00:00,200,258,,
2026-07-25T16:46:06.327556+00:00,200,252,,
2026-07-25T16:46:16.532898+00:00,200,201,,
2026-07-25T16:46:26.741669+00:00,200,205,,
2026-07-25T16:46:37.076731+00:00,200,330,,
2026-07-25T16:46:47.504757+00:00,200,426,,
2026-07-25T16:46:57.742743+00:00,200,235,,
2026-07-25T16:47:08.065887+00:00,200,321,,
2026-07-25T16:47:18.408821+00:00,200,339,,
2026-07-25T16:47:28.629866+00:00,200,216,,
2026-07-25T16:47:38.825059+00:00,200,190,,
2026-07-25T16:47:49.031004+00:00,200,203,,
2026-07-25T16:47:59.261308+00:00,200,228,,
2026-07-25T16:48:09.484088+00:00,200,221,,
2026-07-25T16:48:19.845599+00:00,200,360,,
2026-07-25T16:48:30.183181+00:00,200,336,,
2026-07-25T16:48:40.624580+00:00,200,433,,
2026-07-25T16:48:50.832108+00:00,200,206,,
2026-07-25T16:49:01.099633+00:00,200,263,,
2026-07-25T16:49:11.327724+00:00,200,224,,
2026-07-25T16:49:21.515351+00:00,200,182,,
2026-07-25T16:49:31.707865+00:00,200,183,,
2026-07-25T16:49:41.942657+00:00,200,232,,
2026-07-25T16:49:52.259643+00:00,200,314,,
2026-07-25T16:50:02.473792+00:00,200,209,,
2026-07-25T16:50:12.922068+00:00,200,437,,
2026-07-25T16:50:23.349402+00:00,200,423,,
2026-07-25T16:50:33.597692+00:00,200,243,,
2026-07-25T16:50:43.871884+00:00,200,273,,
2026-07-25T16:50:54.137286+00:00,200,263,,
2026-07-25T16:51:04.438788+00:00,200,299,,
2026-07-25T16:51:14.763881+00:00,200,322,,
2026-07-25T16:51:25.045633+00:00,200,275,,
2026-07-25T16:51:35.442365+00:00,200,388,,
2026-07-25T16:51:45.756399+00:00,200,310,,
2026-07-25T16:51:56.092064+00:00,200,334,,
2026-07-25T16:52:06.484600+00:00,200,390,,
2026-07-25T16:52:16.892400+00:00,200,399,,
2026-07-25T16:52:27.187297+00:00,200,280,,
2026-07-25T16:52:37.509901+00:00,200,320,,
2026-07-25T16:52:47.837636+00:00,200,321,,
2026-07-25T16:52:58.189734+00:00,200,350,,
2026-07-25T16:53:08.474784+00:00,200,277,,
2026-07-25T16:53:18.797943+00:00,200,315,,
2026-07-25T16:53:29.185058+00:00,200,376,,
2026-07-25T16:53:39.471221+00:00,200,279,,
2026-07-25T16:53:49.800040+00:00,200,326,,
2026-07-25T16:54:00.181456+00:00,200,375,,
2026-07-25T16:54:10.465199+00:00,200,281,,
2026-07-25T16:54:20.762793+00:00,200,295,,
2026-07-25T16:54:31.051835+00:00,200,283,,
2026-07-25T16:54:41.435881+00:00,200,378,,
2026-07-25T16:54:51.681629+00:00,200,240,,
2026-07-25T16:55:02.033647+00:00,200,349,,
2026-07-25T16:55:12.313911+00:00,200,274,,
2026-07-25T16:55:22.599509+00:00,200,284,,
2026-07-25T16:55:32.960470+00:00,200,358,,
2026-07-25T16:55:43.289974+00:00,200,323,,
2026-07-25T16:55:53.596126+00:00,200,302,,
2026-07-25T16:56:03.905726+00:00,200,305,,
2026-07-25T16:56:14.211664+00:00,200,304,,
2026-07-25T16:56:24.562180+00:00,200,343,,
2026-07-25T16:56:34.917221+00:00,200,349,,
2026-07-25T16:56:45.194041+00:00,200,274,,
2026-07-25T16:56:55.535417+00:00,200,338,,
2026-07-25T16:57:05.840392+00:00,200,299,,
2026-07-25T16:57:16.285478+00:00,200,443,,
2026-07-25T16:57:26.613321+00:00,200,324,,
2026-07-25T16:57:36.980364+00:00,200,363,,
2026-07-25T16:57:47.333492+00:00,200,348,,
2026-07-25T16:57:57.697880+00:00,200,354,,
2026-07-25T16:58:08.364583+00:00,200,635,,
2026-07-25T16:58:18.618640+00:00,200,246,,
2026-07-25T16:58:28.868285+00:00,200,248,,
2026-07-25T16:58:39.132939+00:00,200,263,,
2026-07-25T16:58:49.427234+00:00,200,292,,
2026-07-25T16:58:59.716945+00:00,200,287,,
2026-07-25T16:59:09.989201+00:00,200,270,,
2026-07-25T16:59:20.385922+00:00,200,394,,
2026-07-25T16:59:30.687243+00:00,404,294,HTTPError,
2026-07-25T16:59:41.020704+00:00,502,332,GatewayError,
2026-07-25T16:59:51.362996+00:00,200,339,,
2026-07-25T17:00:01.660285+00:00,200,290,,
2026-07-25T17:00:11.978222+00:00,200,316,,
2026-07-25T17:00:22.240993+00:00,200,259,,
2026-07-25T17:00:32.497648+00:00,200,254,,
2026-07-25T17:00:42.769181+00:00,200,270,,
2026-07-25T17:00:53.114048+00:00,200,341,,
2026-07-25T17:01:03.483223+00:00,200,363,,
2026-07-25T17:01:13.777811+00:00,200,291,,
2026-07-25T17:01:24.079686+00:00,200,300,,
2026-07-25T17:01:34.425288+00:00,200,344,,
2026-07-25T17:01:44.783843+00:00,200,347,,
2026-07-25T17:01:55.113988+00:00,200,327,,
2026-07-25T17:02:05.375181+00:00,200,257,,
2026-07-25T17:02:15.659089+00:00,200,280,,
2026-07-25T17:02:25.925543+00:00,200,263,,
2026-07-25T17:02:36.203931+00:00,200,276,,
2026-07-25T17:02:46.474895+00:00,200,269,,
2026-07-25T17:02:56.783695+00:00,200,300,,
2026-07-25T17:03:07.220098+00:00,200,430,,
2026-07-25T17:03:17.552639+00:00,200,323,,
2026-07-25T17:03:27.824423+00:00,200,268,,
2026-07-25T17:03:38.126888+00:00,200,301,,
2026-07-25T17:03:48.419747+00:00,200,290,,
2026-07-25T17:03:58.757605+00:00,200,333,,
2026-07-25T17:04:09.034406+00:00,200,274,,
2026-07-25T17:04:19.354106+00:00,200,315,,
2026-07-25T17:04:29.655751+00:00,200,282,,
2026-07-25T17:04:39.953004+00:00,200,293,,
2026-07-25T17:04:50.222241+00:00,200,267,,
2026-07-25T17:05:00.472957+00:00,200,249,,
2026-07-25T17:05:10.812328+00:00,200,338,,
