Timestamp,StatusCode,Latency_ms,ErrorType,ErrorDetail
2026-07-26T03:12:25.123018+00:00,200,234,,
2026-07-26T03:12:35.367594+00:00,200,243,,
2026-07-26T03:12:45.611716+00:00,200,243,,
2026-07-26T03:12:55.840543+00:00,200,227,,
2026-07-26T03:13:06.044211+00:00,200,201,,
2026-07-26T03:13:16.253260+00:00,200,206,,
2026-07-26T03:13:26.464697+00:00,200,210,,
2026-07-26T03:13:36.663710+00:00,200,197,,
2026-07-26T03:13:46.862183+00:00,200,196,,
2026-07-26T03:13:57.034956+00:00,200,170,,
2026-07-26T03:14:07.206491+00:00,200,152,,
2026-07-26T03:14:17.435334+00:00,200,227,,
2026-07-26T03:14:27.622184+00:00,200,185,,
2026-07-26T03:14:37.971579+00:00,200,348,,
2026-07-26T03:14:48.182486+00:00,200,209,,
2026-07-26T03:14:58.358619+00:00,200,174,,
2026-07-26T03:15:08.580944+00:00,200,211,,
2026-07-26T03:15:18.815707+00:00,200,233,,
2026-07-26T03:15:29.061510+00:00,200,244,,
2026-07-26T03:15:39.385879+00:00,200,322,,
2026-07-26T03:15:49.735395+00:00,200,348,,
2026-07-26T03:16:00.124744+00:00,200,387,,
2026-07-26T03:16:10.361638+00:00,200,235,,
2026-07-26T03:16:20.542538+00:00,200,179,,
2026-07-26T03:16:30.747525+00:00,200,203,,
2026-07-26T03:16:41.015327+00:00,200,266,,
2026-07-26T03:16:51.222722+00:00,200,206,,
2026-07-26T03:17:01.464383+00:00,200,239,,
2026-07-26T03:17:11.671153+00:00,200,205,,
2026-07-26T03:17:21.887081+00:00,200,213,,
2026-07-26T03:17:32.061915+00:00,200,173,,
2026-07-26T03:17:42.266386+00:00,200,203,,
2026-07-26T03:17:52.431762+00:00,200,164,,
2026-07-26T03:18:02.610144+00:00,200,177,,
2026-07-26T03:18:12.798908+00:00,200,187,,
2026-07-26T03:18:23.032024+00:00,200,231,,
2026-07-26T03:18:33.200185+00:00,200,166,,
2026-07-26T03:18:43.433855+00:00,200,232,,
2026-07-26T03:18:53.637036+00:00,200,201,,
2026-07-26T03:19:03.858702+00:00,200,220,,
2026-07-26T03:19:14.065137+00:00,200,204,,
2026-07-26T03:19:24.303373+00:00,200,236,,
2026-07-26T03:19:34.531072+00:00,200,226,,
2026-07-26T03:19:44.744111+00:00,200,211,,
2026-07-26T03:19:54.963250+00:00,200,217,,
2026-07-26T03:20:05.207520+00:00,200,242,,
2026-07-26T03:20:15.413346+00:00,200,203,,
2026-07-26T03:20:25.617808+00:00,200,202,,
2026-07-26T03:20:35.871971+00:00,200,252,,
2026-07-26T03:20:46.041993+00:00,200,168,,
2026-07-26T03:20:56.264734+00:00,200,221,,
2026-07-26T03:21:06.477285+00:00,200,210,,
2026-07-26T03:21:16.715162+00:00,200,236,,
2026-07-26T03:21:26.961517+00:00,200,244,,
2026-07-26T03:21:37.194743+00:00,200,231,,
2026-07-26T03:21:47.444730+00:00,200,247,,
2026-07-26T03:21:57.645915+00:00,200,199,,
2026-07-26T03:22:07.869742+00:00,200,222,,
2026-07-26T03:22:18.051513+00:00,200,180,,
2026-07-26T03:22:28.271871+00:00,200,218,,
2026-07-26T03:22:38.485418+00:00,200,211,,
2026-07-26T03:22:48.869106+00:00,200,382,,
2026-07-26T03:22:59.083467+00:00,200,212,,
2026-07-26T03:23:09.284152+00:00,200,199,,
2026-07-26T03:23:19.741302+00:00,200,455,,
2026-07-26T03:23:29.951564+00:00,404,208,HTTPError,
2026-07-26T03:23:40.244472+00:00,502,291,GatewayError,
2026-07-26T03:23:50.448136+00:00,200,202,,
2026-07-26T03:24:00.731168+00:00,200,280,,
2026-07-26T03:24:11.019294+00:00,200,285,,
2026-07-26T03:24:21.313968+00:00,200,291,,
2026-07-26T03:24:31.541153+00:00,200,224,,
2026-07-26T03:24:41.722083+00:00,200,179,,
2026-07-26T03:24:51.913999+00:00,200,190,,
2026-07-26T03:25:02.177300+00:00,200,262,,
2026-07-26T03:25:12.360671+00:00,200,181,,
2026-07-26T03:25:22.571633+00:00,200,210,,
2026-07-26T03:25:32.928806+00:00,200,355,,
2026-07-26T03:25:43.124514+00:00,200,194,,
2026-07-26T03:25:53.315393+00:00,200,189,,
2026-07-26T03:26:03.570950+00:00,200,253,,
2026-07-26T03:26:13.890387+00:00,200,317,,
2026-07-26T03:26:24.121506+00:00,200,228,,
2026-07-26T03:26:34.334829+00:00,200,211,,
2026-07-26T03:26:44.490812+00:00,200,154,,
2026-07-26T03:26:54.695744+00:00,200,203,,
2026-07-26T03:27:04.885752+00:00,200,187,,
2026-07-26T03:27:15.120049+00:00,200,233,,
2026-07-26T03:27:25.319446+00:00,200,197,,
2026-07-26T03:27:35.534846+00:00,200,214,,
2026-07-26T03:27:45.757801+00:00,200,220,,
2026-07-26T03:27:55.974414+00:00,200,214,,
2026-07-26T03:28:06.244826+00:00,200,268,,
2026-07-26T03:28:16.457517+00:00,200,211,,
2026-07-26T03:28:26.721083+00:00,200,262,,
2026-07-26T03:28:37.051377+00:00,200,328,,
2026-07-26T03:28:47.265849+00:00,200,212,,
2026-07-26T03:28:57.416243+00:00,200,149,,
2026-07-26T03:29:07.640690+00:00,200,222,,
2026-07-26T03:29:17.833180+00:00,200,190,,
2026-07-26T03:29:28.021358+00:00,200,186,,
2026-07-26T03:29:38.195820+00:00,200,172,,
2026-07-26T03:29:48.434794+00:00,404,237,HTTPError,
2026-07-26T03:29:58.724988+00:00,502,288,GatewayError,
2026-07-26T03:30:08.909852+00:00,200,183,,
2026-07-26T03:30:19.102327+00:00,200,190,,
2026-07-26T03:30:29.275806+00:00,200,172,,
2026-07-26T03:30:39.448297+00:00,200,171,,
2026-07-26T03:30:49.718859+00:00,200,269,,
2026-07-26T03:30:59.924537+00:00,200,204,,
2026-07-26T03:31:10.138958+00:00,200,211,,
2026-07-26T03:31:20.371235+00:00,200,230,,
2026-07-26T03:31:30.589664+00:00,200,216,,
2026-07-26T03:31:40.799953+00:00,200,208,,
2026-07-26T03:31:51.004108+00:00,200,202,,
2026-07-26T03:32:01.187108+00:00,200,180,,
2026-07-26T03:32:11.397581+00:00,200,208,,
2026-07-26T03:32:21.602929+00:00,200,202,,
2026-07-26T03:32:32.061985+00:00,200,457,,
2026-07-26T03:32:42.256438+00:00,200,193,,
2026-07-26T03:32:52.511354+00:00,200,252,,
2026-07-26T03:33:02.803608+00:00,200,289,,
2026-07-26T03:33:13.034602+00:00,200,213,,
2026-07-26T03:33:23.344246+00:00,200,304,,
2026-07-26T03:33:33.633938+00:00,200,288,,
2026-07-26T03:33:43.964468+00:00,200,327,,
2026-07-26T03:33:54.315917+00:00,200,347,,
2026-07-26T03:34:04.635120+00:00,200,314,,
2026-07-26T03:34:14.936461+00:00,200,298,,
2026-07-26T03:34:25.200682+00:00,200,259,,
2026-07-26T03:34:35.417568+00:00,200,213,,
2026-07-26T03:34:45.642851+00:00,200,223,,
2026-07-26T03:34:55.801150+00:00,200,157,,
2026-07-26T03:35:06.226714+00:00,200,424,,
2026-07-26T03:35:16.540392+00:00,200,307,,
2026-07-26T03:35:26.892147+00:00,200,346,,
2026-07-26T03:35:37.232033+00:00,200,337,,
2026-07-26T03:35:47.402116+00:00,200,168,,
2026-07-26T03:35:57.668410+00:00,200,264,,
2026-07-26T03:36:08.051369+00:00,200,380,,
2026-07-26T03:36:18.251744+00:00,200,197,,
2026-07-26T03:36:28.513880+00:00,200,258,,
2026-07-26T03:36:38.875433+00:00,200,359,,
2026-07-26T03:36:49.150638+00:00,200,273,,
2026-07-26T03:36:59.412408+00:00,200,258,,
2026-07-26T03:37:09.706216+00:00,200,289,,
2026-07-26T03:37:19.996322+00:00,200,283,,
2026-07-26T03:37:30.310725+00:00,200,308,,
2026-07-26T03:37:40.527367+00:00,200,210,,
2026-07-26T03:37:50.834983+00:00,200,305,,
2026-07-26T03:38:01.144522+00:00,200,306,,
2026-07-26T03:38:11.314088+00:00,200,168,,
2026-07-26T03:38:21.534116+00:00,200,218,,
2026-07-26T03:38:31.753593+00:00,200,217,,
2026-07-26T03:38:41.959665+00:00,200,204,,
2026-07-26T03:38:52.288030+00:00,200,325,,
2026-07-26T03:39:02.562576+00:00,200,269,,
2026-07-26T03:39:12.897854+00:00,200,333,,
2026-07-26T03:39:23.299046+00:00,200,398,,
2026-07-26T03:39:33.493396+00:00,200,191,,
2026-07-26T03:39:43.786246+00:00,200,290,,
2026-07-26T03:39:54.160587+00:00,200,365,,
2026-07-26T03:40:04.433469+00:00,200,270,,
2026-07-26T03:40:14.728341+00:00,200,291,,
2026-07-26T03:40:25.083316+00:00,200,352,,
2026-07-26T03:40:35.356588+00:00,200,270,,
2026-07-26T03:40:45.623943+00:00,200,265,,
2026-07-26T03:40:56.350817+00:00,200,722,,
2026-07-26T03:41:07.026330+00:00,200,674,,
2026-07-26T03:41:17.222653+00:00,200,194,,
2026-07-26T03:41:27.520334+00:00,200,294,,
2026-07-26T03:41:37.795726+00:00,200,257,,
2026-07-26T03:41:48.225400+00:00,200,412,,
2026-07-26T03:41:58.519952+00:00,200,286,,
2026-07-26T03:42:08.770766+00:00,200,248,,
2026-07-26T03:42:19.002776+00:00,200,227,,
2026-07-26T03:42:29.261082+00:00,200,249,,
2026-07-26T03:42:39.486224+00:00,200,223,,
2026-07-26T03:42:50.216218+00:00,200,728,,
2026-07-26T03:43:00.447396+00:00,200,226,,
2026-07-26T03:43:10.689305+00:00,200,238,,
2026-07-26T03:43:20.906116+00:00,200,208,,
2026-07-26T03:43:31.188791+00:00,200,271,,
2026-07-26T03:43:41.434107+00:00,200,243,,
2026-07-26T03:43:51.655101+00:00,200,219,,
2026-07-26T03:44:01.872551+00:00,200,215,,
2026-07-26T03:44:12.113471+00:00,200,237,,
2026-07-26T03:44:22.354863+00:00,200,234,,
2026-07-26T03:44:32.565218+00:00,200,208,,
2026-07-26T03:44:42.808588+00:00,200,241,,
2026-07-26T03:44:53.114159+00:00,200,298,,
2026-07-26T03:45:03.417616+00:00,200,297,,
2026-07-26T03:45:13.772169+00:00,200,350,,
2026-07-26T03:45:24.005967+00:00,200,228,,
2026-07-26T03:45:34.242866+00:00,200,230,,
2026-07-26T03:45:44.498787+00:00,200,253,,
2026-07-26T03:45:54.703612+00:00,200,202,,
2026-07-26T03:46:04.974783+00:00,200,261,,
2026-07-26T03:46:15.234566+00:00,200,257,,
2026-07-26T03:46:25.450386+00:00,200,214,,
2026-07-26T03:46:35.663657+00:00,200,211,,
2026-07-26T03:46:46.061752+00:00,200,396,,
2026-07-26T03:46:56.305250+00:00,404,230,HTTPError,
2026-07-26T03:47:16.689364+00:00,TIMEOUT,,TimeoutError,"HTTPSConnectionPool(host='socanalyst.raymundgerardestaca.dev', port=443): Read timed out. (read timeout=10)"
2026-07-26T03:47:27.009154+00:00,200,311,,
2026-07-26T03:47:37.247127+00:00,200,234,,
2026-07-26T03:47:47.555726+00:00,200,306,,
2026-07-26T03:47:57.830126+00:00,200,270,,
2026-07-26T03:48:08.147405+00:00,200,304,,
2026-07-26T03:48:18.438684+00:00,200,288,,
2026-07-26T03:48:28.727074+00:00,200,281,,
2026-07-26T03:48:39.035920+00:00,200,306,,
2026-07-26T03:48:49.278165+00:00,200,241,,
2026-07-26T03:48:59.559352+00:00,200,279,,
2026-07-26T03:49:09.756872+00:00,200,195,,
2026-07-26T03:49:20.077684+00:00,200,315,,
2026-07-26T03:49:30.309307+00:00,200,228,,
2026-07-26T03:49:40.653903+00:00,200,339,,
2026-07-26T03:49:51.153870+00:00,200,495,,
2026-07-26T03:50:01.430901+00:00,200,274,,
2026-07-26T03:50:11.804103+00:00,200,370,,
2026-07-26T03:50:22.088146+00:00,200,282,,
2026-07-26T03:50:32.353607+00:00,200,263,,
2026-07-26T03:50:42.627506+00:00,200,272,,
2026-07-26T03:50:52.910276+00:00,200,274,,
2026-07-26T03:51:03.082261+00:00,200,169,,
2026-07-26T03:51:13.276740+00:00,200,192,,
2026-07-26T03:51:23.458161+00:00,200,178,,
2026-07-26T03:51:33.681453+00:00,200,221,,
2026-07-26T03:51:43.870218+00:00,200,184,,
2026-07-26T03:51:54.173025+00:00,200,296,,
2026-07-26T03:52:04.530338+00:00,200,355,,
2026-07-26T03:52:14.805680+00:00,200,270,,
2026-07-26T03:52:25.022493+00:00,200,214,,
2026-07-26T03:52:35.299125+00:00,200,272,,
2026-07-26T03:52:45.536598+00:00,200,235,,
2026-07-26T03:52:55.965546+00:00,200,422,,
2026-07-26T03:53:06.243347+00:00,200,276,,
2026-07-26T03:53:16.554804+00:00,200,305,,
2026-07-26T03:53:26.809677+00:00,200,250,,
2026-07-26T03:53:37.071955+00:00,200,259,,
2026-07-26T03:53:47.341692+00:00,200,266,,
2026-07-26T03:53:57.814545+00:00,200,468,,
2026-07-26T03:54:08.066289+00:00,200,249,,
2026-07-26T03:54:18.334935+00:00,200,267,,
2026-07-26T03:54:28.541060+00:00,200,194,,
2026-07-26T03:54:38.901834+00:00,200,359,,
2026-07-26T03:54:49.200557+00:00,200,296,,
2026-07-26T03:54:59.531775+00:00,200,326,,
2026-07-26T03:55:09.843073+00:00,200,308,,
2026-07-26T03:55:20.084050+00:00,200,236,,
2026-07-26T03:55:30.408112+00:00,200,319,,
2026-07-26T03:55:40.812601+00:00,200,400,,
2026-07-26T03:55:51.084615+00:00,200,266,,
2026-07-26T03:56:01.308776+00:00,200,221,,
2026-07-26T03:56:11.546280+00:00,200,235,,
2026-07-26T03:56:21.743814+00:00,200,195,,
2026-07-26T03:56:31.985059+00:00,200,239,,
2026-07-26T03:56:42.195293+00:00,200,206,,
2026-07-26T03:56:52.414159+00:00,200,217,,
2026-07-26T03:57:02.711890+00:00,200,295,,
2026-07-26T03:57:12.977663+00:00,200,263,,
2026-07-26T03:57:23.189282+00:00,200,209,,
2026-07-26T03:57:33.443239+00:00,200,252,,
2026-07-26T03:57:43.661641+00:00,200,217,,
2026-07-26T03:57:53.897052+00:00,200,233,,
2026-07-26T03:58:04.161838+00:00,200,263,,
2026-07-26T03:58:14.349937+00:00,200,185,,
2026-07-26T03:58:24.593511+00:00,200,242,,
2026-07-26T03:58:34.799052+00:00,200,202,,
2026-07-26T03:58:45.043884+00:00,200,241,,
2026-07-26T03:58:55.248618+00:00,200,203,,
2026-07-26T03:59:05.506325+00:00,200,255,,
2026-07-26T03:59:15.754845+00:00,200,247,,
2026-07-26T03:59:26.008790+00:00,200,252,,
2026-07-26T03:59:36.213397+00:00,200,200,,
2026-07-26T03:59:46.432464+00:00,200,216,,
2026-07-26T03:59:56.675501+00:00,200,238,,
2026-07-26T04:00:06.883616+00:00,200,205,,
2026-07-26T04:00:17.085532+00:00,200,196,,
2026-07-26T04:00:27.278697+00:00,200,188,,
2026-07-26T04:00:37.527415+00:00,200,247,,
2026-07-26T04:00:47.741368+00:00,200,212,,
2026-07-26T04:00:58.022187+00:00,200,279,,
2026-07-26T04:01:08.244218+00:00,200,219,,
2026-07-26T04:01:18.469016+00:00,200,221,,
2026-07-26T04:01:28.683945+00:00,200,213,,
2026-07-26T04:01:39.032975+00:00,200,346,,
2026-07-26T04:01:49.232542+00:00,200,196,,
2026-07-26T04:01:59.412943+00:00,200,177,,
2026-07-26T04:02:09.672738+00:00,200,257,,
2026-07-26T04:02:19.852734+00:00,200,173,,
2026-07-26T04:02:30.053333+00:00,200,198,,
2026-07-26T04:02:40.249455+00:00,200,193,,
2026-07-26T04:02:50.446772+00:00,200,195,,
2026-07-26T04:03:00.646290+00:00,200,197,,
2026-07-26T04:03:10.906208+00:00,200,257,,
2026-07-26T04:03:21.105616+00:00,200,197,,
2026-07-26T04:03:31.295605+00:00,200,188,,
2026-07-26T04:03:41.506992+00:00,200,205,,
2026-07-26T04:03:51.785419+00:00,200,277,,
2026-07-26T04:04:02.136796+00:00,200,349,,
2026-07-26T04:04:12.329657+00:00,200,191,,
2026-07-26T04:04:22.533760+00:00,200,199,,
2026-07-26T04:04:32.873847+00:00,200,337,,
2026-07-26T04:04:43.066766+00:00,200,191,,
2026-07-26T04:04:53.372208+00:00,200,302,,
2026-07-26T04:05:03.548497+00:00,200,174,,
2026-07-26T04:05:13.767199+00:00,200,217,,
2026-07-26T04:05:24.024943+00:00,200,255,,
2026-07-26T04:05:34.319939+00:00,200,291,,
2026-07-26T04:05:44.585682+00:00,200,260,,
2026-07-26T04:05:54.900659+00:00,200,312,,
2026-07-26T04:06:05.099612+00:00,200,195,,
2026-07-26T04:06:15.328678+00:00,200,226,,
2026-07-26T04:06:25.630880+00:00,200,298,,
2026-07-26T04:06:35.807796+00:00,200,175,,
2026-07-26T04:06:46.087782+00:00,200,278,,
2026-07-26T04:06:56.284699+00:00,200,195,,
2026-07-26T04:07:06.501908+00:00,200,215,,
2026-07-26T04:07:16.774852+00:00,200,270,,
2026-07-26T04:07:27.000193+00:00,200,223,,
2026-07-26T04:07:37.248711+00:00,200,246,,
2026-07-26T04:07:47.477953+00:00,200,228,,
2026-07-26T04:07:57.739499+00:00,200,259,,
2026-07-26T04:08:07.991710+00:00,200,251,,
2026-07-26T04:08:18.304206+00:00,200,310,,
2026-07-26T04:08:28.487798+00:00,200,181,,
2026-07-26T04:08:38.699132+00:00,200,209,,
2026-07-26T04:08:48.900208+00:00,200,199,,
2026-07-26T04:08:59.099380+00:00,200,197,,
2026-07-26T04:09:09.299292+00:00,200,197,,
2026-07-26T04:09:19.858949+00:00,200,558,,
2026-07-26T04:09:30.163743+00:00,200,302,,
2026-07-26T04:09:40.412934+00:00,200,247,,
2026-07-26T04:09:50.688599+00:00,200,274,,
2026-07-26T04:10:00.914200+00:00,200,221,,
2026-07-26T04:10:11.202617+00:00,200,285,,
2026-07-26T04:10:21.403620+00:00,200,199,,
2026-07-26T04:10:31.609208+00:00,200,203,,
2026-07-26T04:10:41.856384+00:00,200,244,,
2026-07-26T04:10:52.049507+00:00,200,191,,
2026-07-26T04:11:02.234973+00:00,200,184,,
2026-07-26T04:11:12.447809+00:00,200,209,,
2026-07-26T04:11:22.648035+00:00,200,196,,
2026-07-26T04:11:32.929624+00:00,200,278,,
2026-07-26T04:11:43.215350+00:00,200,279,,
2026-07-26T04:11:53.538590+00:00,200,321,,
2026-07-26T04:12:03.733824+00:00,200,194,,
2026-07-26T04:12:13.928203+00:00,200,192,,
2026-07-26T04:12:24.166078+00:00,200,236,,
2026-07-26T04:12:34.423201+00:00,200,254,,
2026-07-26T04:12:44.637918+00:00,200,212,,
2026-07-26T04:12:54.838373+00:00,200,198,,
2026-07-26T04:13:05.058013+00:00,200,217,,
2026-07-26T04:13:15.255399+00:00,200,196,,
2026-07-26T04:13:25.483501+00:00,200,226,,
2026-07-26T04:13:35.712596+00:00,200,227,,
2026-07-26T04:13:45.947145+00:00,200,229,,
2026-07-26T04:13:56.161398+00:00,200,212,,
2026-07-26T04:14:06.600837+00:00,200,434,,
2026-07-26T04:14:16.824706+00:00,200,220,,
2026-07-26T04:14:27.203428+00:00,200,376,,
2026-07-26T04:14:37.447241+00:00,200,241,,
2026-07-26T04:14:47.653509+00:00,200,204,,
2026-07-26T04:14:57.867974+00:00,200,211,,
2026-07-26T04:15:08.073375+00:00,200,203,,
2026-07-26T04:15:18.281866+00:00,200,203,,
2026-07-26T04:15:28.495651+00:00,200,212,,
2026-07-26T04:15:38.700401+00:00,200,203,,
2026-07-26T04:15:48.938763+00:00,200,236,,
2026-07-26T04:15:59.170926+00:00,200,230,,
2026-07-26T04:16:09.363587+00:00,200,191,,
2026-07-26T04:16:19.555981+00:00,200,190,,
2026-07-26T04:16:29.805751+00:00,200,248,,
2026-07-26T04:16:40.019232+00:00,200,210,,
2026-07-26T04:16:50.218195+00:00,200,195,,
2026-07-26T04:17:00.550263+00:00,200,330,,
2026-07-26T04:17:10.813181+00:00,200,261,,
2026-07-26T04:17:21.053247+00:00,200,238,,
2026-07-26T04:17:31.275676+00:00,200,220,,
2026-07-26T04:17:41.517803+00:00,200,240,,
2026-07-26T04:17:51.717297+00:00,200,198,,
2026-07-26T04:18:01.919471+00:00,200,197,,
2026-07-26T04:18:12.150334+00:00,200,228,,
2026-07-26T04:18:22.339622+00:00,200,187,,
2026-07-26T04:18:32.528240+00:00,200,185,,
2026-07-26T04:18:42.755134+00:00,200,225,,
2026-07-26T04:18:52.964830+00:00,200,207,,
2026-07-26T04:19:03.205090+00:00,200,235,,
2026-07-26T04:19:13.522175+00:00,200,314,,
2026-07-26T04:19:23.752612+00:00,200,228,,
2026-07-26T04:19:33.936275+00:00,200,182,,
2026-07-26T04:19:44.235084+00:00,200,297,,
2026-07-26T04:19:54.700802+00:00,200,462,,
2026-07-26T04:20:04.879164+00:00,200,177,,
2026-07-26T04:20:15.057088+00:00,200,176,,
2026-07-26T04:20:25.239549+00:00,200,180,,
2026-07-26T04:20:35.413006+00:00,200,172,,
2026-07-26T04:20:45.614409+00:00,200,195,,
2026-07-26T04:20:55.818363+00:00,200,200,,
2026-07-26T04:21:06.032909+00:00,200,213,,
2026-07-26T04:21:16.247215+00:00,200,212,,
2026-07-26T04:21:26.424664+00:00,200,176,,
2026-07-26T04:21:36.604954+00:00,200,178,,
2026-07-26T04:21:46.790796+00:00,200,184,,
2026-07-26T04:21:57.054957+00:00,200,261,,
2026-07-26T04:22:07.275448+00:00,200,218,,
2026-07-26T04:22:17.480810+00:00,200,203,,
2026-07-26T04:22:27.697442+00:00,200,213,,
2026-07-26T04:22:37.874146+00:00,200,174,,
2026-07-26T04:22:48.062669+00:00,200,187,,
2026-07-26T04:22:58.366038+00:00,200,301,,
2026-07-26T04:23:08.898573+00:00,200,531,,
2026-07-26T04:23:19.152050+00:00,200,251,,
2026-07-26T04:23:29.365780+00:00,200,211,,
2026-07-26T04:23:39.564407+00:00,200,196,,
2026-07-26T04:23:49.853359+00:00,200,285,,
2026-07-26T04:24:00.075161+00:00,200,220,,
2026-07-26T04:24:10.292668+00:00,200,214,,
2026-07-26T04:24:20.500480+00:00,200,204,,
2026-07-26T04:24:30.697478+00:00,200,194,,
2026-07-26T04:24:40.883670+00:00,200,184,,
2026-07-26T04:24:51.084505+00:00,200,199,,
2026-07-26T04:25:01.290456+00:00,200,200,,
2026-07-26T04:25:11.486008+00:00,200,193,,
2026-07-26T04:25:21.676149+00:00,200,188,,
2026-07-26T04:25:31.884212+00:00,200,202,,
2026-07-26T04:25:42.117918+00:00,200,226,,
2026-07-26T04:25:52.615324+00:00,200,495,,
2026-07-26T04:26:02.800298+00:00,200,183,,
2026-07-26T04:26:12.983313+00:00,200,181,,
2026-07-26T04:26:23.185924+00:00,200,196,,
2026-07-26T04:26:33.372367+00:00,200,185,,
2026-07-26T04:26:43.664867+00:00,200,290,,
2026-07-26T04:26:53.982787+00:00,200,316,,
2026-07-26T04:27:04.232995+00:00,200,248,,
2026-07-26T04:27:14.592051+00:00,200,355,,
2026-07-26T04:27:24.780243+00:00,200,187,,
2026-07-26T04:27:34.988662+00:00,200,199,,
2026-07-26T04:27:45.161091+00:00,200,171,,
2026-07-26T04:27:55.331662+00:00,200,169,,
2026-07-26T04:28:05.551781+00:00,200,219,,
2026-07-26T04:28:15.841942+00:00,200,288,,
2026-07-26T04:28:26.082147+00:00,200,238,,
2026-07-26T04:28:36.407625+00:00,200,322,,
2026-07-26T04:28:46.615786+00:00,200,205,,
2026-07-26T04:28:56.836383+00:00,200,219,,
2026-07-26T04:29:07.223748+00:00,200,384,,
2026-07-26T04:29:17.440800+00:00,200,214,,
2026-07-26T04:29:27.667303+00:00,200,214,,
2026-07-26T04:29:37.870609+00:00,200,201,,
2026-07-26T04:29:48.107942+00:00,200,235,,
2026-07-26T04:29:58.323568+00:00,200,214,,
2026-07-26T04:30:08.569816+00:00,200,244,,
2026-07-26T04:30:18.848125+00:00,200,276,,
2026-07-26T04:30:29.094893+00:00,200,240,,
2026-07-26T04:30:39.327952+00:00,200,228,,
2026-07-26T04:30:49.562091+00:00,200,232,,
2026-07-26T04:30:59.790476+00:00,200,227,,
2026-07-26T04:31:09.995411+00:00,200,201,,
2026-07-26T04:31:20.223360+00:00,200,225,,
2026-07-26T04:31:30.464230+00:00,200,238,,
2026-07-26T04:31:40.717413+00:00,200,249,,
2026-07-26T04:31:50.974560+00:00,200,249,,
2026-07-26T04:32:01.234001+00:00,200,253,,
2026-07-26T04:32:11.471176+00:00,200,232,,
2026-07-26T04:32:21.858839+00:00,200,385,,
2026-07-26T04:32:32.094012+00:00,200,233,,
2026-07-26T04:32:42.358269+00:00,200,261,,
2026-07-26T04:32:52.569538+00:00,200,210,,
2026-07-26T04:33:02.776752+00:00,200,206,,
2026-07-26T04:33:13.056440+00:00,200,277,,
2026-07-26T04:33:23.314582+00:00,200,252,,
2026-07-26T04:33:33.532136+00:00,200,214,,
2026-07-26T04:33:43.738492+00:00,200,205,,
2026-07-26T04:33:53.932016+00:00,200,190,,
2026-07-26T04:34:04.138574+00:00,200,204,,
2026-07-26T04:34:14.426981+00:00,200,287,,
2026-07-26T04:34:24.638886+00:00,200,209,,
2026-07-26T04:34:34.882231+00:00,200,241,,
2026-07-26T04:34:45.086999+00:00,200,202,,
2026-07-26T04:34:55.333538+00:00,200,244,,
2026-07-26T04:35:05.589371+00:00,200,254,,
2026-07-26T04:35:15.799380+00:00,200,206,,
2026-07-26T04:35:25.988281+00:00,200,186,,
2026-07-26T04:35:36.186815+00:00,200,196,,
2026-07-26T04:35:46.405232+00:00,200,216,,
2026-07-26T04:35:56.620402+00:00,200,213,,
2026-07-26T04:36:06.893547+00:00,200,270,,
2026-07-26T04:36:17.128020+00:00,200,231,,
2026-07-26T04:36:27.316600+00:00,200,185,,
2026-07-26T04:36:37.566841+00:00,200,247,,
2026-07-26T04:36:47.782254+00:00,200,213,,
2026-07-26T04:36:57.998958+00:00,200,214,,
2026-07-26T04:37:08.242974+00:00,200,241,,
2026-07-26T04:37:18.459876+00:00,200,215,,
2026-07-26T04:37:28.673895+00:00,200,212,,
2026-07-26T04:37:38.906209+00:00,200,230,,
2026-07-26T04:37:49.116502+00:00,200,208,,
2026-07-26T04:37:59.312026+00:00,200,191,,
2026-07-26T04:38:09.546078+00:00,200,232,,
2026-07-26T04:38:19.865608+00:00,200,316,,
2026-07-26T04:38:30.106684+00:00,200,235,,
2026-07-26T04:38:40.390115+00:00,200,279,,
2026-07-26T04:38:50.609452+00:00,200,215,,
2026-07-26T04:39:00.799476+00:00,200,187,,
2026-07-26T04:39:11.034816+00:00,200,231,,
2026-07-26T04:39:21.274726+00:00,200,233,,
2026-07-26T04:39:31.501866+00:00,200,224,,
2026-07-26T04:39:41.749134+00:00,200,243,,
2026-07-26T04:39:52.005030+00:00,200,252,,
2026-07-26T04:40:02.249457+00:00,200,242,,
2026-07-26T04:40:12.502203+00:00,200,250,,
2026-07-26T04:40:22.755565+00:00,200,251,,
2026-07-26T04:40:33.004554+00:00,200,245,,
2026-07-26T04:40:43.282423+00:00,200,275,,
2026-07-26T04:40:53.488294+00:00,200,202,,
2026-07-26T04:41:03.715543+00:00,200,225,,
2026-07-26T04:41:13.971467+00:00,200,249,,
2026-07-26T04:41:24.285123+00:00,200,310,,
2026-07-26T04:41:34.567773+00:00,200,281,,
2026-07-26T04:41:44.815837+00:00,200,242,,
2026-07-26T04:41:55.046479+00:00,200,226,,
2026-07-26T04:42:05.260019+00:00,200,211,,
2026-07-26T04:42:15.476424+00:00,200,210,,
2026-07-26T04:42:25.709512+00:00,200,230,,
2026-07-26T04:42:36.022532+00:00,200,303,,
2026-07-26T04:42:46.285621+00:00,200,260,,
2026-07-26T04:42:56.508785+00:00,200,221,,
2026-07-26T04:43:06.735957+00:00,200,223,,
2026-07-26T04:43:16.951025+00:00,200,209,,
2026-07-26T04:43:27.167690+00:00,200,214,,
2026-07-26T04:43:37.391115+00:00,200,221,,
2026-07-26T04:43:47.629164+00:00,200,235,,
2026-07-26T04:43:57.846591+00:00,200,210,,
2026-07-26T04:44:08.105974+00:00,200,254,,
2026-07-26T04:44:18.387543+00:00,200,277,,
2026-07-26T04:44:28.610602+00:00,200,222,,
2026-07-26T04:44:38.851612+00:00,200,235,,
2026-07-26T04:44:49.117756+00:00,200,260,,
2026-07-26T04:44:59.406640+00:00,200,283,,
2026-07-26T04:45:09.680959+00:00,200,271,,
2026-07-26T04:45:19.984953+00:00,200,299,,
2026-07-26T04:45:30.207446+00:00,200,221,,
2026-07-26T04:45:40.451703+00:00,200,242,,
2026-07-26T04:45:50.690280+00:00,200,236,,
2026-07-26T04:46:00.963529+00:00,200,271,,
2026-07-26T04:46:11.207344+00:00,200,239,,
2026-07-26T04:46:21.413208+00:00,200,199,,
2026-07-26T04:46:31.618577+00:00,200,203,,
2026-07-26T04:46:41.850791+00:00,200,230,,
2026-07-26T04:46:52.074649+00:00,200,221,,
2026-07-26T04:47:02.281472+00:00,200,204,,
2026-07-26T04:47:12.531113+00:00,200,247,,
2026-07-26T04:47:22.744438+00:00,200,207,,
2026-07-26T04:47:33.258207+00:00,200,510,,
2026-07-26T04:47:43.633020+00:00,200,359,,
2026-07-26T04:47:53.821974+00:00,200,187,,
2026-07-26T04:48:04.101823+00:00,200,277,,
2026-07-26T04:48:14.389251+00:00,200,282,,
2026-07-26T04:48:24.628232+00:00,200,235,,
2026-07-26T04:48:34.944755+00:00,200,314,,
2026-07-26T04:48:45.282046+00:00,200,334,,
2026-07-26T04:48:55.621211+00:00,200,334,,
2026-07-26T04:49:06.662795+00:00,200,1027,,
2026-07-26T04:49:17.440766+00:00,200,776,,
2026-07-26T04:49:27.866035+00:00,200,423,,
2026-07-26T04:49:38.153633+00:00,200,286,,
2026-07-26T04:49:48.443326+00:00,200,287,,
2026-07-26T04:49:58.653611+00:00,200,208,,
2026-07-26T04:50:08.896053+00:00,200,240,,
2026-07-26T04:50:19.131512+00:00,200,225,,
2026-07-26T04:50:29.372717+00:00,200,231,,
2026-07-26T04:50:39.624601+00:00,200,249,,
2026-07-26T04:50:49.848361+00:00,200,222,,
2026-07-26T04:51:00.091781+00:00,200,240,,
2026-07-26T04:51:10.306200+00:00,200,212,,
2026-07-26T04:51:20.509932+00:00,200,200,,
2026-07-26T04:51:30.746557+00:00,200,234,,
2026-07-26T04:51:41.048978+00:00,200,298,,
2026-07-26T04:51:51.287417+00:00,200,234,,
2026-07-26T04:52:01.711459+00:00,200,417,,
2026-07-26T04:52:11.979384+00:00,200,265,,
2026-07-26T04:52:22.178849+00:00,200,195,,
2026-07-26T04:52:32.492943+00:00,200,309,,
2026-07-26T04:52:42.723441+00:00,200,227,,
2026-07-26T04:52:52.976108+00:00,200,250,,
2026-07-26T04:53:03.227991+00:00,200,249,,
2026-07-26T04:53:13.478271+00:00,200,248,,
2026-07-26T04:53:23.694662+00:00,200,215,,
2026-07-26T04:53:33.995219+00:00,200,298,,
2026-07-26T04:53:44.277628+00:00,200,278,,
2026-07-26T04:53:54.546435+00:00,200,259,,
2026-07-26T04:54:04.810922+00:00,200,261,,
2026-07-26T04:54:15.081134+00:00,200,267,,
2026-07-26T04:54:25.304451+00:00,200,219,,
2026-07-26T04:54:35.557023+00:00,200,249,,
2026-07-26T04:54:45.799524+00:00,200,240,,
2026-07-26T04:54:56.045667+00:00,200,238,,
2026-07-26T04:55:06.316123+00:00,200,266,,
2026-07-26T04:55:16.558503+00:00,200,238,,
2026-07-26T04:55:26.841555+00:00,200,278,,
2026-07-26T04:55:37.145195+00:00,200,290,,
2026-07-26T04:55:47.459564+00:00,200,304,,
2026-07-26T04:55:57.739898+00:00,200,275,,
2026-07-26T04:56:08.042304+00:00,200,299,,
2026-07-26T04:56:18.331357+00:00,200,285,,
2026-07-26T04:56:28.561290+00:00,200,227,,
2026-07-26T04:56:38.874877+00:00,200,308,,
2026-07-26T04:56:49.147017+00:00,200,270,,
2026-07-26T04:56:59.366660+00:00,200,216,,
2026-07-26T04:57:09.566564+00:00,200,196,,
2026-07-26T04:57:19.794616+00:00,200,226,,
2026-07-26T04:57:30.069222+00:00,200,271,,
2026-07-26T04:57:40.300707+00:00,200,222,,
2026-07-26T04:57:50.517591+00:00,200,214,,
2026-07-26T04:58:00.796309+00:00,200,275,,
2026-07-26T04:58:11.052235+00:00,200,253,,
2026-07-26T04:58:21.291562+00:00,200,232,,
2026-07-26T04:58:31.506045+00:00,200,212,,
2026-07-26T04:58:41.781571+00:00,200,274,,
2026-07-26T04:58:52.023306+00:00,200,238,,
2026-07-26T04:59:02.287355+00:00,200,252,,
2026-07-26T04:59:12.559469+00:00,200,266,,
2026-07-26T04:59:22.802501+00:00,200,239,,
2026-07-26T04:59:33.030849+00:00,200,223,,
2026-07-26T04:59:43.241507+00:00,200,208,,
2026-07-26T04:59:53.462805+00:00,200,217,,
2026-07-26T05:00:03.708616+00:00,200,243,,
2026-07-26T05:00:14.084053+00:00,200,372,,
2026-07-26T05:00:24.427637+00:00,200,339,,
2026-07-26T05:00:34.658866+00:00,200,228,,
2026-07-26T05:00:44.939960+00:00,200,273,,
2026-07-26T05:00:55.189579+00:00,200,244,,
2026-07-26T05:01:05.450644+00:00,200,252,,
2026-07-26T05:01:15.737863+00:00,200,280,,
2026-07-26T05:01:25.939041+00:00,200,198,,
2026-07-26T05:01:36.245448+00:00,200,304,,
2026-07-26T05:01:46.525989+00:00,200,277,,
2026-07-26T05:01:56.828652+00:00,200,300,,
2026-07-26T05:02:07.143552+00:00,200,306,,
2026-07-26T05:02:17.392072+00:00,200,243,,
2026-07-26T05:02:27.644492+00:00,200,250,,
2026-07-26T05:02:37.929779+00:00,200,275,,
2026-07-26T05:02:48.178870+00:00,200,244,,
2026-07-26T05:02:58.432375+00:00,200,249,,
2026-07-26T05:03:08.650045+00:00,200,213,,
2026-07-26T05:03:18.886847+00:00,200,226,,
2026-07-26T05:03:29.211559+00:00,200,319,,
2026-07-26T05:03:39.504104+00:00,200,291,,
2026-07-26T05:03:49.761873+00:00,200,253,,
2026-07-26T05:04:00.104355+00:00,200,340,,
2026-07-26T05:04:10.359566+00:00,200,252,,
2026-07-26T05:04:20.571579+00:00,200,206,,
2026-07-26T05:04:30.788701+00:00,200,213,,
2026-07-26T05:04:41.105034+00:00,200,307,,
2026-07-26T05:04:51.380697+00:00,200,274,,
2026-07-26T05:05:01.714768+00:00,200,332,,
2026-07-26T05:05:11.970226+00:00,200,250,,
2026-07-26T05:05:22.194280+00:00,200,217,,
2026-07-26T05:05:32.407773+00:00,200,211,,
2026-07-26T05:05:42.653465+00:00,200,240,,
2026-07-26T05:05:52.934431+00:00,200,268,,
2026-07-26T05:06:03.204699+00:00,200,256,,
2026-07-26T05:06:13.457232+00:00,200,248,,
2026-07-26T05:06:23.685349+00:00,200,226,,
2026-07-26T05:06:33.958291+00:00,200,271,,
2026-07-26T05:06:44.238581+00:00,200,277,,
2026-07-26T05:06:54.601442+00:00,200,361,,
2026-07-26T05:07:04.868982+00:00,200,259,,
2026-07-26T05:07:15.102794+00:00,200,229,,
2026-07-26T05:07:25.345839+00:00,200,239,,
2026-07-26T05:07:35.612218+00:00,200,256,,
2026-07-26T05:07:45.994645+00:00,200,380,,
2026-07-26T05:07:56.195848+00:00,200,199,,
2026-07-26T05:08:06.430205+00:00,200,232,,
2026-07-26T05:08:16.703851+00:00,200,271,,
2026-07-26T05:08:26.976994+00:00,200,270,,
2026-07-26T05:08:37.203562+00:00,200,224,,
2026-07-26T05:08:47.492818+00:00,200,276,,
2026-07-26T05:08:57.719863+00:00,200,221,,
2026-07-26T05:09:07.969990+00:00,200,246,,
2026-07-26T05:09:18.201429+00:00,200,227,,
2026-07-26T05:09:28.427623+00:00,200,217,,
2026-07-26T05:09:38.636895+00:00,200,208,,
2026-07-26T05:09:48.891852+00:00,200,252,,
2026-07-26T05:09:59.142008+00:00,200,245,,
2026-07-26T05:10:09.377908+00:00,200,234,,
2026-07-26T05:10:19.663802+00:00,200,282,,
2026-07-26T05:10:30.017559+00:00,200,351,,
2026-07-26T05:10:40.303559+00:00,200,282,,
2026-07-26T05:10:50.558023+00:00,200,250,,
2026-07-26T05:11:00.791539+00:00,200,232,,
2026-07-26T05:11:11.033757+00:00,200,236,,
2026-07-26T05:11:21.322277+00:00,200,287,,
2026-07-26T05:11:31.612840+00:00,200,289,,
2026-07-26T05:11:41.846349+00:00,200,230,,
2026-07-26T05:11:52.119592+00:00,200,265,,
2026-07-26T05:12:02.392875+00:00,200,268,,
2026-07-26T05:12:12.584961+00:00,200,189,,
2026-07-26T05:12:22.788491+00:00,200,202,,
2026-07-26T05:12:33.069180+00:00,200,276,,
2026-07-26T05:12:43.282267+00:00,200,210,,
2026-07-26T05:12:53.626457+00:00,200,332,,
2026-07-26T05:13:03.892240+00:00,200,263,,
2026-07-26T05:13:14.188960+00:00,200,293,,
2026-07-26T05:13:24.392960+00:00,200,197,,
2026-07-26T05:13:34.617120+00:00,200,219,,
2026-07-26T05:13:44.852616+00:00,200,226,,
2026-07-26T05:13:55.253296+00:00,200,395,,
2026-07-26T05:14:05.442219+00:00,200,182,,
2026-07-26T05:14:15.732925+00:00,200,288,,
2026-07-26T05:14:25.998363+00:00,200,257,,
2026-07-26T05:14:36.182471+00:00,200,179,,
2026-07-26T05:14:46.390978+00:00,200,207,,
2026-07-26T05:14:56.721803+00:00,200,328,,
2026-07-26T05:15:06.972189+00:00,200,248,,
2026-07-26T05:15:17.248141+00:00,200,265,,
2026-07-26T05:15:30.335794+00:00,502,3083,GatewayError,
2026-07-26T05:15:40.556753+00:00,200,214,,
2026-07-26T05:15:50.791981+00:00,200,234,,
2026-07-26T05:16:01.088369+00:00,200,289,,
2026-07-26T05:16:11.407531+00:00,200,316,,
2026-07-26T05:16:21.741958+00:00,200,323,,
2026-07-26T05:16:32.051660+00:00,200,305,,
2026-07-26T05:16:42.325048+00:00,200,269,,
2026-07-26T05:16:52.647377+00:00,200,320,,
2026-07-26T05:17:03.015165+00:00,200,366,,
2026-07-26T05:17:13.389982+00:00,200,366,,
2026-07-26T05:17:23.688058+00:00,200,296,,
2026-07-26T05:17:33.915673+00:00,200,223,,
2026-07-26T05:17:44.176590+00:00,200,258,,
2026-07-26T05:17:54.465033+00:00,200,251,,
2026-07-26T05:18:04.771800+00:00,200,304,,
2026-07-26T05:18:15.011078+00:00,200,237,,
2026-07-26T05:18:25.312351+00:00,200,292,,
2026-07-26T05:18:35.550349+00:00,200,234,,
2026-07-26T05:18:45.841141+00:00,200,287,,
2026-07-26T05:18:56.122961+00:00,200,275,,
2026-07-26T05:19:06.379668+00:00,200,252,,
2026-07-26T05:19:16.566745+00:00,200,185,,
2026-07-26T05:19:26.898049+00:00,200,323,,
2026-07-26T05:19:37.114527+00:00,200,215,,
2026-07-26T05:19:47.449596+00:00,200,334,,
2026-07-26T05:19:57.758816+00:00,200,307,,
2026-07-26T05:20:08.008632+00:00,200,247,,
2026-07-26T05:20:18.275421+00:00,200,263,,
2026-07-26T05:20:28.515362+00:00,200,237,,
2026-07-26T05:20:38.770443+00:00,200,252,,
2026-07-26T05:20:49.127177+00:00,200,331,,
2026-07-26T05:20:59.426077+00:00,200,294,,
2026-07-26T05:21:09.945834+00:00,200,514,,
2026-07-26T05:21:20.202180+00:00,200,252,,
2026-07-26T05:21:30.474500+00:00,200,270,,
2026-07-26T05:21:40.703999+00:00,200,228,,
2026-07-26T05:21:50.984701+00:00,200,277,,
2026-07-26T05:22:01.275299+00:00,200,288,,
2026-07-26T05:22:11.546121+00:00,200,269,,
2026-07-26T05:22:21.871245+00:00,200,321,,
2026-07-26T05:22:32.181049+00:00,200,304,,
2026-07-26T05:22:42.416338+00:00,200,232,,
2026-07-26T05:22:52.636320+00:00,200,215,,
2026-07-26T05:23:02.943960+00:00,200,303,,
2026-07-26T05:23:13.269612+00:00,200,313,,
2026-07-26T05:23:23.541567+00:00,200,262,,
2026-07-26T05:23:33.765462+00:00,200,217,,
2026-07-26T05:23:44.155372+00:00,200,381,,
2026-07-26T05:23:54.405144+00:00,200,248,,
2026-07-26T05:24:04.656751+00:00,200,248,,
2026-07-26T05:24:14.952303+00:00,200,287,,
2026-07-26T05:24:25.201066+00:00,200,239,,
2026-07-26T05:24:35.541355+00:00,200,333,,
2026-07-26T05:24:45.907100+00:00,200,357,,
2026-07-26T05:24:56.200475+00:00,200,281,,
2026-07-26T05:25:06.493776+00:00,200,290,,
2026-07-26T05:25:16.752828+00:00,200,256,,
2026-07-26T05:25:26.984389+00:00,200,218,,
2026-07-26T05:25:37.290291+00:00,200,303,,
2026-07-26T05:25:47.603308+00:00,200,310,,
2026-07-26T05:25:57.849708+00:00,200,240,,
2026-07-26T05:26:08.194893+00:00,200,343,,
2026-07-26T05:26:18.475164+00:00,200,274,,
2026-07-26T05:26:28.766379+00:00,200,286,,
2026-07-26T05:26:39.043277+00:00,200,272,,
2026-07-26T05:26:49.373479+00:00,200,322,,
2026-07-26T05:26:59.662782+00:00,200,287,,
2026-07-26T05:27:09.967824+00:00,200,303,,
2026-07-26T05:27:20.306989+00:00,200,337,,
2026-07-26T05:27:30.590993+00:00,200,275,,
2026-07-26T05:27:40.877272+00:00,200,281,,
2026-07-26T05:27:51.192144+00:00,200,307,,
2026-07-26T05:28:01.480453+00:00,200,284,,
2026-07-26T05:28:11.740148+00:00,200,248,,
2026-07-26T05:28:22.050286+00:00,200,308,,
2026-07-26T05:28:32.281549+00:00,200,229,,
2026-07-26T05:28:42.593841+00:00,200,310,,
2026-07-26T05:28:52.834239+00:00,200,235,,
2026-07-26T05:29:03.194903+00:00,200,348,,
2026-07-26T05:29:13.506613+00:00,200,285,,
2026-07-26T05:29:23.822609+00:00,200,305,,
2026-07-26T05:29:34.091707+00:00,200,256,,
2026-07-26T05:29:44.284260+00:00,200,191,,
2026-07-26T05:29:54.568460+00:00,200,280,,
2026-07-26T05:30:04.822982+00:00,200,241,,
2026-07-26T05:30:15.049063+00:00,200,219,,
2026-07-26T05:30:25.259667+00:00,200,209,,
2026-07-26T05:30:35.472253+00:00,200,206,,
2026-07-26T05:30:45.710802+00:00,200,233,,
2026-07-26T05:30:55.956955+00:00,200,244,,
2026-07-26T05:31:06.168435+00:00,200,196,,
2026-07-26T05:31:16.468469+00:00,200,293,,
2026-07-26T05:31:26.688532+00:00,200,217,,
2026-07-26T05:31:37.044393+00:00,200,353,,
2026-07-26T05:31:47.357091+00:00,200,310,,
2026-07-26T05:31:57.569447+00:00,200,209,,
2026-07-26T05:32:07.774409+00:00,200,194,,
2026-07-26T05:32:18.022071+00:00,200,244,,
2026-07-26T05:32:28.274033+00:00,200,250,,
2026-07-26T05:32:38.462015+00:00,200,185,,
2026-07-26T05:32:48.690038+00:00,200,223,,
2026-07-26T05:32:58.885060+00:00,200,192,,
2026-07-26T05:33:09.090535+00:00,200,203,,
2026-07-26T05:33:19.365702+00:00,200,273,,
2026-07-26T05:33:29.583162+00:00,200,206,,
2026-07-26T05:33:39.799799+00:00,200,215,,
2026-07-26T05:33:50.032795+00:00,200,227,,
2026-07-26T05:34:00.260636+00:00,200,223,,
2026-07-26T05:34:10.496073+00:00,200,228,,
2026-07-26T05:34:20.747260+00:00,200,247,,
2026-07-26T05:34:31.121177+00:00,200,370,,
2026-07-26T05:34:41.362227+00:00,200,237,,
2026-07-26T05:34:51.667741+00:00,200,303,,
2026-07-26T05:35:01.898321+00:00,200,229,,
2026-07-26T05:35:12.118693+00:00,200,216,,
2026-07-26T05:35:22.366392+00:00,200,245,,
2026-07-26T05:35:32.585107+00:00,200,213,,
2026-07-26T05:35:42.878830+00:00,200,292,,
2026-07-26T05:35:53.132414+00:00,200,248,,
2026-07-26T05:36:03.562293+00:00,200,423,,
2026-07-26T05:36:13.775415+00:00,200,211,,
2026-07-26T05:36:24.040127+00:00,200,254,,
2026-07-26T05:36:34.288037+00:00,200,242,,
2026-07-26T05:36:44.522121+00:00,200,228,,
2026-07-26T05:36:54.747645+00:00,200,220,,
2026-07-26T05:37:04.968243+00:00,200,218,,
2026-07-26T05:37:15.208620+00:00,200,236,,
2026-07-26T05:37:25.431832+00:00,200,220,,
2026-07-26T05:37:35.700651+00:00,200,261,,
2026-07-26T05:37:45.897720+00:00,200,189,,
2026-07-26T05:37:56.112411+00:00,200,206,,
2026-07-26T05:38:06.341273+00:00,200,227,,
2026-07-26T05:38:16.603684+00:00,200,260,,
2026-07-26T05:38:26.882357+00:00,200,275,,
2026-07-26T05:38:37.128198+00:00,200,241,,
2026-07-26T05:38:47.387951+00:00,200,257,,
2026-07-26T05:38:57.619258+00:00,200,227,,
2026-07-26T05:39:07.836602+00:00,200,207,,
2026-07-26T05:39:18.061860+00:00,200,222,,
2026-07-26T05:39:28.313631+00:00,200,250,,
2026-07-26T05:39:38.523826+00:00,200,207,,
2026-07-26T05:39:48.756350+00:00,200,226,,
2026-07-26T05:39:59.016928+00:00,200,258,,
2026-07-26T05:40:09.264238+00:00,200,243,,
2026-07-26T05:40:19.568951+00:00,200,302,,
2026-07-26T05:40:29.850757+00:00,200,279,,
2026-07-26T05:40:40.096882+00:00,200,241,,
2026-07-26T05:40:50.346009+00:00,200,243,,
2026-07-26T05:41:00.598559+00:00,200,249,,
2026-07-26T05:41:10.842222+00:00,200,228,,
2026-07-26T05:41:21.103132+00:00,200,258,,
2026-07-26T05:41:31.323426+00:00,200,217,,
2026-07-26T05:41:41.574658+00:00,200,243,,
2026-07-26T05:41:51.892551+00:00,200,315,,
2026-07-26T05:42:02.113840+00:00,200,219,,
2026-07-26T05:42:12.440757+00:00,200,325,,
2026-07-26T05:42:22.649665+00:00,200,201,,
2026-07-26T05:42:32.904338+00:00,200,253,,
2026-07-26T05:42:43.135027+00:00,200,228,,
2026-07-26T05:42:53.346596+00:00,200,204,,
2026-07-26T05:43:03.889976+00:00,200,541,,
2026-07-26T05:43:14.130841+00:00,200,238,,
2026-07-26T05:43:24.376119+00:00,200,240,,
2026-07-26T05:43:34.642698+00:00,200,265,,
2026-07-26T05:43:44.863831+00:00,200,218,,
2026-07-26T05:43:55.117940+00:00,200,245,,
2026-07-26T05:44:05.519086+00:00,200,398,,
2026-07-26T05:44:15.725474+00:00,200,203,,
2026-07-26T05:44:25.930411+00:00,200,203,,
2026-07-26T05:44:36.237479+00:00,200,305,,
2026-07-26T05:44:46.479841+00:00,200,238,,
2026-07-26T05:44:56.712666+00:00,200,229,,
2026-07-26T05:45:07.073335+00:00,200,350,,
2026-07-26T05:45:17.388691+00:00,200,312,,
2026-07-26T05:45:27.620070+00:00,200,225,,
2026-07-26T05:45:37.856952+00:00,200,214,,
2026-07-26T05:45:48.098068+00:00,200,239,,
2026-07-26T05:45:58.325765+00:00,200,225,,
2026-07-26T05:46:08.546870+00:00,200,218,,
2026-07-26T05:46:18.763522+00:00,200,215,,
2026-07-26T05:46:28.965665+00:00,200,193,,
2026-07-26T05:46:39.201661+00:00,200,232,,
2026-07-26T05:46:49.410856+00:00,200,204,,
2026-07-26T05:46:59.694621+00:00,200,278,,
2026-07-26T05:47:09.908926+00:00,200,210,,
2026-07-26T05:47:20.144382+00:00,200,233,,
2026-07-26T05:47:30.398037+00:00,200,248,,
2026-07-26T05:47:40.639089+00:00,200,239,,
2026-07-26T05:47:50.904850+00:00,200,262,,
2026-07-26T05:48:01.112563+00:00,200,201,,
2026-07-26T05:48:11.386945+00:00,200,273,,
2026-07-26T05:48:21.641076+00:00,200,245,,
2026-07-26T05:48:31.875934+00:00,200,224,,
2026-07-26T05:48:42.186150+00:00,200,306,,
2026-07-26T05:48:52.387670+00:00,200,199,,
2026-07-26T05:49:02.616852+00:00,200,226,,
2026-07-26T05:49:12.874672+00:00,200,256,,
2026-07-26T05:49:23.123960+00:00,200,248,,
2026-07-26T05:49:33.333250+00:00,200,205,,
2026-07-26T05:49:43.546008+00:00,200,202,,
2026-07-26T05:49:53.842070+00:00,200,292,,
2026-07-26T05:50:04.082938+00:00,200,237,,
2026-07-26T05:50:14.373801+00:00,200,288,,
2026-07-26T05:50:24.620711+00:00,200,243,,
2026-07-26T05:50:35.006030+00:00,200,377,,
2026-07-26T05:50:45.361856+00:00,200,343,,
2026-07-26T05:50:55.593449+00:00,200,228,,
2026-07-26T05:51:05.886216+00:00,200,289,,
2026-07-26T05:51:16.093298+00:00,200,203,,
2026-07-26T05:51:26.342698+00:00,200,247,,
2026-07-26T05:51:36.575208+00:00,200,231,,
2026-07-26T05:51:46.818402+00:00,200,237,,
2026-07-26T05:51:57.024838+00:00,200,203,,
2026-07-26T05:52:07.377033+00:00,200,350,,
2026-07-26T05:52:17.622753+00:00,200,238,,
2026-07-26T05:52:27.844763+00:00,200,220,,
2026-07-26T05:52:38.073181+00:00,200,224,,
2026-07-26T05:52:48.546984+00:00,200,472,,
2026-07-26T05:52:58.748252+00:00,200,196,,
2026-07-26T05:53:09.066190+00:00,200,316,,
2026-07-26T05:53:19.436509+00:00,200,366,,
2026-07-26T05:53:29.791581+00:00,200,350,,
2026-07-26T05:53:40.009773+00:00,200,214,,
2026-07-26T05:53:50.346458+00:00,200,334,,
2026-07-26T05:54:00.573516+00:00,200,225,,
2026-07-26T05:54:10.808800+00:00,200,232,,
2026-07-26T05:54:21.029466+00:00,200,219,,
2026-07-26T05:54:31.244747+00:00,200,210,,
2026-07-26T05:54:41.458384+00:00,200,211,,
2026-07-26T05:54:51.714876+00:00,200,248,,
2026-07-26T05:55:01.986448+00:00,200,268,,
2026-07-26T05:55:12.194482+00:00,200,203,,
2026-07-26T05:55:22.423283+00:00,200,220,,
2026-07-26T05:55:32.625310+00:00,200,200,,
2026-07-26T05:55:42.879558+00:00,200,252,,
2026-07-26T05:55:53.116777+00:00,200,229,,
2026-07-26T05:56:03.371761+00:00,200,251,,
2026-07-26T05:56:13.678036+00:00,200,286,,
2026-07-26T05:56:23.902904+00:00,200,220,,
2026-07-26T05:56:34.119870+00:00,200,215,,
2026-07-26T05:56:44.331865+00:00,200,210,,
2026-07-26T05:56:54.576056+00:00,200,231,,
2026-07-26T05:57:04.910168+00:00,200,329,,
2026-07-26T05:57:15.161331+00:00,200,249,,
2026-07-26T05:57:25.398887+00:00,200,231,,
2026-07-26T05:57:35.628116+00:00,200,227,,
2026-07-26T05:57:45.887678+00:00,200,258,,
2026-07-26T05:57:56.080128+00:00,200,189,,
2026-07-26T05:58:06.290789+00:00,200,203,,
2026-07-26T05:58:16.532047+00:00,200,237,,
2026-07-26T05:58:26.819775+00:00,200,268,,
2026-07-26T05:58:37.018863+00:00,200,192,,
2026-07-26T05:58:47.249397+00:00,200,228,,
2026-07-26T05:58:57.561250+00:00,200,305,,
2026-07-26T05:59:07.771344+00:00,200,206,,
2026-07-26T05:59:18.035860+00:00,200,262,,
2026-07-26T05:59:28.350386+00:00,200,306,,
2026-07-26T05:59:38.571401+00:00,200,219,,
2026-07-26T05:59:48.828138+00:00,200,242,,
2026-07-26T05:59:59.149759+00:00,200,314,,
2026-07-26T06:00:09.405492+00:00,200,250,,
2026-07-26T06:00:19.666097+00:00,200,255,,
2026-07-26T06:00:29.907282+00:00,200,240,,
2026-07-26T06:00:40.127985+00:00,200,219,,
2026-07-26T06:00:50.309949+00:00,200,180,,
2026-07-26T06:01:00.595045+00:00,200,283,,
2026-07-26T06:01:10.818961+00:00,200,219,,
2026-07-26T06:01:21.067260+00:00,200,245,,
2026-07-26T06:01:31.279017+00:00,200,208,,
2026-07-26T06:01:41.488281+00:00,200,204,,
2026-07-26T06:01:51.696265+00:00,200,203,,
2026-07-26T06:02:01.885663+00:00,200,184,,
2026-07-26T06:02:12.113059+00:00,200,225,,
2026-07-26T06:02:22.312355+00:00,200,196,,
2026-07-26T06:02:32.560108+00:00,200,243,,
2026-07-26T06:02:42.851466+00:00,200,289,,
2026-07-26T06:02:53.079690+00:00,200,220,,
2026-07-26T06:03:03.284064+00:00,200,203,,
2026-07-26T06:03:13.488099+00:00,200,202,,
2026-07-26T06:03:23.741184+00:00,200,251,,
2026-07-26T06:03:33.989556+00:00,200,245,,
2026-07-26T06:03:44.263666+00:00,200,269,,
2026-07-26T06:03:54.574861+00:00,200,306,,
2026-07-26T06:04:04.930776+00:00,200,353,,
2026-07-26T06:04:15.187258+00:00,200,250,,
2026-07-26T06:04:25.414173+00:00,200,224,,
2026-07-26T06:04:35.644446+00:00,200,228,,
2026-07-26T06:04:45.856833+00:00,200,209,,
2026-07-26T06:04:56.084844+00:00,200,223,,
2026-07-26T06:05:06.312110+00:00,200,226,,
2026-07-26T06:05:16.544891+00:00,200,228,,
2026-07-26T06:05:26.815983+00:00,200,267,,
2026-07-26T06:05:37.128295+00:00,200,307,,
2026-07-26T06:05:47.382952+00:00,200,245,,
2026-07-26T06:05:57.784749+00:00,200,399,,
2026-07-26T06:06:08.026769+00:00,200,236,,
2026-07-26T06:06:18.272441+00:00,200,242,,
2026-07-26T06:06:28.503795+00:00,200,229,,
2026-07-26T06:06:38.747815+00:00,200,241,,
2026-07-26T06:06:48.978725+00:00,200,218,,
2026-07-26T06:06:59.329621+00:00,200,347,,
2026-07-26T06:07:09.649773+00:00,200,314,,
2026-07-26T06:07:19.872099+00:00,200,218,,
2026-07-26T06:07:30.087362+00:00,200,212,,
2026-07-26T06:07:40.309444+00:00,200,220,,
2026-07-26T06:07:50.593750+00:00,200,276,,
2026-07-26T06:08:00.778964+00:00,200,181,,
2026-07-26T06:08:11.031358+00:00,200,251,,
2026-07-26T06:08:21.253036+00:00,200,219,,
2026-07-26T06:08:31.477431+00:00,200,222,,
2026-07-26T06:08:41.725317+00:00,200,240,,
2026-07-26T06:08:51.965302+00:00,200,234,,
2026-07-26T06:09:02.203124+00:00,200,228,,
2026-07-26T06:09:12.469829+00:00,200,264,,
2026-07-26T06:09:22.702183+00:00,200,230,,
2026-07-26T06:09:32.898671+00:00,200,190,,
2026-07-26T06:09:43.118008+00:00,200,216,,
2026-07-26T06:09:53.372986+00:00,200,245,,
2026-07-26T06:10:03.585947+00:00,200,209,,
2026-07-26T06:10:13.830903+00:00,200,242,,
2026-07-26T06:10:24.063151+00:00,200,225,,
2026-07-26T06:10:34.347109+00:00,200,282,,
2026-07-26T06:10:44.541363+00:00,200,192,,
2026-07-26T06:10:54.794720+00:00,200,251,,
2026-07-26T06:11:05.027292+00:00,200,231,,
2026-07-26T06:11:15.262926+00:00,200,234,,
2026-07-26T06:11:25.497791+00:00,200,230,,
2026-07-26T06:11:35.737081+00:00,200,232,,
2026-07-26T06:11:46.062628+00:00,200,323,,
2026-07-26T06:11:56.280120+00:00,200,214,,
2026-07-26T06:12:06.493902+00:00,200,209,,
2026-07-26T06:12:16.705291+00:00,200,208,,
2026-07-26T06:12:26.899014+00:00,200,191,,
2026-07-26T06:12:37.127656+00:00,200,226,,
2026-07-26T06:12:47.344088+00:00,200,201,,
2026-07-26T06:12:57.540485+00:00,200,183,,
2026-07-26T06:13:07.740127+00:00,200,197,,
2026-07-26T06:13:17.952632+00:00,200,209,,
2026-07-26T06:13:28.192889+00:00,200,235,,
2026-07-26T06:13:38.444921+00:00,200,247,,
2026-07-26T06:13:48.673359+00:00,200,224,,
2026-07-26T06:13:58.916216+00:00,200,240,,
2026-07-26T06:14:09.137113+00:00,200,216,,
2026-07-26T06:14:19.521460+00:00,200,381,,
2026-07-26T06:14:29.755759+00:00,200,232,,
2026-07-26T06:14:40.263029+00:00,200,504,,
2026-07-26T06:14:50.468031+00:00,200,203,,
2026-07-26T06:15:00.674200+00:00,200,204,,
2026-07-26T06:15:10.965596+00:00,200,287,,
2026-07-26T06:15:21.232032+00:00,200,261,,
2026-07-26T06:15:31.446227+00:00,200,203,,
2026-07-26T06:15:41.656647+00:00,200,208,,
2026-07-26T06:15:51.924386+00:00,200,264,,
2026-07-26T06:16:02.215854+00:00,200,286,,
2026-07-26T06:16:12.477347+00:00,200,260,,
2026-07-26T06:16:22.696660+00:00,200,216,,
2026-07-26T06:16:32.968593+00:00,200,270,,
2026-07-26T06:16:43.200599+00:00,200,228,,
2026-07-26T06:16:53.411152+00:00,200,209,,
2026-07-26T06:17:03.599754+00:00,200,186,,
2026-07-26T06:17:13.884200+00:00,200,280,,
2026-07-26T06:17:24.198380+00:00,200,306,,
2026-07-26T06:17:34.499527+00:00,200,298,,
2026-07-26T06:17:44.843934+00:00,200,342,,
2026-07-26T06:17:55.166650+00:00,200,313,,
2026-07-26T06:18:05.359947+00:00,200,190,,
2026-07-26T06:18:15.673991+00:00,200,312,,
2026-07-26T06:18:26.017504+00:00,200,338,,
2026-07-26T06:18:36.336887+00:00,200,316,,
2026-07-26T06:18:46.643495+00:00,200,301,,
2026-07-26T06:18:56.855254+00:00,200,207,,
2026-07-26T06:19:07.069814+00:00,200,212,,
2026-07-26T06:19:17.330429+00:00,200,252,,
2026-07-26T06:19:27.580121+00:00,200,237,,
2026-07-26T06:19:37.821015+00:00,200,226,,
2026-07-26T06:19:48.422322+00:00,200,596,,
2026-07-26T06:19:58.727597+00:00,200,299,,
2026-07-26T06:20:09.032613+00:00,200,301,,
2026-07-26T06:20:19.304877+00:00,200,269,,
2026-07-26T06:20:29.631505+00:00,200,319,,
2026-07-26T06:20:39.881251+00:00,200,248,,
2026-07-26T06:20:50.182454+00:00,200,278,,
2026-07-26T06:21:00.534540+00:00,200,335,,
2026-07-26T06:21:10.740782+00:00,200,205,,
2026-07-26T06:21:21.030779+00:00,200,286,,
2026-07-26T06:21:31.266798+00:00,200,231,,
2026-07-26T06:21:41.513054+00:00,200,243,,
2026-07-26T06:21:51.755760+00:00,200,239,,
2026-07-26T06:22:02.152279+00:00,200,394,,
2026-07-26T06:22:12.493929+00:00,200,332,,
2026-07-26T06:22:22.804673+00:00,200,304,,
2026-07-26T06:22:33.099750+00:00,200,293,,
2026-07-26T06:22:43.391549+00:00,200,288,,
2026-07-26T06:22:53.649797+00:00,200,255,,
2026-07-26T06:23:03.876087+00:00,200,223,,
2026-07-26T06:23:14.179871+00:00,200,299,,
2026-07-26T06:23:24.472842+00:00,200,285,,
2026-07-26T06:23:34.832726+00:00,200,357,,
2026-07-26T06:23:45.097867+00:00,200,253,,
2026-07-26T06:23:55.402114+00:00,200,291,,
2026-07-26T06:24:05.696533+00:00,200,289,,
2026-07-26T06:24:15.975140+00:00,200,276,,
2026-07-26T06:24:26.232917+00:00,200,253,,
2026-07-26T06:24:36.561523+00:00,200,325,,
2026-07-26T06:24:46.862464+00:00,200,286,,
2026-07-26T06:24:57.140173+00:00,200,275,,
2026-07-26T06:25:07.425646+00:00,200,283,,
2026-07-26T06:25:18.006706+00:00,200,577,,
2026-07-26T06:25:28.205047+00:00,200,192,,
2026-07-26T06:25:38.463461+00:00,200,255,,
2026-07-26T06:25:48.696685+00:00,200,230,,
2026-07-26T06:25:58.979406+00:00,200,281,,
2026-07-26T06:26:09.289550+00:00,200,305,,
2026-07-26T06:26:19.702505+00:00,200,405,,
2026-07-26T06:26:29.991700+00:00,200,286,,
2026-07-26T06:26:40.290397+00:00,200,287,,
2026-07-26T06:26:50.571024+00:00,200,277,,
2026-07-26T06:27:00.875638+00:00,200,300,,
2026-07-26T06:27:11.160353+00:00,200,282,,
2026-07-26T06:27:21.419919+00:00,200,253,,
2026-07-26T06:27:31.756940+00:00,200,332,,
2026-07-26T06:27:42.033589+00:00,200,274,,
2026-07-26T06:27:52.316439+00:00,200,278,,
2026-07-26T06:28:02.558270+00:00,200,240,,
2026-07-26T06:28:13.024251+00:00,200,460,,
2026-07-26T06:28:23.248728+00:00,200,218,,
2026-07-26T06:28:33.544767+00:00,200,293,,
2026-07-26T06:28:43.844190+00:00,200,297,,
2026-07-26T06:28:54.114794+00:00,200,268,,
2026-07-26T06:29:04.393922+00:00,200,274,,
2026-07-26T06:29:14.675528+00:00,200,278,,
2026-07-26T06:29:24.972708+00:00,200,285,,
2026-07-26T06:29:35.260749+00:00,200,281,,
2026-07-26T06:29:45.584793+00:00,200,320,,
2026-07-26T06:29:55.896254+00:00,200,306,,
2026-07-26T06:30:06.215031+00:00,200,316,,
2026-07-26T06:30:16.528046+00:00,200,305,,
2026-07-26T06:30:26.783419+00:00,200,250,,
2026-07-26T06:30:37.099794+00:00,200,312,,
2026-07-26T06:30:47.480194+00:00,200,375,,
2026-07-26T06:30:57.775655+00:00,200,290,,
2026-07-26T06:31:08.127304+00:00,200,342,,
2026-07-26T06:31:18.427964+00:00,200,298,,
2026-07-26T06:31:28.639151+00:00,200,208,,
2026-07-26T06:31:38.838214+00:00,200,196,,
2026-07-26T06:31:49.260617+00:00,200,420,,
2026-07-26T06:31:59.506287+00:00,200,242,,
2026-07-26T06:32:09.841547+00:00,200,327,,
2026-07-26T06:32:20.072108+00:00,200,226,,
2026-07-26T06:32:30.306131+00:00,200,230,,
2026-07-26T06:32:40.574983+00:00,200,267,,
2026-07-26T06:32:50.858352+00:00,200,280,,
2026-07-26T06:33:01.131338+00:00,200,269,,
2026-07-26T06:33:11.369647+00:00,200,232,,
2026-07-26T06:33:21.679412+00:00,200,307,,
2026-07-26T06:33:31.961997+00:00,200,278,,
2026-07-26T06:33:42.231937+00:00,200,266,,
2026-07-26T06:33:52.504071+00:00,200,268,,
2026-07-26T06:34:02.785854+00:00,200,274,,
2026-07-26T06:34:13.114257+00:00,200,321,,
2026-07-26T06:34:23.421091+00:00,200,302,,
2026-07-26T06:34:33.634809+00:00,200,209,,
2026-07-26T06:34:43.907078+00:00,200,268,,
2026-07-26T06:34:54.215117+00:00,200,305,,
2026-07-26T06:35:04.453670+00:00,200,234,,
2026-07-26T06:35:14.750363+00:00,200,294,,
2026-07-26T06:35:25.034264+00:00,200,279,,
2026-07-26T06:35:35.348382+00:00,200,311,,
2026-07-26T06:35:45.657509+00:00,200,306,,
2026-07-26T06:35:55.954860+00:00,200,292,,
2026-07-26T06:36:06.225704+00:00,200,265,,
2026-07-26T06:36:16.452290+00:00,200,223,,
2026-07-26T06:36:26.756319+00:00,200,301,,
2026-07-26T06:36:37.003897+00:00,200,244,,
2026-07-26T06:36:47.298043+00:00,200,291,,
2026-07-26T06:36:57.560947+00:00,200,260,,
2026-07-26T06:37:07.857851+00:00,200,290,,
2026-07-26T06:37:18.176068+00:00,200,315,,
2026-07-26T06:37:28.441784+00:00,200,263,,
2026-07-26T06:37:38.706714+00:00,200,263,,
2026-07-26T06:37:49.033110+00:00,200,320,,
2026-07-26T06:37:59.321036+00:00,200,283,,
2026-07-26T06:38:09.532920+00:00,200,209,,
2026-07-26T06:38:19.821947+00:00,200,285,,
2026-07-26T06:38:30.133168+00:00,200,304,,
2026-07-26T06:38:40.423924+00:00,200,284,,
2026-07-26T06:38:50.741989+00:00,200,312,,
2026-07-26T06:39:01.051296+00:00,200,305,,
2026-07-26T06:39:11.346357+00:00,200,291,,
2026-07-26T06:39:21.637834+00:00,200,284,,
2026-07-26T06:39:31.835843+00:00,200,195,,
2026-07-26T06:39:42.134096+00:00,200,296,,
2026-07-26T06:39:52.432278+00:00,200,292,,
2026-07-26T06:40:02.711994+00:00,200,277,,
2026-07-26T06:40:12.995774+00:00,200,280,,
2026-07-26T06:40:23.309393+00:00,200,309,,
2026-07-26T06:40:33.567317+00:00,200,254,,
2026-07-26T06:40:43.873766+00:00,200,301,,
2026-07-26T06:40:54.211764+00:00,200,335,,
2026-07-26T06:41:04.498576+00:00,200,283,,
2026-07-26T06:41:14.808384+00:00,200,302,,
2026-07-26T06:41:25.121743+00:00,200,310,,
2026-07-26T06:41:35.390569+00:00,200,264,,
2026-07-26T06:41:45.708036+00:00,200,308,,
2026-07-26T06:41:56.036078+00:00,200,325,,
2026-07-26T06:42:06.323567+00:00,200,285,,
2026-07-26T06:42:16.633462+00:00,200,304,,
2026-07-26T06:42:26.940250+00:00,200,302,,
2026-07-26T06:42:37.191639+00:00,200,233,,
2026-07-26T06:42:47.469284+00:00,200,275,,
2026-07-26T06:42:57.765256+00:00,200,292,,
2026-07-26T06:43:08.326913+00:00,200,553,,
2026-07-26T06:43:18.600188+00:00,200,271,,
2026-07-26T06:43:28.841960+00:00,200,239,,
2026-07-26T06:43:39.161309+00:00,200,308,,
2026-07-26T06:43:49.443319+00:00,200,279,,
2026-07-26T06:43:59.706396+00:00,200,256,,
2026-07-26T06:44:09.977628+00:00,200,270,,
2026-07-26T06:44:20.259382+00:00,200,279,,
2026-07-26T06:44:30.531532+00:00,200,269,,
2026-07-26T06:44:40.819442+00:00,200,285,,
2026-07-26T06:44:51.091740+00:00,200,260,,
2026-07-26T06:45:01.352281+00:00,200,258,,
2026-07-26T06:45:11.746177+00:00,200,383,,
2026-07-26T06:45:22.006598+00:00,200,257,,
2026-07-26T06:45:32.343012+00:00,200,329,,
2026-07-26T06:45:42.635081+00:00,200,291,,
2026-07-26T06:45:52.945604+00:00,200,308,,
2026-07-26T06:46:03.482229+00:00,200,528,,
2026-07-26T06:46:13.744106+00:00,200,260,,
2026-07-26T06:46:24.035149+00:00,200,286,,
2026-07-26T06:46:34.263993+00:00,200,224,,
2026-07-26T06:46:44.501650+00:00,200,235,,
2026-07-26T06:46:54.810614+00:00,200,306,,
2026-07-26T06:47:05.011617+00:00,200,196,,
2026-07-26T06:47:15.305178+00:00,200,292,,
2026-07-26T06:47:25.523497+00:00,200,205,,
2026-07-26T06:47:35.738553+00:00,200,213,,
2026-07-26T06:47:45.965839+00:00,200,226,,
2026-07-26T06:47:56.193899+00:00,200,226,,
2026-07-26T06:48:06.411489+00:00,200,216,,
2026-07-26T06:48:16.719511+00:00,200,306,,
2026-07-26T06:48:27.010041+00:00,200,284,,
2026-07-26T06:48:37.179418+00:00,200,167,,
2026-07-26T06:48:47.403068+00:00,200,222,,
2026-07-26T06:48:57.656532+00:00,200,251,,
2026-07-26T06:49:07.865544+00:00,200,208,,
2026-07-26T06:49:18.046988+00:00,200,179,,
2026-07-26T06:49:28.261962+00:00,200,214,,
2026-07-26T06:49:38.492346+00:00,200,229,,
2026-07-26T06:49:48.720494+00:00,200,223,,
2026-07-26T06:49:58.952885+00:00,200,222,,
2026-07-26T06:50:09.229971+00:00,200,273,,
2026-07-26T06:50:19.575215+00:00,200,328,,
2026-07-26T06:50:29.822015+00:00,200,245,,
2026-07-26T06:50:40.041508+00:00,200,218,,
2026-07-26T06:50:50.224521+00:00,200,180,,
2026-07-26T06:51:00.487312+00:00,200,261,,
2026-07-26T06:51:10.669286+00:00,200,180,,
2026-07-26T06:51:20.878081+00:00,200,207,,
2026-07-26T06:51:31.043348+00:00,200,163,,
2026-07-26T06:51:41.267277+00:00,200,223,,
2026-07-26T06:51:51.463243+00:00,200,194,,
2026-07-26T06:52:01.635671+00:00,200,171,,
2026-07-26T06:52:11.852552+00:00,200,215,,
2026-07-26T06:52:22.148056+00:00,200,292,,
2026-07-26T06:52:32.369533+00:00,200,219,,
2026-07-26T06:52:42.677377+00:00,200,305,,
2026-07-26T06:52:52.861199+00:00,200,182,,
2026-07-26T06:53:03.052786+00:00,200,190,,
2026-07-26T06:53:13.215863+00:00,200,161,,
2026-07-26T06:53:23.403010+00:00,200,185,,
2026-07-26T06:53:33.613660+00:00,200,208,,
2026-07-26T06:53:43.840965+00:00,200,225,,
2026-07-26T06:53:54.047174+00:00,200,204,,
2026-07-26T06:54:04.313553+00:00,200,263,,
2026-07-26T06:54:14.535094+00:00,200,206,,
2026-07-26T06:54:24.763861+00:00,200,227,,
2026-07-26T06:54:35.006407+00:00,200,240,,
2026-07-26T06:54:45.211695+00:00,200,203,,
2026-07-26T06:54:55.435979+00:00,200,222,,
2026-07-26T06:55:05.635861+00:00,200,198,,
2026-07-26T06:55:15.831578+00:00,200,192,,
2026-07-26T06:55:26.101665+00:00,200,268,,
2026-07-26T06:55:36.354391+00:00,200,251,,
2026-07-26T06:55:46.559602+00:00,200,203,,
2026-07-26T06:55:56.783878+00:00,200,222,,
2026-07-26T06:56:06.982758+00:00,200,197,,
2026-07-26T06:56:17.205372+00:00,200,221,,
2026-07-26T06:56:27.422585+00:00,200,215,,
2026-07-26T06:56:37.668807+00:00,200,243,,
2026-07-26T06:56:47.928835+00:00,200,258,,
2026-07-26T06:56:58.157449+00:00,200,226,,
2026-07-26T06:57:08.339011+00:00,200,180,,
2026-07-26T06:57:18.517170+00:00,200,177,,
2026-07-26T06:57:28.708881+00:00,200,189,,
2026-07-26T06:57:38.906717+00:00,200,196,,
2026-07-26T06:57:49.158197+00:00,200,249,,
2026-07-26T06:57:59.395334+00:00,200,236,,
2026-07-26T06:58:09.573793+00:00,200,177,,
2026-07-26T06:58:19.787709+00:00,200,211,,
2026-07-26T06:58:29.988649+00:00,200,198,,
2026-07-26T06:58:40.348040+00:00,200,357,,
2026-07-26T06:58:50.602141+00:00,200,252,,
2026-07-26T06:59:00.838731+00:00,200,235,,
2026-07-26T06:59:11.016850+00:00,200,176,,
2026-07-26T06:59:21.195139+00:00,200,176,,
2026-07-26T06:59:31.408039+00:00,200,210,,
2026-07-26T06:59:41.658527+00:00,200,249,,
2026-07-26T06:59:51.882151+00:00,200,221,,
2026-07-26T07:00:02.113363+00:00,200,228,,
2026-07-26T07:00:12.330168+00:00,200,211,,
2026-07-26T07:00:22.574657+00:00,200,240,,
2026-07-26T07:00:32.858147+00:00,200,281,,
2026-07-26T07:00:43.043435+00:00,200,184,,
2026-07-26T07:00:53.231954+00:00,200,186,,
2026-07-26T07:01:03.502854+00:00,200,269,,
2026-07-26T07:01:13.713709+00:00,200,208,,
2026-07-26T07:01:23.943178+00:00,200,224,,
2026-07-26T07:01:34.227091+00:00,200,282,,
2026-07-26T07:01:44.427029+00:00,200,194,,
2026-07-26T07:01:54.604631+00:00,200,175,,
2026-07-26T07:02:04.839180+00:00,200,232,,
2026-07-26T07:02:15.119980+00:00,200,278,,
2026-07-26T07:02:25.380051+00:00,200,258,,
2026-07-26T07:02:35.579750+00:00,200,196,,
2026-07-26T07:02:45.787333+00:00,200,204,,
2026-07-26T07:02:56.023720+00:00,200,232,,
2026-07-26T07:03:06.252539+00:00,200,226,,
2026-07-26T07:03:16.493369+00:00,200,239,,
2026-07-26T07:03:26.743243+00:00,200,234,,
2026-07-26T07:03:37.014704+00:00,200,264,,
2026-07-26T07:03:47.254388+00:00,200,225,,
2026-07-26T07:03:57.527244+00:00,200,270,,
2026-07-26T07:04:07.776386+00:00,200,241,,
2026-07-26T07:04:18.008264+00:00,200,226,,
2026-07-26T07:04:28.231442+00:00,200,217,,
2026-07-26T07:04:38.466106+00:00,200,232,,
2026-07-26T07:04:48.701033+00:00,200,230,,
2026-07-26T07:04:58.941199+00:00,200,237,,
2026-07-26T07:05:09.155605+00:00,200,208,,
2026-07-26T07:05:19.436285+00:00,200,277,,
2026-07-26T07:05:29.654938+00:00,200,209,,
2026-07-26T07:05:39.969906+00:00,200,310,,
2026-07-26T07:05:50.235337+00:00,200,262,,
2026-07-26T07:06:00.488896+00:00,200,246,,
2026-07-26T07:06:10.745768+00:00,200,247,,
2026-07-26T07:06:20.981457+00:00,200,234,,
2026-07-26T07:06:31.262543+00:00,200,278,,
2026-07-26T07:06:41.506687+00:00,200,242,,
2026-07-26T07:06:51.733212+00:00,200,224,,
2026-07-26T07:07:01.915661+00:00,200,181,,
2026-07-26T07:07:12.149735+00:00,200,232,,
2026-07-26T07:07:22.373488+00:00,200,220,,
2026-07-26T07:07:32.607251+00:00,200,231,,
2026-07-26T07:07:42.836572+00:00,200,226,,
2026-07-26T07:07:53.040608+00:00,200,201,,
2026-07-26T07:08:03.275903+00:00,200,232,,
2026-07-26T07:08:13.463580+00:00,200,186,,
2026-07-26T07:08:23.661828+00:00,200,197,,
2026-07-26T07:08:33.879780+00:00,200,216,,
2026-07-26T07:08:44.233395+00:00,200,351,,
2026-07-26T07:08:54.409424+00:00,200,174,,
2026-07-26T07:09:04.597850+00:00,200,187,,
2026-07-26T07:09:14.838020+00:00,200,238,,
2026-07-26T07:09:25.063337+00:00,200,224,,
2026-07-26T07:09:35.247712+00:00,200,182,,
2026-07-26T07:09:45.438488+00:00,200,189,,
2026-07-26T07:09:55.635523+00:00,200,195,,
2026-07-26T07:10:05.850614+00:00,200,213,,
2026-07-26T07:10:16.063989+00:00,200,210,,
2026-07-26T07:10:26.265954+00:00,200,200,,
2026-07-26T07:10:36.486374+00:00,200,219,,
2026-07-26T07:10:46.749985+00:00,200,260,,
2026-07-26T07:10:56.970790+00:00,200,204,,
2026-07-26T07:11:07.395519+00:00,200,422,,
2026-07-26T07:11:17.673596+00:00,200,246,,
2026-07-26T07:11:27.964716+00:00,200,278,,
2026-07-26T07:11:38.247756+00:00,200,281,,
2026-07-26T07:11:48.558921+00:00,200,304,,
2026-07-26T07:11:58.806131+00:00,200,235,,
2026-07-26T07:12:09.046988+00:00,200,239,,
2026-07-26T07:12:19.248372+00:00,200,195,,
2026-07-26T07:12:29.502711+00:00,200,252,,
2026-07-26T07:12:39.843408+00:00,200,331,,
2026-07-26T07:12:50.158298+00:00,200,310,,
2026-07-26T07:13:00.336973+00:00,200,177,,
2026-07-26T07:13:10.502640+00:00,200,164,,
2026-07-26T07:13:20.673237+00:00,200,169,,
2026-07-26T07:13:30.904151+00:00,200,229,,
2026-07-26T07:13:41.122347+00:00,200,216,,
2026-07-26T07:13:51.304212+00:00,200,180,,
2026-07-26T07:14:01.483889+00:00,200,178,,
2026-07-26T07:14:11.653697+00:00,200,169,,
2026-07-26T07:14:21.821651+00:00,200,166,,
2026-07-26T07:14:32.010641+00:00,200,187,,
2026-07-26T07:14:42.187006+00:00,200,175,,
2026-07-26T07:14:52.355952+00:00,200,167,,
2026-07-26T07:15:02.547104+00:00,200,190,,
2026-07-26T07:15:12.714250+00:00,200,166,,
2026-07-26T07:15:22.898894+00:00,200,183,,
2026-07-26T07:15:33.365377+00:00,200,465,,
2026-07-26T07:15:43.559034+00:00,200,192,,
2026-07-26T07:15:53.862333+00:00,404,301,HTTPError,
2026-07-26T07:16:04.120604+00:00,502,256,GatewayError,
2026-07-26T07:16:14.305317+00:00,200,183,,
2026-07-26T07:16:24.520607+00:00,200,213,,
2026-07-26T07:16:34.703840+00:00,200,181,,
2026-07-26T07:16:44.925909+00:00,200,220,,
2026-07-26T07:16:55.199125+00:00,200,270,,
2026-07-26T07:17:05.437005+00:00,200,224,,
2026-07-26T07:17:15.703645+00:00,200,261,,
2026-07-26T07:17:25.952025+00:00,200,247,,
2026-07-26T07:17:36.169451+00:00,200,212,,
2026-07-26T07:17:46.377084+00:00,200,206,,
2026-07-26T07:17:56.554230+00:00,200,176,,
2026-07-26T07:18:06.738554+00:00,200,183,,
2026-07-26T07:18:16.929090+00:00,200,189,,
2026-07-26T07:18:27.108675+00:00,200,178,,
2026-07-26T07:18:37.300191+00:00,200,189,,
2026-07-26T07:18:47.514554+00:00,200,213,,
2026-07-26T07:18:57.691371+00:00,200,174,,
2026-07-26T07:19:07.879025+00:00,200,186,,
2026-07-26T07:19:18.082723+00:00,200,201,,
2026-07-26T07:19:28.275556+00:00,200,191,,
2026-07-26T07:19:38.465910+00:00,200,189,,
2026-07-26T07:19:48.645254+00:00,200,178,,
2026-07-26T07:19:58.822593+00:00,200,175,,
2026-07-26T07:20:08.980906+00:00,200,156,,
2026-07-26T07:20:19.179603+00:00,200,197,,
2026-07-26T07:20:29.360935+00:00,200,179,,
2026-07-26T07:20:39.550333+00:00,200,187,,
2026-07-26T07:20:49.733029+00:00,200,181,,
2026-07-26T07:21:00.003711+00:00,200,268,,
2026-07-26T07:21:10.187546+00:00,200,182,,
2026-07-26T07:21:20.404349+00:00,200,215,,
2026-07-26T07:21:30.616871+00:00,200,211,,
2026-07-26T07:21:40.797571+00:00,200,179,,
2026-07-26T07:21:51.007046+00:00,200,208,,
2026-07-26T07:22:01.236645+00:00,200,227,,
2026-07-26T07:22:11.430781+00:00,200,193,,
2026-07-26T07:22:21.633374+00:00,200,201,,
2026-07-26T07:22:31.852072+00:00,200,217,,
2026-07-26T07:22:42.054752+00:00,200,201,,
2026-07-26T07:22:52.253024+00:00,200,196,,
2026-07-26T07:23:02.454038+00:00,200,198,,
2026-07-26T07:23:12.649694+00:00,200,194,,
2026-07-26T07:23:22.885121+00:00,200,234,,
2026-07-26T07:23:33.088145+00:00,200,201,,
2026-07-26T07:23:43.268967+00:00,200,178,,
2026-07-26T07:23:53.467312+00:00,200,196,,
2026-07-26T07:24:03.673977+00:00,200,204,,
2026-07-26T07:24:13.839340+00:00,200,163,,
2026-07-26T07:24:24.061594+00:00,200,220,,
2026-07-26T07:24:34.257256+00:00,200,193,,
2026-07-26T07:24:44.482922+00:00,200,224,,
2026-07-26T07:24:54.672174+00:00,200,188,,
2026-07-26T07:25:04.907484+00:00,200,233,,
2026-07-26T07:25:15.090281+00:00,200,180,,
2026-07-26T07:25:25.309948+00:00,200,218,,
2026-07-26T07:25:35.542387+00:00,200,230,,
2026-07-26T07:25:45.813439+00:00,200,268,,
2026-07-26T07:25:56.003198+00:00,200,187,,
2026-07-26T07:26:06.255036+00:00,200,250,,
2026-07-26T07:26:16.430067+00:00,200,172,,
2026-07-26T07:26:26.639152+00:00,200,208,,
2026-07-26T07:26:36.849752+00:00,200,208,,
2026-07-26T07:26:47.050262+00:00,200,199,,
2026-07-26T07:26:57.295612+00:00,200,243,,
2026-07-26T07:27:07.521358+00:00,200,223,,
2026-07-26T07:27:17.691750+00:00,200,167,,
2026-07-26T07:27:27.865750+00:00,200,173,,
2026-07-26T07:27:38.058398+00:00,200,191,,
2026-07-26T07:27:48.234512+00:00,200,175,,
2026-07-26T07:27:58.427569+00:00,200,191,,
2026-07-26T07:28:08.604316+00:00,200,175,,
2026-07-26T07:28:18.782543+00:00,200,176,,
2026-07-26T07:28:28.975775+00:00,200,191,,
2026-07-26T07:28:39.193954+00:00,200,215,,
2026-07-26T07:28:49.387530+00:00,200,191,,
2026-07-26T07:28:59.571890+00:00,200,182,,
2026-07-26T07:29:09.792789+00:00,200,219,,
2026-07-26T07:29:20.046194+00:00,200,252,,
2026-07-26T07:29:30.229586+00:00,200,182,,
2026-07-26T07:29:40.463707+00:00,200,233,,
2026-07-26T07:29:50.641104+00:00,200,176,,
2026-07-26T07:30:00.854506+00:00,200,211,,
2026-07-26T07:30:11.060068+00:00,200,204,,
2026-07-26T07:30:21.234360+00:00,200,172,,
2026-07-26T07:30:31.417793+00:00,200,182,,
2026-07-26T07:30:41.626790+00:00,200,206,,
2026-07-26T07:30:51.862807+00:00,200,234,,
2026-07-26T07:31:02.148263+00:00,200,283,,
2026-07-26T07:31:12.411093+00:00,200,260,,
2026-07-26T07:31:22.637463+00:00,200,225,,
2026-07-26T07:31:33.058428+00:00,200,420,,
2026-07-26T07:31:43.400101+00:00,200,340,,
2026-07-26T07:31:53.615997+00:00,200,213,,
2026-07-26T07:32:03.820493+00:00,200,203,,
2026-07-26T07:32:14.245885+00:00,200,423,,
2026-07-26T07:32:24.491010+00:00,200,242,,
2026-07-26T07:32:34.697680+00:00,200,204,,
2026-07-26T07:32:44.930651+00:00,200,230,,
2026-07-26T07:32:55.129498+00:00,200,197,,
2026-07-26T07:33:05.311519+00:00,200,180,,
2026-07-26T07:33:15.496681+00:00,200,183,,
2026-07-26T07:33:25.693792+00:00,200,194,,
2026-07-26T07:33:35.915127+00:00,200,220,,
2026-07-26T07:33:46.118785+00:00,200,202,,
2026-07-26T07:33:56.369832+00:00,200,250,,
2026-07-26T07:34:06.534426+00:00,200,163,,
2026-07-26T07:34:16.727471+00:00,200,192,,
2026-07-26T07:34:26.905760+00:00,404,176,HTTPError,
2026-07-26T07:34:37.263837+00:00,502,356,GatewayError,
2026-07-26T07:34:47.432332+00:00,200,167,,
2026-07-26T07:34:57.638776+00:00,200,204,,
2026-07-26T07:35:07.865041+00:00,200,225,,
2026-07-26T07:35:18.085618+00:00,200,219,,
2026-07-26T07:35:28.365625+00:00,200,275,,
2026-07-26T07:35:38.543002+00:00,200,175,,
2026-07-26T07:35:48.807257+00:00,200,262,,
2026-07-26T07:35:59.024734+00:00,200,216,,
2026-07-26T07:36:09.461584+00:00,404,434,HTTPError,
2026-07-26T07:36:19.738541+00:00,200,274,,
2026-07-26T07:36:29.950825+00:00,200,211,,
2026-07-26T07:36:40.247941+00:00,200,284,,
2026-07-26T07:36:50.591439+00:00,200,334,,
2026-07-26T07:37:00.903576+00:00,200,292,,
2026-07-26T07:37:11.186041+00:00,200,271,,
2026-07-26T07:37:21.441931+00:00,200,250,,
2026-07-26T07:37:31.696551+00:00,200,248,,
2026-07-26T07:37:41.968563+00:00,200,269,,
2026-07-26T07:37:52.258200+00:00,200,282,,
2026-07-26T07:38:02.665363+00:00,200,397,,
2026-07-26T07:38:13.116901+00:00,200,449,,
2026-07-26T07:38:23.393585+00:00,200,274,,
2026-07-26T07:38:33.681824+00:00,200,284,,
2026-07-26T07:38:43.922468+00:00,200,236,,
2026-07-26T07:38:54.166166+00:00,200,240,,
2026-07-26T07:39:04.375536+00:00,200,205,,
2026-07-26T07:39:14.590971+00:00,200,213,,
2026-07-26T07:39:24.793195+00:00,200,200,,
2026-07-26T07:39:35.152853+00:00,200,343,,
2026-07-26T07:39:45.357351+00:00,200,202,,
2026-07-26T07:39:55.583570+00:00,200,225,,
2026-07-26T07:40:05.789434+00:00,200,203,,
2026-07-26T07:40:15.985192+00:00,200,194,,
2026-07-26T07:40:26.239794+00:00,200,253,,
2026-07-26T07:40:36.497864+00:00,200,256,,
2026-07-26T07:40:46.692751+00:00,200,192,,
2026-07-26T07:40:56.895121+00:00,200,200,,
2026-07-26T07:41:07.129446+00:00,200,233,,
2026-07-26T07:41:17.512861+00:00,200,381,,
2026-07-26T07:41:27.739959+00:00,200,224,,
2026-07-26T07:41:38.055873+00:00,200,314,,
2026-07-26T07:41:48.261722+00:00,200,204,,
2026-07-26T07:41:58.499282+00:00,200,235,,
2026-07-26T07:42:08.684995+00:00,200,184,,
2026-07-26T07:42:18.895713+00:00,200,208,,
2026-07-26T07:42:29.104498+00:00,200,207,,
2026-07-26T07:42:39.289698+00:00,200,183,,
2026-07-26T07:42:49.547891+00:00,200,256,,
2026-07-26T07:42:59.813720+00:00,200,262,,
2026-07-26T07:43:10.045704+00:00,200,230,,
2026-07-26T07:43:20.235153+00:00,200,187,,
2026-07-26T07:43:30.421435+00:00,200,184,,
2026-07-26T07:43:40.610140+00:00,200,186,,
2026-07-26T07:43:50.839805+00:00,200,227,,
2026-07-26T07:44:01.060960+00:00,200,219,,
2026-07-26T07:44:11.385734+00:00,200,322,,
2026-07-26T07:44:21.572560+00:00,200,182,,
2026-07-26T07:44:31.863971+00:00,200,290,,
2026-07-26T07:44:42.099449+00:00,200,232,,
2026-07-26T07:44:52.306876+00:00,200,206,,
2026-07-26T07:45:02.539088+00:00,200,230,,
2026-07-26T07:45:12.755322+00:00,404,206,HTTPError,
2026-07-26T07:45:26.010726+00:00,404,3253,HTTPError,
2026-07-26T07:45:36.290177+00:00,200,275,,
2026-07-26T07:45:46.604475+00:00,200,311,,
2026-07-26T07:45:56.977298+00:00,200,363,,
2026-07-26T07:46:07.210853+00:00,200,229,,
2026-07-26T07:46:17.467933+00:00,200,254,,
2026-07-26T07:46:27.721574+00:00,200,242,,
2026-07-26T07:46:37.996021+00:00,200,272,,
2026-07-26T07:46:48.193867+00:00,200,196,,
2026-07-26T07:46:58.392959+00:00,200,197,,
2026-07-26T07:47:08.621234+00:00,200,226,,
2026-07-26T07:47:18.827664+00:00,200,204,,
2026-07-26T07:47:28.998803+00:00,200,169,,
2026-07-26T07:47:39.197275+00:00,200,197,,
2026-07-26T07:47:49.597371+00:00,200,397,,
2026-07-26T07:47:59.803054+00:00,200,203,,
2026-07-26T07:48:10.007142+00:00,200,203,,
2026-07-26T07:48:20.202786+00:00,200,193,,
2026-07-26T07:48:30.490288+00:00,200,285,,
2026-07-26T07:48:40.750431+00:00,200,248,,
2026-07-26T07:48:50.980546+00:00,200,223,,
2026-07-26T07:49:01.268883+00:00,200,280,,
2026-07-26T07:49:11.531557+00:00,200,259,,
2026-07-26T07:49:21.786336+00:00,200,250,,
2026-07-26T07:49:32.042272+00:00,200,247,,
2026-07-26T07:49:42.408110+00:00,200,353,,
2026-07-26T07:49:52.653974+00:00,200,244,,
2026-07-26T07:50:02.845189+00:00,200,189,,
2026-07-26T07:50:13.366918+00:00,200,520,,
2026-07-26T07:50:23.593469+00:00,200,225,,
2026-07-26T07:50:33.912977+00:00,200,317,,
2026-07-26T07:50:44.238275+00:00,200,323,,
2026-07-26T07:50:54.502808+00:00,200,263,,
2026-07-26T07:51:04.780665+00:00,200,271,,
2026-07-26T07:51:15.227178+00:00,200,436,,
2026-07-26T07:51:25.502994+00:00,200,268,,
2026-07-26T07:51:35.804686+00:00,200,296,,
2026-07-26T07:51:46.109240+00:00,200,298,,
2026-07-26T07:51:56.478941+00:00,200,368,,
2026-07-26T07:52:06.714936+00:00,200,211,,
2026-07-26T07:52:16.996960+00:00,200,280,,
2026-07-26T07:52:27.246609+00:00,200,242,,
2026-07-26T07:52:37.464597+00:00,200,216,,
2026-07-26T07:52:47.625867+00:00,200,159,,
2026-07-26T07:52:57.824124+00:00,200,196,,
2026-07-26T07:53:07.996967+00:00,200,171,,
2026-07-26T07:53:18.323014+00:00,200,324,,
2026-07-26T07:53:28.492606+00:00,200,168,,
2026-07-26T07:53:38.694019+00:00,200,200,,
2026-07-26T07:53:48.883795+00:00,200,187,,
2026-07-26T07:53:59.144303+00:00,200,258,,
2026-07-26T07:54:09.343828+00:00,200,198,,
2026-07-26T07:54:19.539264+00:00,200,194,,
2026-07-26T07:54:29.710341+00:00,200,169,,
2026-07-26T07:54:39.940215+00:00,200,227,,
2026-07-26T07:54:50.156313+00:00,200,215,,
2026-07-26T07:55:00.326513+00:00,200,168,,
2026-07-26T07:55:10.535653+00:00,200,207,,
2026-07-26T07:55:20.830453+00:00,200,293,,
2026-07-26T07:55:31.134109+00:00,200,301,,
2026-07-26T07:55:41.340942+00:00,200,205,,
2026-07-26T07:55:51.507161+00:00,200,164,,
2026-07-26T07:56:01.744830+00:00,200,235,,
2026-07-26T07:56:11.934261+00:00,200,186,,
2026-07-26T07:56:22.211437+00:00,200,274,,
2026-07-26T07:56:32.468181+00:00,200,251,,
2026-07-26T07:56:42.801683+00:00,200,329,,
2026-07-26T07:56:53.185200+00:00,200,381,,
2026-07-26T07:57:03.526973+00:00,200,334,,
2026-07-26T07:57:13.764714+00:00,200,235,,
2026-07-26T07:57:24.215122+00:00,200,449,,
2026-07-26T07:57:34.511146+00:00,200,288,,
2026-07-26T07:57:44.803581+00:00,200,287,,
2026-07-26T07:57:55.274237+00:00,200,458,,
2026-07-26T07:58:05.537434+00:00,200,253,,
2026-07-26T07:58:15.783327+00:00,200,237,,
2026-07-26T07:58:25.960132+00:00,200,175,,
2026-07-26T07:58:36.141786+00:00,200,180,,
2026-07-26T07:58:46.311243+00:00,200,168,,
2026-07-26T07:58:56.491705+00:00,200,178,,
2026-07-26T07:59:06.692896+00:00,200,200,,
2026-07-26T07:59:16.858709+00:00,200,164,,
2026-07-26T07:59:27.086502+00:00,200,226,,
2026-07-26T07:59:37.259142+00:00,200,170,,
2026-07-26T07:59:47.590999+00:00,200,329,,
2026-07-26T07:59:57.882302+00:00,200,289,,
2026-07-26T08:00:08.060040+00:00,200,175,,
2026-07-26T08:00:18.264497+00:00,200,203,,
2026-07-26T08:00:28.452745+00:00,200,186,,
2026-07-26T08:00:38.637693+00:00,200,183,,
2026-07-26T08:00:48.807448+00:00,200,168,,
2026-07-26T08:00:59.013349+00:00,200,203,,
2026-07-26T08:01:09.198056+00:00,200,182,,
2026-07-26T08:01:19.563630+00:00,200,362,,
2026-07-26T08:01:29.741074+00:00,200,175,,
2026-07-26T08:01:39.950393+00:00,200,208,,
2026-07-26T08:01:50.271644+00:00,200,320,,
2026-07-26T08:02:00.466354+00:00,200,192,,
2026-07-26T08:02:10.847278+00:00,200,379,,
2026-07-26T08:02:21.073650+00:00,200,225,,
2026-07-26T08:02:31.286730+00:00,200,211,,
2026-07-26T08:02:41.477427+00:00,200,189,,
2026-07-26T08:02:51.687182+00:00,200,207,,
2026-07-26T08:03:01.905403+00:00,200,216,,
2026-07-26T08:03:12.136225+00:00,200,229,,
2026-07-26T08:03:22.321799+00:00,200,184,,
2026-07-26T08:03:32.536693+00:00,200,213,,
2026-07-26T08:03:42.759282+00:00,404,221,HTTPError,
2026-07-26T08:03:53.052144+00:00,502,290,GatewayError,
2026-07-26T08:04:03.259970+00:00,200,206,,
2026-07-26T08:04:13.446413+00:00,200,184,,
2026-07-26T08:04:23.780243+00:00,200,331,,
2026-07-26T08:04:34.015968+00:00,200,234,,
2026-07-26T08:04:44.202439+00:00,200,184,,
2026-07-26T08:04:54.406222+00:00,200,202,,
2026-07-26T08:05:04.600842+00:00,200,192,,
2026-07-26T08:05:14.798918+00:00,200,195,,
2026-07-26T08:05:25.018567+00:00,200,218,,
2026-07-26T08:05:35.239990+00:00,200,219,,
2026-07-26T08:05:45.488405+00:00,200,246,,
2026-07-26T08:05:55.667038+00:00,200,177,,
2026-07-26T08:06:05.888948+00:00,200,220,,
2026-07-26T08:06:16.124831+00:00,200,234,,
2026-07-26T08:06:26.399871+00:00,200,273,,
2026-07-26T08:06:36.628397+00:00,200,226,,
2026-07-26T08:06:46.843830+00:00,200,214,,
2026-07-26T08:06:57.160968+00:00,200,315,,
2026-07-26T08:07:07.382898+00:00,200,220,,
2026-07-26T08:07:17.631115+00:00,200,246,,
2026-07-26T08:07:27.816537+00:00,200,183,,
2026-07-26T08:07:37.986260+00:00,200,167,,
2026-07-26T08:07:48.180022+00:00,200,191,,
2026-07-26T08:07:58.382657+00:00,200,200,,
2026-07-26T08:08:08.654175+00:00,200,269,,
2026-07-26T08:08:18.868506+00:00,200,213,,
2026-07-26T08:08:29.082675+00:00,200,212,,
2026-07-26T08:08:39.297317+00:00,200,213,,
2026-07-26T08:08:49.506619+00:00,200,207,,
2026-07-26T08:08:59.693467+00:00,404,184,HTTPError,
2026-07-26T08:09:10.925504+00:00,404,1229,HTTPError,
2026-07-26T08:09:21.163789+00:00,200,237,,
2026-07-26T08:09:31.329351+00:00,200,164,,
2026-07-26T08:09:41.537746+00:00,200,206,,
2026-07-26T08:09:51.734570+00:00,200,193,,
2026-07-26T08:10:01.955975+00:00,200,219,,
2026-07-26T08:10:12.156901+00:00,200,198,,
2026-07-26T08:10:22.384488+00:00,200,226,,
2026-07-26T08:10:32.641862+00:00,200,254,,
2026-07-26T08:10:42.919670+00:00,200,275,,
2026-07-26T08:10:53.171256+00:00,200,250,,
2026-07-26T08:11:03.446922+00:00,200,271,,
2026-07-26T08:11:13.625600+00:00,200,177,,
2026-07-26T08:11:23.910675+00:00,200,283,,
2026-07-26T08:11:34.110242+00:00,200,197,,
2026-07-26T08:11:44.396813+00:00,200,285,,
2026-07-26T08:11:54.614655+00:00,200,216,,
2026-07-26T08:12:04.814683+00:00,200,199,,
2026-07-26T08:12:15.081431+00:00,200,265,,
2026-07-26T08:12:25.372194+00:00,200,286,,
2026-07-26T08:12:35.673452+00:00,200,299,,
2026-07-26T08:12:45.895684+00:00,200,220,,
2026-07-26T08:12:56.214986+00:00,200,314,,
2026-07-26T08:13:06.509903+00:00,200,292,,
2026-07-26T08:13:16.762044+00:00,200,249,,
2026-07-26T08:13:27.031223+00:00,200,266,,
2026-07-26T08:13:37.299723+00:00,200,265,,
2026-07-26T08:13:47.613455+00:00,200,309,,
2026-07-26T08:13:57.929358+00:00,200,312,,
2026-07-26T08:14:08.264020+00:00,200,331,,
2026-07-26T08:14:18.530184+00:00,200,263,,
2026-07-26T08:14:28.842428+00:00,200,304,,
2026-07-26T08:14:39.176613+00:00,200,332,,
2026-07-26T08:14:49.467544+00:00,200,286,,
2026-07-26T08:14:59.677598+00:00,200,207,,
2026-07-26T08:15:09.899943+00:00,200,217,,
2026-07-26T08:15:20.182072+00:00,200,279,,
2026-07-26T08:15:30.505799+00:00,200,321,,
2026-07-26T08:15:40.732312+00:00,200,225,,
2026-07-26T08:15:50.976838+00:00,200,235,,
2026-07-26T08:16:01.297431+00:00,200,318,,
2026-07-26T08:16:11.571467+00:00,200,271,,
2026-07-26T08:16:21.873556+00:00,200,299,,
2026-07-26T08:16:32.178378+00:00,200,302,,
2026-07-26T08:16:42.422435+00:00,200,238,,
2026-07-26T08:16:52.681068+00:00,200,255,,
2026-07-26T08:17:02.914493+00:00,200,229,,
2026-07-26T08:17:13.154018+00:00,200,235,,
2026-07-26T08:17:23.336283+00:00,200,179,,
2026-07-26T08:17:33.572502+00:00,200,232,,
2026-07-26T08:17:43.807688+00:00,200,232,,
2026-07-26T08:17:54.058868+00:00,200,247,,
2026-07-26T08:18:04.387906+00:00,200,326,,
2026-07-26T08:18:14.586887+00:00,200,196,,
2026-07-26T08:18:24.824663+00:00,200,233,,
2026-07-26T08:18:35.127183+00:00,200,296,,
2026-07-26T08:18:45.434516+00:00,200,304,,
2026-07-26T08:18:55.756125+00:00,200,319,,
2026-07-26T08:19:05.977473+00:00,200,217,,
2026-07-26T08:19:16.199303+00:00,200,220,,
2026-07-26T08:19:26.420938+00:00,200,220,,
2026-07-26T08:19:36.635496+00:00,200,201,,
2026-07-26T08:19:46.885625+00:00,200,248,,
2026-07-26T08:19:57.066621+00:00,200,179,,
2026-07-26T08:20:07.303971+00:00,200,236,,
2026-07-26T08:20:17.530601+00:00,200,225,,
2026-07-26T08:20:27.719469+00:00,200,187,,
2026-07-26T08:20:37.948163+00:00,200,227,,
2026-07-26T08:20:48.397502+00:00,200,446,,
2026-07-26T08:20:58.617471+00:00,200,218,,
2026-07-26T08:21:08.809649+00:00,200,190,,
2026-07-26T08:21:19.021789+00:00,200,210,,
2026-07-26T08:21:29.220802+00:00,200,197,,
2026-07-26T08:21:39.434858+00:00,200,212,,
2026-07-26T08:21:49.649398+00:00,200,213,,
2026-07-26T08:21:59.870780+00:00,200,219,,
2026-07-26T08:22:10.089660+00:00,200,217,,
2026-07-26T08:22:20.271473+00:00,200,180,,
2026-07-26T08:22:30.446599+00:00,200,174,,
2026-07-26T08:22:40.683590+00:00,200,234,,
2026-07-26T08:22:50.862564+00:00,200,178,,
2026-07-26T08:23:01.065959+00:00,200,201,,
2026-07-26T08:23:11.250266+00:00,200,182,,
2026-07-26T08:23:21.437366+00:00,200,184,,
2026-07-26T08:23:31.677362+00:00,200,238,,
2026-07-26T08:23:41.947404+00:00,200,269,,
2026-07-26T08:23:52.168396+00:00,200,219,,
2026-07-26T08:24:02.390957+00:00,200,220,,
2026-07-26T08:24:12.609006+00:00,200,214,,
2026-07-26T08:24:22.899923+00:00,200,288,,
2026-07-26T08:24:33.124014+00:00,200,216,,
2026-07-26T08:24:43.383483+00:00,200,258,,
2026-07-26T08:24:53.654392+00:00,200,267,,
2026-07-26T08:25:03.891861+00:00,200,234,,
2026-07-26T08:25:14.109162+00:00,200,215,,
2026-07-26T08:25:24.323348+00:00,200,213,,
2026-07-26T08:25:34.553744+00:00,200,226,,
2026-07-26T08:25:44.797085+00:00,200,242,,
2026-07-26T08:25:55.017317+00:00,200,217,,
2026-07-26T08:26:05.255580+00:00,200,235,,
2026-07-26T08:26:15.465289+00:00,200,208,,
2026-07-26T08:26:25.643946+00:00,200,177,,
2026-07-26T08:26:35.809758+00:00,200,164,,
2026-07-26T08:26:46.038353+00:00,200,227,,
2026-07-26T08:26:56.312203+00:00,200,272,,
2026-07-26T08:27:06.557311+00:00,404,242,HTTPError,
2026-07-26T08:27:16.744047+00:00,200,185,,
2026-07-26T08:27:26.944133+00:00,200,198,,
2026-07-26T08:27:37.225580+00:00,200,279,,
2026-07-26T08:27:47.467289+00:00,200,239,,
2026-07-26T08:27:57.798057+00:00,200,327,,
2026-07-26T08:28:08.137150+00:00,200,336,,
2026-07-26T08:28:18.347479+00:00,200,207,,
2026-07-26T08:28:28.561064+00:00,200,211,,
2026-07-26T08:28:38.859494+00:00,200,296,,
2026-07-26T08:28:49.193442+00:00,200,328,,
2026-07-26T08:28:59.469797+00:00,200,274,,
2026-07-26T08:29:09.803991+00:00,200,332,,
2026-07-26T08:29:20.109871+00:00,200,300,,
2026-07-26T08:29:30.409405+00:00,200,297,,
2026-07-26T08:29:40.728360+00:00,200,315,,
2026-07-26T08:29:51.026383+00:00,200,295,,
2026-07-26T08:30:01.338062+00:00,200,305,,
2026-07-26T08:30:11.570322+00:00,200,228,,
2026-07-26T08:30:21.831156+00:00,200,257,,
2026-07-26T08:30:32.160358+00:00,200,326,,
2026-07-26T08:30:42.438177+00:00,200,275,,
2026-07-26T08:30:52.759940+00:00,200,316,,
2026-07-26T08:31:03.029683+00:00,200,262,,
2026-07-26T08:31:13.258540+00:00,200,220,,
2026-07-26T08:31:23.475133+00:00,200,215,,
2026-07-26T08:31:33.716196+00:00,200,239,,
2026-07-26T08:31:43.952027+00:00,200,234,,
2026-07-26T08:31:54.284502+00:00,200,331,,
2026-07-26T08:32:04.509918+00:00,200,223,,
2026-07-26T08:32:14.732669+00:00,200,221,,
2026-07-26T08:32:24.943935+00:00,200,209,,
2026-07-26T08:32:35.290084+00:00,200,320,,
2026-07-26T08:32:45.601898+00:00,200,307,,
2026-07-26T08:32:55.955916+00:00,200,346,,
2026-07-26T08:33:06.285252+00:00,200,317,,
2026-07-26T08:33:16.590038+00:00,200,297,,
2026-07-26T08:33:26.836521+00:00,200,243,,
2026-07-26T08:33:37.117300+00:00,200,279,,
2026-07-26T08:33:47.419303+00:00,200,298,,
2026-07-26T08:33:57.723258+00:00,200,302,,
2026-07-26T08:34:07.932519+00:00,200,206,,
2026-07-26T08:34:18.173661+00:00,200,238,,
2026-07-26T08:34:28.417624+00:00,200,242,,
2026-07-26T08:34:38.592142+00:00,200,172,,
2026-07-26T08:34:48.807199+00:00,200,212,,
2026-07-26T08:34:59.033384+00:00,200,225,,
2026-07-26T08:35:09.201169+00:00,200,166,,
2026-07-26T08:35:19.413290+00:00,200,210,,
2026-07-26T08:35:29.601721+00:00,200,187,,
2026-07-26T08:35:39.876201+00:00,200,273,,
2026-07-26T08:35:50.049282+00:00,200,168,,
2026-07-26T08:36:00.222788+00:00,200,172,,
2026-07-26T08:36:10.535959+00:00,200,310,,
2026-07-26T08:36:20.757015+00:00,200,219,,
2026-07-26T08:36:30.948280+00:00,200,190,,
2026-07-26T08:36:41.160791+00:00,200,210,,
2026-07-26T08:36:51.393525+00:00,200,231,,
2026-07-26T08:37:01.610690+00:00,200,216,,
2026-07-26T08:37:11.816652+00:00,200,204,,
2026-07-26T08:37:21.989072+00:00,200,170,,
2026-07-26T08:37:32.184980+00:00,200,194,,
2026-07-26T08:37:42.365728+00:00,200,179,,
2026-07-26T08:37:52.583709+00:00,200,216,,
2026-07-26T08:38:02.859785+00:00,200,274,,
2026-07-26T08:38:13.032225+00:00,200,169,,
2026-07-26T08:38:23.246953+00:00,200,213,,
2026-07-26T08:38:33.444857+00:00,200,196,,
2026-07-26T08:38:43.624920+00:00,200,178,,
2026-07-26T08:38:53.825905+00:00,200,199,,
2026-07-26T08:39:04.033150+00:00,200,205,,
2026-07-26T08:39:14.201912+00:00,200,166,,
2026-07-26T08:39:24.436984+00:00,200,232,,
2026-07-26T08:39:34.634843+00:00,200,196,,
2026-07-26T08:39:44.837797+00:00,200,201,,
2026-07-26T08:39:55.022524+00:00,200,183,,
2026-07-26T08:40:05.199724+00:00,200,176,,
2026-07-26T08:40:15.396791+00:00,200,195,,
2026-07-26T08:40:25.634951+00:00,200,236,,
2026-07-26T08:40:35.898185+00:00,200,262,,
2026-07-26T08:40:46.159313+00:00,200,260,,
2026-07-26T08:40:56.380644+00:00,200,219,,
2026-07-26T08:41:06.567566+00:00,200,184,,
2026-07-26T08:41:16.773588+00:00,200,203,,
2026-07-26T08:41:27.052785+00:00,200,277,,
2026-07-26T08:41:37.279613+00:00,200,225,,
2026-07-26T08:41:47.481394+00:00,200,200,,
2026-07-26T08:41:57.683181+00:00,200,199,,
2026-07-26T08:42:07.998953+00:00,200,313,,
2026-07-26T08:42:18.202205+00:00,200,202,,
2026-07-26T08:42:28.379361+00:00,200,174,,
2026-07-26T08:42:38.561452+00:00,200,180,,
2026-07-26T08:42:48.783254+00:00,200,220,,
2026-07-26T08:42:59.026993+00:00,200,241,,
2026-07-26T08:43:09.227808+00:00,200,199,,
2026-07-26T08:43:19.554226+00:00,200,324,,
2026-07-26T08:43:29.764308+00:00,200,205,,
2026-07-26T08:43:40.037595+00:00,200,269,,
2026-07-26T08:43:50.318959+00:00,200,279,,
2026-07-26T08:44:00.637425+00:00,200,312,,
2026-07-26T08:44:10.853462+00:00,200,200,,
2026-07-26T08:44:21.105027+00:00,200,249,,
2026-07-26T08:44:31.415255+00:00,200,308,,
2026-07-26T08:44:41.765999+00:00,200,348,,
2026-07-26T08:44:52.078198+00:00,200,309,,
2026-07-26T08:45:02.359949+00:00,200,277,,
2026-07-26T08:45:12.642862+00:00,200,281,,
2026-07-26T08:45:22.912212+00:00,200,267,,
2026-07-26T08:45:33.222421+00:00,200,305,,
2026-07-26T08:45:43.514472+00:00,200,287,,
2026-07-26T08:45:53.728254+00:00,200,212,,
2026-07-26T08:46:04.009617+00:00,200,278,,
2026-07-26T08:46:14.294175+00:00,200,280,,
2026-07-26T08:46:24.562885+00:00,200,266,,
2026-07-26T08:46:34.736684+00:00,200,172,,
2026-07-26T08:46:44.976337+00:00,200,237,,
2026-07-26T08:46:55.206763+00:00,200,226,,
2026-07-26T08:47:05.505165+00:00,200,296,,
2026-07-26T08:47:15.693597+00:00,200,186,,
2026-07-26T08:47:26.055582+00:00,200,357,,
2026-07-26T08:47:36.362974+00:00,200,303,,
2026-07-26T08:47:46.579401+00:00,200,212,,
2026-07-26T08:47:56.869334+00:00,200,286,,
2026-07-26T08:48:07.180114+00:00,200,307,,
2026-07-26T08:48:17.480291+00:00,200,294,,
2026-07-26T08:48:27.742488+00:00,200,256,,
2026-07-26T08:48:38.083687+00:00,200,338,,
2026-07-26T08:48:48.273867+00:00,200,185,,
2026-07-26T08:48:58.593844+00:00,200,313,,
2026-07-26T08:49:08.908069+00:00,200,311,,
2026-07-26T08:49:19.199603+00:00,200,284,,
2026-07-26T08:49:29.455377+00:00,200,248,,
2026-07-26T08:49:39.731734+00:00,200,273,,
2026-07-26T08:49:50.090244+00:00,200,356,,
2026-07-26T08:50:00.379737+00:00,200,278,,
2026-07-26T08:50:10.680729+00:00,200,299,,
2026-07-26T08:50:20.977442+00:00,200,293,,
2026-07-26T08:50:31.306018+00:00,200,326,,
2026-07-26T08:50:41.668874+00:00,200,357,,
2026-07-26T08:50:51.882555+00:00,200,210,,
2026-07-26T08:51:02.183196+00:00,200,299,,
2026-07-26T08:51:12.534023+00:00,200,343,,
2026-07-26T08:51:22.874112+00:00,200,337,,
2026-07-26T08:51:33.122274+00:00,200,245,,
2026-07-26T08:51:43.445265+00:00,200,319,,
2026-07-26T08:51:53.664375+00:00,200,217,,
2026-07-26T08:52:03.924274+00:00,200,258,,
2026-07-26T08:52:14.211367+00:00,200,271,,
2026-07-26T08:52:24.518572+00:00,200,305,,
2026-07-26T08:52:34.775988+00:00,200,252,,
2026-07-26T08:52:44.987533+00:00,200,209,,
2026-07-26T08:52:55.341939+00:00,200,351,,
2026-07-26T08:53:05.538872+00:00,200,194,,
2026-07-26T08:53:15.830941+00:00,200,290,,
2026-07-26T08:53:26.116591+00:00,200,282,,
2026-07-26T08:53:36.352214+00:00,200,233,,
2026-07-26T08:53:46.647220+00:00,200,292,,
2026-07-26T08:53:56.950940+00:00,200,298,,
2026-07-26T08:54:07.225360+00:00,200,264,,
2026-07-26T08:54:17.448541+00:00,200,214,,
2026-07-26T08:54:27.698526+00:00,200,244,,
2026-07-26T08:54:37.918941+00:00,200,215,,
2026-07-26T08:54:48.308535+00:00,200,388,,
2026-07-26T08:54:58.566881+00:00,200,257,,
2026-07-26T08:55:08.768989+00:00,200,200,,
2026-07-26T08:55:19.012412+00:00,200,241,,
2026-07-26T08:55:29.257409+00:00,200,242,,
2026-07-26T08:55:39.493331+00:00,200,230,,
2026-07-26T08:55:49.747463+00:00,200,252,,
2026-07-26T08:56:00.056148+00:00,200,305,,
2026-07-26T08:56:10.309653+00:00,200,250,,
2026-07-26T08:56:20.519905+00:00,200,208,,
2026-07-26T08:56:30.698283+00:00,200,176,,
2026-07-26T08:56:40.949638+00:00,200,249,,
2026-07-26T08:56:51.214060+00:00,200,261,,
2026-07-26T08:57:01.394842+00:00,200,177,,
2026-07-26T08:57:11.694364+00:00,200,296,,
2026-07-26T08:57:21.979377+00:00,200,266,,
2026-07-26T08:57:32.218747+00:00,200,237,,
2026-07-26T08:57:42.492414+00:00,200,271,,
2026-07-26T08:57:52.717046+00:00,200,221,,
2026-07-26T08:58:02.909385+00:00,200,186,,
2026-07-26T08:58:13.105060+00:00,200,194,,
2026-07-26T08:58:23.304643+00:00,200,197,,
2026-07-26T08:58:33.479708+00:00,200,173,,
2026-07-26T08:58:43.692371+00:00,200,211,,
2026-07-26T08:58:53.890999+00:00,200,196,,
2026-07-26T08:59:04.148437+00:00,200,252,,
2026-07-26T08:59:14.426589+00:00,200,276,,
2026-07-26T08:59:24.626584+00:00,200,195,,
2026-07-26T08:59:34.880272+00:00,200,247,,
2026-07-26T08:59:45.096260+00:00,200,213,,
2026-07-26T08:59:55.360721+00:00,200,263,,
2026-07-26T09:00:05.554012+00:00,200,191,,
2026-07-26T09:00:15.746795+00:00,200,191,,
2026-07-26T09:00:25.979466+00:00,200,230,,
2026-07-26T09:00:36.228032+00:00,200,246,,
2026-07-26T09:00:46.409386+00:00,200,178,,
2026-07-26T09:00:56.622035+00:00,200,209,,
2026-07-26T09:01:06.899089+00:00,200,274,,
2026-07-26T09:01:17.144560+00:00,200,234,,
2026-07-26T09:01:27.511665+00:00,200,354,,
2026-07-26T09:01:37.804556+00:00,200,287,,
2026-07-26T09:01:48.093524+00:00,200,282,,
2026-07-26T09:01:58.428316+00:00,200,333,,
2026-07-26T09:02:08.661273+00:00,200,228,,
2026-07-26T09:02:18.884969+00:00,200,218,,
2026-07-26T09:02:29.059996+00:00,200,173,,
2026-07-26T09:02:39.245707+00:00,200,184,,
2026-07-26T09:02:49.472686+00:00,200,224,,
2026-07-26T09:02:59.759814+00:00,200,283,,
2026-07-26T09:03:09.989008+00:00,200,224,,
2026-07-26T09:03:20.250228+00:00,200,259,,
2026-07-26T09:03:30.513708+00:00,200,257,,
2026-07-26T09:03:40.763418+00:00,200,248,,
2026-07-26T09:03:50.957965+00:00,200,192,,
2026-07-26T09:04:01.221526+00:00,200,254,,
2026-07-26T09:04:11.497317+00:00,200,273,,
2026-07-26T09:04:21.809967+00:00,200,306,,
2026-07-26T09:04:32.033062+00:00,200,220,,
2026-07-26T09:04:42.343001+00:00,200,306,,
2026-07-26T09:04:52.611537+00:00,200,267,,
2026-07-26T09:05:03.043940+00:00,200,425,,
2026-07-26T09:05:13.288753+00:00,200,243,,
2026-07-26T09:05:23.564646+00:00,200,273,,
2026-07-26T09:05:33.875154+00:00,200,308,,
2026-07-26T09:05:44.161060+00:00,200,281,,
2026-07-26T09:05:54.437782+00:00,200,273,,
2026-07-26T09:06:04.672435+00:00,200,209,,
2026-07-26T09:06:14.885603+00:00,200,209,,
2026-07-26T09:06:25.169684+00:00,200,268,,
2026-07-26T09:06:35.425283+00:00,200,252,,
2026-07-26T09:06:45.747024+00:00,200,320,,
2026-07-26T09:06:57.038805+00:00,200,1288,,
2026-07-26T09:07:07.299049+00:00,200,258,,
2026-07-26T09:07:17.497614+00:00,200,192,,
2026-07-26T09:07:27.806705+00:00,200,303,,
2026-07-26T09:07:38.079541+00:00,200,267,,
2026-07-26T09:07:48.315671+00:00,200,230,,
2026-07-26T09:07:58.592995+00:00,200,273,,
2026-07-26T09:08:08.850532+00:00,200,250,,
2026-07-26T09:08:19.149702+00:00,200,298,,
2026-07-26T09:08:29.428737+00:00,200,274,,
2026-07-26T09:08:39.607013+00:00,200,176,,
2026-07-26T09:08:49.836013+00:00,200,227,,
2026-07-26T09:09:00.116584+00:00,200,279,,
2026-07-26T09:09:10.374618+00:00,200,255,,
2026-07-26T09:09:20.615836+00:00,200,237,,
2026-07-26T09:09:30.850114+00:00,200,227,,
2026-07-26T09:09:41.096936+00:00,200,244,,
2026-07-26T09:09:51.379906+00:00,200,278,,
2026-07-26T09:10:01.634079+00:00,200,251,,
2026-07-26T09:10:11.977676+00:00,200,340,,
2026-07-26T09:10:22.184616+00:00,200,204,,
2026-07-26T09:10:32.445718+00:00,200,258,,
2026-07-26T09:10:42.713333+00:00,200,262,,
2026-07-26T09:10:52.973196+00:00,200,257,,
2026-07-26T09:11:03.247033+00:00,200,270,,
2026-07-26T09:11:13.483150+00:00,200,233,,
2026-07-26T09:11:23.743846+00:00,200,259,,
2026-07-26T09:11:34.008293+00:00,200,260,,
2026-07-26T09:11:44.216169+00:00,200,202,,
2026-07-26T09:11:54.466552+00:00,200,245,,
2026-07-26T09:12:04.699334+00:00,200,225,,
2026-07-26T09:12:14.984754+00:00,200,281,,
2026-07-26T09:12:25.282281+00:00,200,295,,
2026-07-26T09:12:35.498183+00:00,200,213,,
2026-07-26T09:12:45.737359+00:00,200,233,,
2026-07-26T09:12:56.059241+00:00,200,318,,
2026-07-26T09:13:06.277029+00:00,200,211,,
2026-07-26T09:13:16.543402+00:00,200,262,,
2026-07-26T09:13:26.874284+00:00,200,329,,
2026-07-26T09:13:37.065059+00:00,200,188,,
2026-07-26T09:13:47.312994+00:00,200,246,,
2026-07-26T09:13:57.645754+00:00,200,330,,
2026-07-26T09:14:07.924455+00:00,200,276,,
2026-07-26T09:14:18.125575+00:00,200,194,,
2026-07-26T09:14:28.308305+00:00,200,180,,
2026-07-26T09:14:38.482895+00:00,200,172,,
2026-07-26T09:14:48.646045+00:00,200,161,,
2026-07-26T09:14:58.958485+00:00,200,309,,
2026-07-26T09:15:09.221695+00:00,200,260,,
2026-07-26T09:15:19.537884+00:00,200,312,,
2026-07-26T09:15:29.811443+00:00,200,272,,
2026-07-26T09:15:40.155729+00:00,200,342,,
2026-07-26T09:15:50.423630+00:00,200,266,,
2026-07-26T09:16:00.807829+00:00,200,377,,
2026-07-26T09:16:11.154098+00:00,200,340,,
2026-07-26T09:16:21.456405+00:00,200,299,,
2026-07-26T09:16:31.734956+00:00,200,272,,
2026-07-26T09:16:42.070881+00:00,200,333,,
2026-07-26T09:16:52.427236+00:00,200,353,,
2026-07-26T09:17:02.701455+00:00,200,271,,
2026-07-26T09:17:12.932670+00:00,200,228,,
2026-07-26T09:17:23.187339+00:00,200,252,,
2026-07-26T09:17:33.451155+00:00,200,258,,
2026-07-26T09:17:43.751646+00:00,200,298,,
2026-07-26T09:17:54.019142+00:00,200,266,,
2026-07-26T09:18:04.256967+00:00,200,235,,
2026-07-26T09:18:14.579389+00:00,200,302,,
2026-07-26T09:18:24.809184+00:00,200,226,,
2026-07-26T09:18:35.025450+00:00,200,214,,
2026-07-26T09:18:45.216657+00:00,200,190,,
2026-07-26T09:18:55.451846+00:00,200,233,,
2026-07-26T09:19:05.724231+00:00,200,270,,
2026-07-26T09:19:15.998140+00:00,200,272,,
2026-07-26T09:19:26.316163+00:00,200,308,,
2026-07-26T09:19:36.500250+00:00,200,181,,
2026-07-26T09:19:46.748551+00:00,200,246,,
2026-07-26T09:19:57.128632+00:00,200,378,,
2026-07-26T09:20:07.822756+00:00,200,690,,
2026-07-26T09:20:18.089128+00:00,200,264,,
2026-07-26T09:20:28.390222+00:00,200,298,,
2026-07-26T09:20:38.597344+00:00,200,205,,
2026-07-26T09:20:48.776895+00:00,200,177,,
2026-07-26T09:20:58.996200+00:00,200,216,,
2026-07-26T09:21:09.231186+00:00,200,232,,
2026-07-26T09:21:19.491366+00:00,200,255,,
2026-07-26T09:21:29.767032+00:00,200,256,,
2026-07-26T09:21:40.010644+00:00,200,240,,
2026-07-26T09:21:50.240541+00:00,200,226,,
2026-07-26T09:22:00.490772+00:00,200,248,,
2026-07-26T09:22:10.728717+00:00,200,233,,
2026-07-26T09:22:20.952269+00:00,200,221,,
2026-07-26T09:22:31.259802+00:00,200,302,,
2026-07-26T09:22:41.510348+00:00,200,247,,
2026-07-26T09:22:51.777284+00:00,200,264,,
2026-07-26T09:23:02.024697+00:00,200,242,,
2026-07-26T09:23:12.296378+00:00,200,268,,
2026-07-26T09:23:22.555746+00:00,200,252,,
2026-07-26T09:23:32.733746+00:00,200,174,,
2026-07-26T09:23:42.915217+00:00,200,180,,
2026-07-26T09:23:53.172348+00:00,200,255,,
2026-07-26T09:24:03.337155+00:00,200,161,,
2026-07-26T09:24:13.505594+00:00,200,167,,
2026-07-26T09:24:23.701354+00:00,200,192,,
2026-07-26T09:24:33.945892+00:00,200,240,,
2026-07-26T09:24:44.197912+00:00,200,248,,
2026-07-26T09:24:54.452904+00:00,200,253,,
2026-07-26T09:25:04.676822+00:00,200,216,,
2026-07-26T09:25:14.950274+00:00,200,269,,
2026-07-26T09:25:25.224530+00:00,200,271,,
2026-07-26T09:25:36.218823+00:00,200,992,,
2026-07-26T09:25:46.480580+00:00,200,259,,
2026-07-26T09:25:56.748491+00:00,200,264,,
2026-07-26T09:26:07.016904+00:00,200,265,,
2026-07-26T09:26:17.289076+00:00,200,269,,
2026-07-26T09:26:27.548832+00:00,200,257,,
2026-07-26T09:26:37.756396+00:00,200,182,,
2026-07-26T09:26:48.012600+00:00,200,252,,
2026-07-26T09:26:58.259630+00:00,200,241,,
2026-07-26T09:27:08.501265+00:00,200,239,,
2026-07-26T09:27:18.768339+00:00,200,263,,
2026-07-26T09:27:28.976859+00:00,200,205,,
2026-07-26T09:27:39.287945+00:00,200,308,,
2026-07-26T09:27:49.580072+00:00,200,289,,
2026-07-26T09:27:59.857724+00:00,200,274,,
2026-07-26T09:28:10.138130+00:00,200,275,,
2026-07-26T09:28:20.393270+00:00,200,253,,
2026-07-26T09:28:30.649261+00:00,200,253,,
2026-07-26T09:28:40.867291+00:00,200,213,,
2026-07-26T09:28:51.048781+00:00,200,179,,
2026-07-26T09:29:01.375121+00:00,200,324,,
2026-07-26T09:29:11.645075+00:00,200,267,,
2026-07-26T09:29:21.904226+00:00,200,256,,
2026-07-26T09:29:32.127496+00:00,200,220,,
2026-07-26T09:29:42.383373+00:00,200,250,,
2026-07-26T09:29:52.653293+00:00,200,267,,
2026-07-26T09:30:02.843285+00:00,200,183,,
2026-07-26T09:30:13.108476+00:00,200,262,,
2026-07-26T09:30:23.332419+00:00,200,220,,
2026-07-26T09:30:33.551448+00:00,200,216,,
2026-07-26T09:30:43.838037+00:00,200,284,,
2026-07-26T09:30:54.086318+00:00,200,245,,
2026-07-26T09:31:04.260077+00:00,200,171,,
2026-07-26T09:31:14.511665+00:00,200,249,,
2026-07-26T09:31:24.763872+00:00,200,250,,
2026-07-26T09:31:35.042097+00:00,200,275,,
2026-07-26T09:31:45.293259+00:00,200,248,,
2026-07-26T09:31:55.524079+00:00,200,228,,
2026-07-26T09:32:06.328286+00:00,200,801,,
2026-07-26T09:32:16.577929+00:00,200,248,,
2026-07-26T09:32:26.810452+00:00,200,229,,
2026-07-26T09:32:37.049793+00:00,200,236,,
2026-07-26T09:32:47.316526+00:00,200,264,,
2026-07-26T09:32:57.578816+00:00,200,258,,
2026-07-26T09:33:07.792672+00:00,200,207,,
2026-07-26T09:33:18.087664+00:00,200,292,,
2026-07-26T09:33:28.349374+00:00,200,259,,
2026-07-26T09:33:38.535062+00:00,200,182,,
2026-07-26T09:33:48.764359+00:00,200,226,,
2026-07-26T09:33:59.007367+00:00,200,240,,
2026-07-26T09:34:09.211755+00:00,200,201,,
2026-07-26T09:34:19.389027+00:00,200,173,,
2026-07-26T09:34:29.645244+00:00,200,253,,
2026-07-26T09:34:39.880043+00:00,200,232,,
2026-07-26T09:34:50.122107+00:00,200,239,,
2026-07-26T09:35:00.357618+00:00,200,232,,
2026-07-26T09:35:10.551729+00:00,200,187,,
2026-07-26T09:35:20.808062+00:00,200,250,,
2026-07-26T09:35:31.043230+00:00,200,232,,
2026-07-26T09:35:41.301554+00:00,200,254,,
2026-07-26T09:35:51.701267+00:00,200,396,,
2026-07-26T09:36:01.953453+00:00,200,248,,
2026-07-26T09:36:12.223536+00:00,200,267,,
2026-07-26T09:36:22.485823+00:00,200,258,,
2026-07-26T09:36:32.726936+00:00,200,239,,
2026-07-26T09:36:42.985369+00:00,200,254,,
2026-07-26T09:36:53.276876+00:00,200,289,,
2026-07-26T09:37:03.527331+00:00,200,247,,
2026-07-26T09:37:13.796550+00:00,200,264,,
2026-07-26T09:37:24.105582+00:00,200,304,,
2026-07-26T09:37:34.366555+00:00,200,258,,
2026-07-26T09:37:44.616165+00:00,200,246,,
2026-07-26T09:37:54.870363+00:00,200,252,,
2026-07-26T09:38:05.138004+00:00,200,262,,
2026-07-26T09:38:15.427117+00:00,200,286,,
2026-07-26T09:38:25.710258+00:00,200,279,,
2026-07-26T09:38:35.933998+00:00,200,219,,
2026-07-26T09:38:46.190073+00:00,200,236,,
2026-07-26T09:38:56.452118+00:00,200,259,,
2026-07-26T09:39:06.730678+00:00,200,275,,
2026-07-26T09:39:17.003338+00:00,200,263,,
2026-07-26T09:39:27.194616+00:00,200,188,,
2026-07-26T09:39:37.478095+00:00,200,279,,
2026-07-26T09:39:47.765817+00:00,200,285,,
2026-07-26T09:39:58.044140+00:00,200,274,,
2026-07-26T09:40:08.271979+00:00,200,225,,
2026-07-26T09:40:18.532067+00:00,200,253,,
2026-07-26T09:40:28.795233+00:00,200,259,,
2026-07-26T09:40:39.022188+00:00,200,223,,
2026-07-26T09:40:49.303745+00:00,200,279,,
2026-07-26T09:40:59.619371+00:00,200,312,,
2026-07-26T09:41:09.884214+00:00,200,259,,
2026-07-26T09:41:20.158698+00:00,200,268,,
2026-07-26T09:41:30.391306+00:00,200,229,,
2026-07-26T09:41:40.663184+00:00,200,268,,
2026-07-26T09:41:50.925188+00:00,200,258,,
2026-07-26T09:42:01.144501+00:00,200,216,,
2026-07-26T09:42:11.407886+00:00,200,259,,
2026-07-26T09:42:21.709102+00:00,200,296,,
2026-07-26T09:42:32.008127+00:00,200,294,,
2026-07-26T09:42:42.275269+00:00,200,263,,
2026-07-26T09:42:52.510762+00:00,200,230,,
2026-07-26T09:43:02.745279+00:00,200,231,,
2026-07-26T09:43:12.978704+00:00,200,230,,
2026-07-26T09:43:23.176140+00:00,200,192,,
2026-07-26T09:43:33.467559+00:00,200,289,,
2026-07-26T09:43:43.651845+00:00,200,182,,
2026-07-26T09:43:53.918703+00:00,200,264,,
2026-07-26T09:44:04.157437+00:00,200,236,,
2026-07-26T09:44:14.356118+00:00,200,194,,
2026-07-26T09:44:24.549423+00:00,200,191,,
2026-07-26T09:44:34.796125+00:00,200,244,,
2026-07-26T09:44:45.112644+00:00,200,313,,
2026-07-26T09:44:55.350450+00:00,200,235,,
2026-07-26T09:45:05.623244+00:00,200,270,,
2026-07-26T09:45:15.908326+00:00,200,277,,
2026-07-26T09:45:26.211659+00:00,200,301,,
2026-07-26T09:45:36.496127+00:00,200,275,,
2026-07-26T09:45:46.836155+00:00,200,336,,
2026-07-26T09:45:57.104040+00:00,200,265,,
2026-07-26T09:46:07.383741+00:00,200,270,,
2026-07-26T09:46:17.596855+00:00,200,209,,
2026-07-26T09:46:27.899624+00:00,200,298,,
2026-07-26T09:46:38.124716+00:00,200,220,,
2026-07-26T09:46:48.360000+00:00,200,233,,
2026-07-26T09:46:58.537802+00:00,200,174,,
2026-07-26T09:47:08.966229+00:00,200,425,,
2026-07-26T09:47:19.190547+00:00,200,220,,
2026-07-26T09:47:29.373894+00:00,200,180,,
2026-07-26T09:47:39.631521+00:00,200,256,,
2026-07-26T09:47:49.879421+00:00,200,245,,
2026-07-26T09:48:00.068526+00:00,200,187,,
2026-07-26T09:48:10.338229+00:00,200,267,,
2026-07-26T09:48:20.708840+00:00,200,368,,
2026-07-26T09:48:30.960560+00:00,200,248,,
2026-07-26T09:48:41.185891+00:00,200,224,,
2026-07-26T09:48:51.353345+00:00,200,166,,
2026-07-26T09:49:01.564318+00:00,200,209,,
2026-07-26T09:49:11.795994+00:00,200,228,,
2026-07-26T09:49:22.037316+00:00,200,237,,
2026-07-26T09:49:32.233254+00:00,200,194,,
2026-07-26T09:49:42.458882+00:00,200,223,,
2026-07-26T09:49:52.646334+00:00,200,186,,
2026-07-26T09:50:02.823961+00:00,200,176,,
2026-07-26T09:50:13.070247+00:00,200,245,,
2026-07-26T09:50:23.332314+00:00,200,259,,
2026-07-26T09:50:33.550514+00:00,200,215,,
2026-07-26T09:50:43.795300+00:00,200,243,,
2026-07-26T09:50:54.057495+00:00,200,256,,
2026-07-26T09:51:04.253265+00:00,200,193,,
2026-07-26T09:51:14.579147+00:00,200,323,,
2026-07-26T09:51:24.815273+00:00,200,231,,
2026-07-26T09:51:35.090891+00:00,200,273,,
2026-07-26T09:51:45.289802+00:00,200,198,,
2026-07-26T09:51:55.585140+00:00,200,293,,
2026-07-26T09:52:05.795422+00:00,200,207,,
2026-07-26T09:52:16.067633+00:00,200,269,,
2026-07-26T09:52:26.357199+00:00,200,286,,
2026-07-26T09:52:36.568324+00:00,200,209,,
2026-07-26T09:52:46.846501+00:00,200,277,,
2026-07-26T09:52:57.058967+00:00,200,207,,
2026-07-26T09:53:07.306181+00:00,200,245,,
2026-07-26T09:53:17.545956+00:00,200,238,,
2026-07-26T09:53:27.843104+00:00,200,294,,
2026-07-26T09:53:38.042153+00:00,200,197,,
2026-07-26T09:53:48.228154+00:00,200,183,,
2026-07-26T09:53:58.481305+00:00,200,251,,
2026-07-26T09:54:08.693433+00:00,200,208,,
2026-07-26T09:54:18.987610+00:00,200,292,,
2026-07-26T09:54:29.254007+00:00,200,261,,
2026-07-26T09:54:39.473340+00:00,200,217,,
2026-07-26T09:54:49.728976+00:00,200,253,,
2026-07-26T09:54:59.937866+00:00,200,206,,
2026-07-26T09:55:10.164396+00:00,200,224,,
2026-07-26T09:55:20.457708+00:00,200,291,,
2026-07-26T09:55:30.729711+00:00,200,269,,
2026-07-26T09:55:40.944223+00:00,200,212,,
2026-07-26T09:55:51.189455+00:00,200,243,,
2026-07-26T09:56:01.384087+00:00,200,186,,
2026-07-26T09:56:11.585432+00:00,200,196,,
2026-07-26T09:56:21.803922+00:00,200,217,,
2026-07-26T09:56:32.115218+00:00,200,310,,
2026-07-26T09:56:42.321704+00:00,200,204,,
2026-07-26T09:56:52.575947+00:00,200,250,,
2026-07-26T09:57:02.862644+00:00,200,282,,
2026-07-26T09:57:13.076640+00:00,200,209,,
2026-07-26T09:57:23.345706+00:00,200,267,,
2026-07-26T09:57:33.676987+00:00,200,328,,
2026-07-26T09:57:43.871548+00:00,200,193,,
2026-07-26T09:57:54.132088+00:00,200,259,,
2026-07-26T09:58:04.342043+00:00,200,205,,
2026-07-26T09:58:14.520981+00:00,200,176,,
2026-07-26T09:58:24.766844+00:00,200,242,,
2026-07-26T09:58:34.996879+00:00,200,228,,
2026-07-26T09:58:45.202013+00:00,200,201,,
2026-07-26T09:58:55.394760+00:00,200,190,,
2026-07-26T09:59:05.646685+00:00,200,248,,
2026-07-26T09:59:15.834038+00:00,200,185,,
2026-07-26T09:59:26.110290+00:00,200,272,,
2026-07-26T09:59:36.359700+00:00,200,245,,
2026-07-26T09:59:46.594988+00:00,200,233,,
2026-07-26T09:59:56.904461+00:00,200,306,,
2026-07-26T10:00:07.134847+00:00,200,226,,
2026-07-26T10:00:17.320116+00:00,200,182,,
2026-07-26T10:00:27.529558+00:00,200,207,,
2026-07-26T10:00:37.769508+00:00,200,238,,
2026-07-26T10:00:47.967717+00:00,200,196,,
2026-07-26T10:00:58.170951+00:00,200,200,,
2026-07-26T10:01:08.435942+00:00,200,263,,
2026-07-26T10:01:18.644106+00:00,200,204,,
2026-07-26T10:01:28.890152+00:00,200,244,,
2026-07-26T10:01:39.141162+00:00,200,249,,
2026-07-26T10:01:49.376605+00:00,200,232,,
2026-07-26T10:01:59.567681+00:00,200,190,,
2026-07-26T10:02:09.809886+00:00,200,239,,
2026-07-26T10:02:20.008990+00:00,200,196,,
2026-07-26T10:02:30.211348+00:00,200,201,,
2026-07-26T10:02:40.440216+00:00,200,227,,
2026-07-26T10:02:50.637114+00:00,200,191,,
2026-07-26T10:03:00.879513+00:00,200,240,,
2026-07-26T10:03:11.135979+00:00,200,253,,
2026-07-26T10:03:21.348610+00:00,200,209,,
2026-07-26T10:03:31.585633+00:00,200,236,,
2026-07-26T10:03:41.816799+00:00,200,227,,
2026-07-26T10:03:51.994103+00:00,200,175,,
2026-07-26T10:04:02.251413+00:00,200,255,,
2026-07-26T10:04:12.556429+00:00,200,301,,
2026-07-26T10:04:22.750160+00:00,200,186,,
2026-07-26T10:04:32.933362+00:00,200,180,,
2026-07-26T10:04:43.135186+00:00,200,199,,
2026-07-26T10:04:53.346712+00:00,200,210,,
2026-07-26T10:05:03.571318+00:00,200,223,,
2026-07-26T10:05:13.751020+00:00,200,178,,
2026-07-26T10:05:23.920468+00:00,200,168,,
2026-07-26T10:05:34.172013+00:00,200,250,,
2026-07-26T10:05:44.384658+00:00,200,210,,
2026-07-26T10:05:54.595920+00:00,200,209,,
2026-07-26T10:06:04.881234+00:00,200,283,,
2026-07-26T10:06:15.196482+00:00,200,313,,
2026-07-26T10:06:25.433768+00:00,200,234,,
2026-07-26T10:06:35.702030+00:00,200,266,,
2026-07-26T10:06:45.944367+00:00,200,236,,
2026-07-26T10:06:56.153872+00:00,200,205,,
2026-07-26T10:07:06.369597+00:00,200,214,,
2026-07-26T10:07:16.627127+00:00,200,255,,
2026-07-26T10:07:26.823045+00:00,200,190,,
2026-07-26T10:07:37.036147+00:00,200,211,,
2026-07-26T10:07:47.234273+00:00,200,195,,
2026-07-26T10:07:57.450769+00:00,200,213,,
2026-07-26T10:08:07.651093+00:00,200,197,,
2026-07-26T10:08:17.847246+00:00,200,192,,
2026-07-26T10:08:28.058930+00:00,200,210,,
2026-07-26T10:08:38.549783+00:00,200,487,,
2026-07-26T10:08:48.740448+00:00,200,187,,
2026-07-26T10:08:58.979521+00:00,200,237,,
2026-07-26T10:09:09.236056+00:00,200,255,,
2026-07-26T10:09:19.498661+00:00,200,259,,
2026-07-26T10:09:29.693655+00:00,200,192,,
2026-07-26T10:09:39.979069+00:00,200,284,,
2026-07-26T10:09:50.265946+00:00,200,283,,
2026-07-26T10:10:00.442282+00:00,200,173,,
2026-07-26T10:10:10.712320+00:00,200,268,,
2026-07-26T10:10:20.934176+00:00,200,202,,
2026-07-26T10:10:31.197023+00:00,200,256,,
2026-07-26T10:10:41.518112+00:00,200,318,,
2026-07-26T10:10:51.825004+00:00,200,304,,
2026-07-26T10:11:02.033846+00:00,200,206,,
2026-07-26T10:11:12.270947+00:00,200,235,,
2026-07-26T10:11:22.556685+00:00,200,281,,
2026-07-26T10:11:32.764446+00:00,200,200,,
2026-07-26T10:11:42.974290+00:00,200,206,,
2026-07-26T10:11:53.174037+00:00,200,198,,
2026-07-26T10:12:03.420906+00:00,200,245,,
2026-07-26T10:12:13.618968+00:00,200,196,,
2026-07-26T10:12:23.812860+00:00,200,191,,
2026-07-26T10:12:33.998916+00:00,200,182,,
2026-07-26T10:12:44.303533+00:00,200,299,,
2026-07-26T10:12:54.524165+00:00,200,215,,
2026-07-26T10:13:04.722180+00:00,200,188,,
2026-07-26T10:13:14.971782+00:00,200,248,,
2026-07-26T10:13:25.227624+00:00,200,252,,
2026-07-26T10:13:35.450773+00:00,200,221,,
2026-07-26T10:13:45.711737+00:00,200,258,,
2026-07-26T10:13:55.999772+00:00,200,285,,
2026-07-26T10:14:06.180760+00:00,200,177,,
2026-07-26T10:14:16.442776+00:00,200,258,,
2026-07-26T10:14:26.707989+00:00,200,261,,
2026-07-26T10:14:36.924133+00:00,200,212,,
2026-07-26T10:14:47.180796+00:00,200,254,,
2026-07-26T10:14:57.426825+00:00,200,243,,
2026-07-26T10:15:07.660279+00:00,200,231,,
2026-07-26T10:15:17.917109+00:00,200,254,,
2026-07-26T10:15:28.192229+00:00,200,270,,
2026-07-26T10:15:38.396289+00:00,200,199,,
2026-07-26T10:15:48.603824+00:00,200,205,,
2026-07-26T10:15:58.799297+00:00,200,193,,
2026-07-26T10:16:08.996338+00:00,200,194,,
2026-07-26T10:16:19.233580+00:00,200,234,,
2026-07-26T10:16:29.450433+00:00,200,212,,
2026-07-26T10:16:39.626630+00:00,200,173,,
2026-07-26T10:16:49.854689+00:00,200,226,,
2026-07-26T10:17:00.108701+00:00,200,252,,
2026-07-26T10:17:10.373301+00:00,200,263,,
2026-07-26T10:17:20.603036+00:00,200,227,,
2026-07-26T10:17:30.853821+00:00,200,247,,
2026-07-26T10:17:41.077100+00:00,200,220,,
2026-07-26T10:17:51.302637+00:00,200,222,,
2026-07-26T10:18:01.509285+00:00,200,201,,
2026-07-26T10:18:11.713210+00:00,200,201,,
2026-07-26T10:18:21.938886+00:00,200,224,,
2026-07-26T10:18:32.212975+00:00,200,271,,
2026-07-26T10:18:42.430252+00:00,200,213,,
2026-07-26T10:18:52.625062+00:00,200,193,,
2026-07-26T10:19:02.926113+00:00,200,299,,
2026-07-26T10:19:13.111505+00:00,200,182,,
2026-07-26T10:19:23.315210+00:00,200,202,,
2026-07-26T10:19:33.504835+00:00,200,185,,
2026-07-26T10:19:43.812990+00:00,200,305,,
2026-07-26T10:19:54.127732+00:00,200,313,,
2026-07-26T10:20:04.343463+00:00,200,214,,
2026-07-26T10:20:14.653379+00:00,200,307,,
2026-07-26T10:20:24.921396+00:00,200,266,,
2026-07-26T10:20:35.172668+00:00,200,247,,
2026-07-26T10:20:45.413789+00:00,200,239,,
2026-07-26T10:20:55.688130+00:00,200,273,,
2026-07-26T10:21:06.100092+00:00,200,410,,
2026-07-26T10:21:16.364216+00:00,200,262,,
2026-07-26T10:21:26.625836+00:00,200,259,,
2026-07-26T10:21:36.856021+00:00,200,226,,
2026-07-26T10:21:47.121006+00:00,200,263,,
2026-07-26T10:21:57.470943+00:00,200,342,,
2026-07-26T10:22:07.715301+00:00,200,241,,
2026-07-26T10:22:17.892572+00:00,200,175,,
2026-07-26T10:22:28.159250+00:00,200,265,,
2026-07-26T10:22:38.471046+00:00,200,308,,
2026-07-26T10:22:48.671175+00:00,200,197,,
2026-07-26T10:22:58.870542+00:00,200,197,,
2026-07-26T10:23:09.079425+00:00,200,205,,
2026-07-26T10:23:19.295521+00:00,200,213,,
2026-07-26T10:23:29.472077+00:00,200,174,,
2026-07-26T10:23:39.716778+00:00,200,241,,
2026-07-26T10:23:49.901877+00:00,200,181,,
2026-07-26T10:24:00.174399+00:00,200,271,,
2026-07-26T10:24:10.395624+00:00,200,215,,
2026-07-26T10:24:20.602187+00:00,200,199,,
2026-07-26T10:24:30.812314+00:00,200,208,,
2026-07-26T10:24:41.066353+00:00,200,252,,
2026-07-26T10:24:51.259420+00:00,200,191,,
2026-07-26T10:25:01.581988+00:00,200,320,,
2026-07-26T10:25:11.880591+00:00,200,288,,
2026-07-26T10:25:22.082228+00:00,200,198,,
2026-07-26T10:25:32.306838+00:00,200,222,,
2026-07-26T10:25:42.573103+00:00,200,263,,
2026-07-26T10:25:52.785203+00:00,200,208,,
2026-07-26T10:26:03.046535+00:00,200,260,,
2026-07-26T10:26:13.283383+00:00,200,234,,
2026-07-26T10:26:23.501252+00:00,200,215,,
2026-07-26T10:26:33.680782+00:00,200,177,,
2026-07-26T10:26:43.927470+00:00,200,242,,
2026-07-26T10:26:54.160611+00:00,200,231,,
2026-07-26T10:27:04.462936+00:00,200,300,,
2026-07-26T10:27:14.682815+00:00,200,216,,
2026-07-26T10:27:24.870354+00:00,200,185,,
2026-07-26T10:27:35.164758+00:00,200,291,,
2026-07-26T10:27:45.522496+00:00,200,356,,
2026-07-26T10:27:55.720106+00:00,200,194,,
2026-07-26T10:28:05.979594+00:00,200,257,,
2026-07-26T10:28:16.210574+00:00,200,228,,
2026-07-26T10:28:26.376561+00:00,200,164,,
2026-07-26T10:28:36.619937+00:00,200,242,,
2026-07-26T10:28:46.922783+00:00,200,301,,
2026-07-26T10:28:57.156135+00:00,200,231,,
2026-07-26T10:29:07.403467+00:00,200,246,,
2026-07-26T10:29:17.694160+00:00,200,289,,
2026-07-26T10:29:27.882261+00:00,200,185,,
2026-07-26T10:29:38.134715+00:00,200,251,,
2026-07-26T10:29:48.359081+00:00,200,222,,
2026-07-26T10:29:58.584537+00:00,200,223,,
2026-07-26T10:30:08.836315+00:00,200,249,,
2026-07-26T10:30:19.046152+00:00,200,207,,
2026-07-26T10:30:29.278454+00:00,200,228,,
2026-07-26T10:30:39.465193+00:00,200,185,,
2026-07-26T10:30:49.729461+00:00,200,262,,
2026-07-26T10:30:59.947654+00:00,200,216,,
2026-07-26T10:31:10.171611+00:00,200,222,,
2026-07-26T10:31:20.508722+00:00,200,334,,
2026-07-26T10:31:30.708276+00:00,200,197,,
2026-07-26T10:31:40.898217+00:00,200,187,,
2026-07-26T10:31:51.255258+00:00,200,355,,
2026-07-26T10:32:01.526356+00:00,200,269,,
2026-07-26T10:32:11.835116+00:00,200,307,,
2026-07-26T10:32:22.061753+00:00,200,224,,
2026-07-26T10:32:32.312493+00:00,200,247,,
2026-07-26T10:32:42.512839+00:00,200,198,,
2026-07-26T10:32:52.755270+00:00,200,240,,
2026-07-26T10:33:02.964091+00:00,200,206,,
2026-07-26T10:33:13.186659+00:00,200,221,,
2026-07-26T10:33:23.470393+00:00,200,282,,
2026-07-26T10:33:33.758583+00:00,200,285,,
2026-07-26T10:33:44.058949+00:00,200,299,,
2026-07-26T10:33:54.233717+00:00,200,173,,
2026-07-26T10:34:04.419997+00:00,200,184,,
2026-07-26T10:34:14.618649+00:00,200,195,,
2026-07-26T10:34:24.887263+00:00,200,266,,
2026-07-26T10:34:35.165847+00:00,200,276,,
2026-07-26T10:34:45.376662+00:00,200,208,,
2026-07-26T10:34:55.600419+00:00,200,221,,
2026-07-26T10:35:05.794381+00:00,200,192,,
2026-07-26T10:35:16.009968+00:00,200,214,,
2026-07-26T10:35:26.208349+00:00,200,197,,
2026-07-26T10:35:36.426359+00:00,200,216,,
2026-07-26T10:35:46.647459+00:00,200,220,,
2026-07-26T10:35:56.853738+00:00,200,205,,
2026-07-26T10:36:07.152853+00:00,200,297,,
2026-07-26T10:36:17.412583+00:00,200,258,,
2026-07-26T10:36:27.629721+00:00,200,214,,
2026-07-26T10:36:37.794799+00:00,200,163,,
2026-07-26T10:36:48.029663+00:00,200,233,,
2026-07-26T10:36:58.242439+00:00,200,210,,
2026-07-26T10:37:08.459394+00:00,200,215,,
2026-07-26T10:37:18.675407+00:00,200,215,,
2026-07-26T10:37:28.909166+00:00,200,232,,
2026-07-26T10:37:39.137128+00:00,200,225,,
2026-07-26T10:37:49.330620+00:00,200,191,,
2026-07-26T10:37:59.617908+00:00,200,285,,
2026-07-26T10:38:09.800322+00:00,200,181,,
2026-07-26T10:38:20.051899+00:00,200,250,,
2026-07-26T10:38:30.381700+00:00,200,328,,
2026-07-26T10:38:40.641863+00:00,200,259,,
2026-07-26T10:38:50.804405+00:00,200,161,,
2026-07-26T10:39:00.996315+00:00,200,190,,
2026-07-26T10:39:11.232542+00:00,200,234,,
2026-07-26T10:39:21.485687+00:00,404,251,HTTPError,
2026-07-26T10:39:31.659034+00:00,502,171,GatewayError,
2026-07-26T10:39:41.868065+00:00,200,207,,
2026-07-26T10:39:52.053082+00:00,200,184,,
2026-07-26T10:40:02.232692+00:00,200,178,,
2026-07-26T10:40:12.453890+00:00,200,203,,
2026-07-26T10:40:22.657524+00:00,200,202,,
2026-07-26T10:40:32.937046+00:00,200,278,,
2026-07-26T10:40:43.129823+00:00,200,191,,
2026-07-26T10:40:53.352119+00:00,200,220,,
2026-07-26T10:41:03.553248+00:00,200,199,,
2026-07-26T10:41:13.738953+00:00,200,184,,
2026-07-26T10:41:23.944054+00:00,200,203,,
2026-07-26T10:41:34.130517+00:00,200,184,,
2026-07-26T10:41:44.412779+00:00,200,281,,
2026-07-26T10:41:54.642944+00:00,200,228,,
2026-07-26T10:42:04.879793+00:00,200,234,,
2026-07-26T10:42:15.126756+00:00,200,245,,
2026-07-26T10:42:25.461967+00:00,200,333,,
2026-07-26T10:42:35.695389+00:00,404,229,HTTPError,
2026-07-26T10:42:46.050389+00:00,200,348,,
2026-07-26T10:42:56.297695+00:00,200,244,,
2026-07-26T10:43:06.639307+00:00,200,336,,
2026-07-26T10:43:16.883901+00:00,200,242,,
2026-07-26T10:43:27.099781+00:00,200,212,,
2026-07-26T10:43:37.304307+00:00,200,203,,
2026-07-26T10:43:47.472498+00:00,200,165,,
2026-07-26T10:43:57.633689+00:00,200,160,,
2026-07-26T10:44:07.813501+00:00,200,178,,
2026-07-26T10:44:18.015927+00:00,200,201,,
2026-07-26T10:44:28.212217+00:00,200,195,,
2026-07-26T10:44:38.384457+00:00,200,170,,
2026-07-26T10:44:48.574089+00:00,200,187,,
2026-07-26T10:44:58.794570+00:00,200,219,,
2026-07-26T10:45:08.952551+00:00,200,156,,
2026-07-26T10:45:19.156611+00:00,200,203,,
2026-07-26T10:45:29.347923+00:00,200,190,,
2026-07-26T10:45:39.531040+00:00,200,181,,
2026-07-26T10:45:49.746155+00:00,200,213,,
2026-07-26T10:45:59.984030+00:00,200,236,,
2026-07-26T10:46:10.205136+00:00,200,219,,
2026-07-26T10:46:20.435650+00:00,200,229,,
2026-07-26T10:46:30.698395+00:00,200,260,,
2026-07-26T10:46:40.867089+00:00,200,167,,
2026-07-26T10:46:51.153466+00:00,200,284,,
2026-07-26T10:47:01.349635+00:00,200,190,,
2026-07-26T10:47:11.655781+00:00,200,304,,
2026-07-26T10:47:21.892277+00:00,200,233,,
2026-07-26T10:47:32.346022+00:00,200,451,,
2026-07-26T10:47:42.567079+00:00,200,217,,
2026-07-26T10:47:52.768973+00:00,200,198,,
2026-07-26T10:48:02.985828+00:00,200,215,,
2026-07-26T10:48:13.222098+00:00,200,235,,
2026-07-26T10:48:23.460318+00:00,200,236,,
2026-07-26T10:48:33.657093+00:00,200,194,,
2026-07-26T10:48:43.845212+00:00,200,186,,
2026-07-26T10:48:54.071135+00:00,200,224,,
2026-07-26T10:49:04.278376+00:00,200,206,,
2026-07-26T10:49:14.461023+00:00,200,181,,
2026-07-26T10:49:24.654749+00:00,200,191,,
2026-07-26T10:49:34.885845+00:00,200,229,,
2026-07-26T10:49:45.108874+00:00,200,220,,
2026-07-26T10:49:55.320707+00:00,200,210,,
2026-07-26T10:50:05.542131+00:00,200,220,,
2026-07-26T10:50:15.830883+00:00,200,286,,
2026-07-26T10:50:26.039752+00:00,200,207,,
2026-07-26T10:50:36.226270+00:00,200,184,,
2026-07-26T10:50:46.472902+00:00,200,245,,
2026-07-26T10:50:56.651380+00:00,200,176,,
2026-07-26T10:51:06.890179+00:00,200,236,,
2026-07-26T10:51:17.140292+00:00,200,248,,
2026-07-26T10:51:27.333699+00:00,200,191,,
2026-07-26T10:51:37.556976+00:00,200,220,,
2026-07-26T10:51:47.751793+00:00,200,192,,
2026-07-26T10:51:57.953280+00:00,200,200,,
2026-07-26T10:52:08.197308+00:00,200,243,,
2026-07-26T10:52:18.446593+00:00,200,246,,
2026-07-26T10:52:28.630867+00:00,200,182,,
2026-07-26T10:52:38.836537+00:00,200,204,,
2026-07-26T10:52:49.058973+00:00,200,220,,
2026-07-26T10:52:59.261703+00:00,200,201,,
2026-07-26T10:53:09.945551+00:00,200,682,,
2026-07-26T10:53:20.253820+00:00,200,307,,
2026-07-26T10:53:30.479554+00:00,200,224,,
2026-07-26T10:53:40.687976+00:00,200,207,,
2026-07-26T10:53:50.882812+00:00,200,193,,
2026-07-26T10:54:01.101098+00:00,200,216,,
2026-07-26T10:54:11.296665+00:00,200,193,,
2026-07-26T10:54:21.489936+00:00,200,191,,
2026-07-26T10:54:31.661697+00:00,200,170,,
2026-07-26T10:54:41.826428+00:00,200,163,,
2026-07-26T10:54:52.051793+00:00,200,224,,
2026-07-26T10:55:02.327979+00:00,200,274,,
2026-07-26T10:55:12.648674+00:00,200,319,,
2026-07-26T10:55:22.845972+00:00,200,195,,
2026-07-26T10:55:33.068886+00:00,200,221,,
2026-07-26T10:55:43.275780+00:00,200,205,,
2026-07-26T10:55:53.522227+00:00,200,245,,
2026-07-26T10:56:03.737449+00:00,200,213,,
2026-07-26T10:56:13.976038+00:00,200,237,,
2026-07-26T10:56:24.228353+00:00,200,250,,
2026-07-26T10:56:34.532328+00:00,200,301,,
2026-07-26T10:56:44.850542+00:00,200,317,,
2026-07-26T10:56:55.032800+00:00,200,180,,
2026-07-26T10:57:05.256425+00:00,200,221,,
2026-07-26T10:57:15.460707+00:00,200,203,,
2026-07-26T10:57:25.638271+00:00,200,176,,
2026-07-26T10:57:35.874613+00:00,200,234,,
2026-07-26T10:57:46.165409+00:00,200,289,,
2026-07-26T10:57:56.350740+00:00,200,184,,
2026-07-26T10:58:06.595143+00:00,200,242,,
2026-07-26T10:58:16.797036+00:00,200,199,,
2026-07-26T10:58:27.160671+00:00,200,361,,
2026-07-26T10:58:37.339685+00:00,200,177,,
2026-07-26T10:58:47.538138+00:00,200,196,,
2026-07-26T10:58:57.732324+00:00,200,192,,
2026-07-26T10:59:07.951150+00:00,200,216,,
2026-07-26T10:59:18.160309+00:00,200,206,,
2026-07-26T10:59:28.380394+00:00,200,219,,
2026-07-26T10:59:38.748601+00:00,200,367,,
2026-07-26T10:59:48.954620+00:00,200,204,,
2026-07-26T10:59:59.280292+00:00,200,324,,
2026-07-26T11:00:09.485540+00:00,200,202,,
2026-07-26T11:00:19.685855+00:00,200,198,,
2026-07-26T11:00:29.851852+00:00,200,165,,
2026-07-26T11:00:40.025230+00:00,200,171,,
2026-07-26T11:00:50.198011+00:00,200,170,,
2026-07-26T11:01:00.377460+00:00,200,178,,
2026-07-26T11:01:10.540055+00:00,200,161,,
2026-07-26T11:01:20.756244+00:00,200,214,,
2026-07-26T11:01:30.993380+00:00,200,218,,
2026-07-26T11:01:41.170696+00:00,200,175,,
2026-07-26T11:01:51.427670+00:00,200,255,,
2026-07-26T11:02:01.663571+00:00,200,235,,
2026-07-26T11:02:11.901009+00:00,200,235,,
2026-07-26T11:02:22.111757+00:00,200,209,,
2026-07-26T11:02:32.367205+00:00,200,254,,
2026-07-26T11:02:42.569491+00:00,200,201,,
2026-07-26T11:02:52.803177+00:00,200,232,,
2026-07-26T11:03:03.089300+00:00,200,284,,
2026-07-26T11:03:13.296197+00:00,200,204,,
2026-07-26T11:03:23.535730+00:00,404,234,HTTPError,
2026-07-26T11:03:33.789509+00:00,502,250,GatewayError,
2026-07-26T11:03:44.079543+00:00,502,276,GatewayError,
2026-07-26T11:03:54.289454+00:00,200,207,,
2026-07-26T11:04:04.525784+00:00,200,233,,
2026-07-26T11:04:14.724402+00:00,200,195,,
2026-07-26T11:04:24.907197+00:00,200,180,,
2026-07-26T11:04:35.139742+00:00,200,231,,
2026-07-26T11:04:45.380421+00:00,200,239,,
2026-07-26T11:04:55.646667+00:00,200,258,,
2026-07-26T11:05:06.015744+00:00,200,366,,
2026-07-26T11:05:16.248964+00:00,200,230,,
2026-07-26T11:05:26.476468+00:00,200,225,,
2026-07-26T11:05:36.680086+00:00,200,201,,
2026-07-26T11:05:46.942939+00:00,200,260,,
2026-07-26T11:05:57.298236+00:00,200,350,,
2026-07-26T11:06:07.601607+00:00,200,298,,
2026-07-26T11:06:17.973014+00:00,200,368,,
2026-07-26T11:06:28.176561+00:00,200,200,,
2026-07-26T11:06:38.429499+00:00,200,251,,
2026-07-26T11:06:48.631957+00:00,200,198,,
2026-07-26T11:06:58.869639+00:00,200,235,,
2026-07-26T11:07:09.138355+00:00,200,265,,
2026-07-26T11:07:19.410890+00:00,200,270,,
2026-07-26T11:07:29.688292+00:00,200,270,,
2026-07-26T11:07:39.976626+00:00,200,285,,
2026-07-26T11:07:50.176464+00:00,200,198,,
2026-07-26T11:08:00.503929+00:00,200,323,,
2026-07-26T11:08:10.740993+00:00,200,232,,
2026-07-26T11:08:21.138643+00:00,200,393,,
2026-07-26T11:08:31.381314+00:00,200,239,,
2026-07-26T11:08:41.608606+00:00,200,224,,
2026-07-26T11:08:51.873431+00:00,200,262,,
2026-07-26T11:09:02.090913+00:00,200,215,,
2026-07-26T11:09:12.396374+00:00,200,303,,
2026-07-26T11:09:22.686422+00:00,200,288,,
2026-07-26T11:09:32.895338+00:00,200,206,,
2026-07-26T11:09:43.101387+00:00,200,204,,
2026-07-26T11:09:53.372995+00:00,200,270,,
2026-07-26T11:10:03.586477+00:00,200,210,,
2026-07-26T11:10:13.930529+00:00,200,342,,
2026-07-26T11:10:24.140239+00:00,200,203,,
2026-07-26T11:10:34.451313+00:00,200,309,,
2026-07-26T11:10:44.759162+00:00,200,305,,
2026-07-26T11:10:55.021725+00:00,200,260,,
2026-07-26T11:11:05.284609+00:00,200,259,,
2026-07-26T11:11:15.586844+00:00,200,299,,
2026-07-26T11:11:25.824460+00:00,200,235,,
2026-07-26T11:11:36.136700+00:00,200,309,,
2026-07-26T11:11:46.366922+00:00,200,227,,
2026-07-26T11:11:56.676630+00:00,200,304,,
2026-07-26T11:12:06.931084+00:00,200,252,,
2026-07-26T11:12:17.215804+00:00,200,277,,
2026-07-26T11:12:27.467733+00:00,200,248,,
2026-07-26T11:12:37.711849+00:00,200,238,,
2026-07-26T11:12:47.967048+00:00,200,253,,
2026-07-26T11:12:58.237818+00:00,200,268,,
2026-07-26T11:13:08.621889+00:00,200,380,,
2026-07-26T11:13:18.824765+00:00,200,197,,
2026-07-26T11:13:29.054897+00:00,200,228,,
2026-07-26T11:13:39.281351+00:00,200,224,,
2026-07-26T11:13:49.479226+00:00,200,196,,
2026-07-26T11:13:59.820778+00:00,200,339,,
2026-07-26T11:14:10.279759+00:00,200,457,,
2026-07-26T11:14:20.484935+00:00,200,203,,
2026-07-26T11:14:30.659853+00:00,200,172,,
2026-07-26T11:14:40.889830+00:00,200,227,,
2026-07-26T11:14:51.162782+00:00,200,269,,
2026-07-26T11:15:01.433266+00:00,200,269,,
2026-07-26T11:15:11.624250+00:00,200,187,,
2026-07-26T11:15:21.825800+00:00,200,198,,
2026-07-26T11:15:32.110254+00:00,200,281,,
2026-07-26T11:15:42.347483+00:00,200,234,,
2026-07-26T11:15:52.632556+00:00,200,277,,
2026-07-26T11:16:02.828348+00:00,200,193,,
2026-07-26T11:16:13.081613+00:00,200,243,,
2026-07-26T11:16:23.366697+00:00,200,279,,
2026-07-26T11:16:33.580749+00:00,200,208,,
2026-07-26T11:16:43.779465+00:00,200,197,,
2026-07-26T11:16:54.035449+00:00,200,254,,
2026-07-26T11:17:04.217802+00:00,200,179,,
2026-07-26T11:17:14.465879+00:00,200,246,,
2026-07-26T11:17:24.730633+00:00,200,262,,
2026-07-26T11:17:34.996110+00:00,200,263,,
2026-07-26T11:17:45.247240+00:00,200,249,,
2026-07-26T11:17:55.515304+00:00,200,263,,
2026-07-26T11:18:05.740845+00:00,200,222,,
2026-07-26T11:18:15.995452+00:00,200,250,,
2026-07-26T11:18:26.190503+00:00,200,194,,
2026-07-26T11:18:36.406654+00:00,200,211,,
2026-07-26T11:18:46.685910+00:00,200,277,,
2026-07-26T11:18:56.865493+00:00,200,177,,
2026-07-26T11:19:07.054275+00:00,200,186,,
2026-07-26T11:19:17.301845+00:00,200,243,,
2026-07-26T11:19:27.556666+00:00,200,249,,
2026-07-26T11:19:37.821555+00:00,200,260,,
2026-07-26T11:19:48.141082+00:00,200,316,,
2026-07-26T11:19:58.384599+00:00,200,240,,
2026-07-26T11:20:08.798560+00:00,200,411,,
2026-07-26T11:20:19.275805+00:00,200,468,,
2026-07-26T11:20:29.567766+00:00,200,290,,
2026-07-26T11:20:39.875475+00:00,200,305,,
2026-07-26T11:20:50.071676+00:00,200,195,,
2026-07-26T11:21:00.309633+00:00,200,236,,
2026-07-26T11:21:10.725819+00:00,200,414,,
2026-07-26T11:21:20.999557+00:00,200,270,,
2026-07-26T11:21:31.285282+00:00,200,282,,
2026-07-26T11:21:41.493779+00:00,200,206,,
2026-07-26T11:21:51.739361+00:00,200,244,,
2026-07-26T11:22:02.015687+00:00,200,274,,
2026-07-26T11:22:12.213755+00:00,200,196,,
2026-07-26T11:22:22.420144+00:00,200,203,,
2026-07-26T11:22:32.663780+00:00,200,242,,
2026-07-26T11:22:42.913776+00:00,200,244,,
2026-07-26T11:22:53.228413+00:00,200,312,,
2026-07-26T11:23:03.482883+00:00,200,243,,
2026-07-26T11:23:13.819265+00:00,200,330,,
2026-07-26T11:23:24.053829+00:00,200,233,,
2026-07-26T11:23:34.347235+00:00,200,292,,
2026-07-26T11:23:44.545321+00:00,200,196,,
2026-07-26T11:23:54.792986+00:00,200,246,,
2026-07-26T11:24:05.053908+00:00,200,257,,
2026-07-26T11:24:15.352316+00:00,200,295,,
2026-07-26T11:24:25.597915+00:00,200,243,,
2026-07-26T11:24:35.774433+00:00,200,172,,
2026-07-26T11:24:46.050870+00:00,200,274,,
2026-07-26T11:24:56.278584+00:00,200,224,,
2026-07-26T11:25:06.530871+00:00,200,250,,
2026-07-26T11:25:16.796793+00:00,200,262,,
2026-07-26T11:25:27.105560+00:00,200,302,,
2026-07-26T11:25:37.471416+00:00,200,363,,
2026-07-26T11:25:47.766174+00:00,200,285,,
2026-07-26T11:25:58.163872+00:00,200,388,,
2026-07-26T11:26:08.407884+00:00,200,241,,
2026-07-26T11:26:18.613130+00:00,200,203,,
2026-07-26T11:26:29.144548+00:00,200,525,,
2026-07-26T11:26:39.386536+00:00,200,240,,
2026-07-26T11:26:49.608349+00:00,200,219,,
2026-07-26T11:26:59.881857+00:00,200,272,,
2026-07-26T11:27:10.146212+00:00,200,256,,
2026-07-26T11:27:20.415319+00:00,200,267,,
2026-07-26T11:27:30.691042+00:00,200,273,,
2026-07-26T11:27:40.904322+00:00,200,206,,
2026-07-26T11:27:51.207856+00:00,200,287,,
2026-07-26T11:28:01.472828+00:00,200,261,,
2026-07-26T11:28:11.720695+00:00,200,245,,
2026-07-26T11:28:21.974656+00:00,200,252,,
2026-07-26T11:28:32.214473+00:00,200,237,,
2026-07-26T11:28:42.482418+00:00,200,260,,
2026-07-26T11:28:52.953474+00:00,200,466,,
2026-07-26T11:29:03.221060+00:00,200,261,,
2026-07-26T11:29:13.451834+00:00,200,228,,
2026-07-26T11:29:23.761140+00:00,200,307,,
2026-07-26T11:29:33.982792+00:00,200,218,,
2026-07-26T11:29:44.163176+00:00,200,178,,
2026-07-26T11:29:54.357259+00:00,200,192,,
2026-07-26T11:30:04.581067+00:00,200,223,,
2026-07-26T11:30:14.790579+00:00,200,207,,
2026-07-26T11:30:25.036744+00:00,200,244,,
2026-07-26T11:30:35.300769+00:00,200,261,,
2026-07-26T11:30:45.665603+00:00,200,362,,
2026-07-26T11:30:55.916041+00:00,200,242,,
2026-07-26T11:31:06.168407+00:00,200,241,,
2026-07-26T11:31:16.452322+00:00,200,281,,
2026-07-26T11:31:26.948038+00:00,200,489,,
2026-07-26T11:31:37.189655+00:00,200,239,,
2026-07-26T11:31:47.370455+00:00,200,179,,
2026-07-26T11:31:57.611424+00:00,200,239,,
2026-07-26T11:32:07.892896+00:00,200,280,,
2026-07-26T11:32:18.109983+00:00,200,215,,
2026-07-26T11:32:28.286197+00:00,200,175,,
2026-07-26T11:32:38.587583+00:00,200,298,,
2026-07-26T11:32:48.874976+00:00,200,285,,
2026-07-26T11:32:59.224163+00:00,200,345,,
2026-07-26T11:33:09.483290+00:00,200,255,,
2026-07-26T11:33:19.823066+00:00,200,336,,
2026-07-26T11:33:30.062713+00:00,200,233,,
2026-07-26T11:33:40.454453+00:00,200,390,,
2026-07-26T11:33:50.796353+00:00,200,340,,
2026-07-26T11:34:00.993060+00:00,200,194,,
2026-07-26T11:34:11.239615+00:00,200,245,,
2026-07-26T11:34:21.469347+00:00,200,226,,
2026-07-26T11:34:31.704663+00:00,200,233,,
2026-07-26T11:34:41.902637+00:00,200,195,,
2026-07-26T11:34:52.427464+00:00,404,522,HTTPError,
2026-07-26T11:35:02.707780+00:00,502,275,GatewayError,
2026-07-26T11:35:12.966071+00:00,200,255,,
2026-07-26T11:35:23.151468+00:00,200,182,,
2026-07-26T11:35:33.355516+00:00,200,200,,
2026-07-26T11:35:43.594962+00:00,200,236,,
2026-07-26T11:35:53.875867+00:00,200,278,,
2026-07-26T11:36:04.129806+00:00,200,251,,
2026-07-26T11:36:14.372220+00:00,200,241,,
2026-07-26T11:36:24.726007+00:00,200,348,,
2026-07-26T11:36:35.030982+00:00,200,302,,
2026-07-26T11:36:45.249569+00:00,200,214,,
2026-07-26T11:36:55.469495+00:00,200,218,,
2026-07-26T11:37:05.819010+00:00,200,344,,
2026-07-26T11:37:16.129688+00:00,200,304,,
2026-07-26T11:37:26.385863+00:00,200,254,,
2026-07-26T11:37:36.726299+00:00,200,336,,
2026-07-26T11:37:47.015613+00:00,200,285,,
2026-07-26T11:37:57.215674+00:00,200,194,,
2026-07-26T11:38:07.538188+00:00,200,319,,
2026-07-26T11:38:17.793138+00:00,200,253,,
2026-07-26T11:38:28.018399+00:00,200,222,,
2026-07-26T11:38:38.227763+00:00,200,207,,
2026-07-26T11:38:48.531084+00:00,200,301,,
2026-07-26T11:38:58.772249+00:00,200,240,,
2026-07-26T11:39:08.969384+00:00,200,193,,
2026-07-26T11:39:19.257611+00:00,200,286,,
2026-07-26T11:39:29.838377+00:00,200,577,,
2026-07-26T11:39:40.081654+00:00,200,240,,
2026-07-26T11:39:50.319344+00:00,200,236,,
2026-07-26T11:40:00.563104+00:00,200,241,,
2026-07-26T11:40:10.853637+00:00,200,269,,
2026-07-26T11:40:21.165818+00:00,200,309,,
2026-07-26T11:40:31.385395+00:00,200,216,,
2026-07-26T11:40:41.665105+00:00,200,278,,
2026-07-26T11:40:51.916961+00:00,200,244,,
2026-07-26T11:41:02.183975+00:00,200,264,,
2026-07-26T11:41:12.381138+00:00,200,195,,
2026-07-26T11:41:22.646189+00:00,200,263,,
2026-07-26T11:41:32.935035+00:00,200,282,,
2026-07-26T11:41:43.154142+00:00,200,216,,
2026-07-26T11:41:53.423196+00:00,200,265,,
2026-07-26T11:42:03.664788+00:00,200,236,,
2026-07-26T11:42:13.985709+00:00,200,318,,
2026-07-26T11:42:24.216421+00:00,200,229,,
2026-07-26T11:42:34.454311+00:00,200,236,,
2026-07-26T11:42:44.724210+00:00,200,267,,
2026-07-26T11:42:55.036953+00:00,200,311,,
2026-07-26T11:43:05.299189+00:00,200,260,,
2026-07-26T11:43:15.526103+00:00,200,224,,
2026-07-26T11:43:25.728119+00:00,200,199,,
2026-07-26T11:43:36.028263+00:00,200,296,,
2026-07-26T11:43:46.265731+00:00,200,236,,
2026-07-26T11:43:56.614635+00:00,200,346,,
2026-07-26T11:44:06.806658+00:00,200,187,,
2026-07-26T11:44:17.121466+00:00,200,311,,
2026-07-26T11:44:27.376586+00:00,200,252,,
2026-07-26T11:44:37.612995+00:00,200,228,,
2026-07-26T11:44:47.843147+00:00,200,227,,
2026-07-26T11:44:58.501813+00:00,200,656,,
2026-07-26T11:45:09.196295+00:00,200,688,,
2026-07-26T11:45:19.444538+00:00,200,242,,
2026-07-26T11:45:29.744721+00:00,200,294,,
2026-07-26T11:45:40.340341+00:00,200,592,,
2026-07-26T11:45:50.716185+00:00,200,367,,
2026-07-26T11:46:01.654671+00:00,200,935,,
2026-07-26T11:46:12.116340+00:00,200,459,,
2026-07-26T11:46:23.162123+00:00,200,1044,,
2026-07-26T11:46:34.388461+00:00,200,1225,,
2026-07-26T11:46:44.719764+00:00,200,330,,
2026-07-26T11:46:55.584101+00:00,200,862,,
2026-07-26T11:47:06.194920+00:00,200,608,,
2026-07-26T11:47:16.381776+00:00,200,184,,
2026-07-26T11:47:26.878014+00:00,200,494,,
2026-07-26T11:47:37.118736+00:00,200,237,,
2026-07-26T11:47:47.334702+00:00,200,214,,
2026-07-26T11:47:57.558341+00:00,200,221,,
2026-07-26T11:48:07.747309+00:00,200,187,,
2026-07-26T11:48:17.934755+00:00,200,186,,
2026-07-26T11:48:28.143825+00:00,200,207,,
2026-07-26T11:48:38.389924+00:00,200,245,,
2026-07-26T11:48:48.629998+00:00,200,238,,
2026-07-26T11:48:58.921291+00:00,200,288,,
2026-07-26T11:49:09.110404+00:00,200,186,,
2026-07-26T11:49:19.344164+00:00,200,232,,
2026-07-26T11:49:29.529503+00:00,200,182,,
2026-07-26T11:49:39.792557+00:00,200,261,,
2026-07-26T11:49:50.044087+00:00,200,249,,
2026-07-26T11:50:00.249458+00:00,200,203,,
2026-07-26T11:50:10.485376+00:00,200,233,,
2026-07-26T11:50:20.769505+00:00,200,279,,
2026-07-26T11:50:30.985264+00:00,200,212,,
2026-07-26T11:50:42.216909+00:00,200,1228,,
2026-07-26T11:50:53.026853+00:00,200,807,,
2026-07-26T11:51:03.438880+00:00,200,409,,
2026-07-26T11:51:13.635642+00:00,200,195,,
2026-07-26T11:51:23.861338+00:00,200,223,,
2026-07-26T11:51:34.100421+00:00,200,236,,
2026-07-26T11:51:44.312899+00:00,200,211,,
2026-07-26T11:51:54.559404+00:00,200,243,,
2026-07-26T11:52:04.809540+00:00,200,247,,
2026-07-26T11:52:15.089949+00:00,200,277,,
2026-07-26T11:52:25.357456+00:00,200,264,,
2026-07-26T11:52:35.586175+00:00,200,226,,
2026-07-26T11:52:45.852678+00:00,200,264,,
2026-07-26T11:52:56.057975+00:00,200,203,,
2026-07-26T11:53:06.269169+00:00,200,210,,
2026-07-26T11:53:16.554965+00:00,200,283,,
2026-07-26T11:53:26.802422+00:00,200,244,,
2026-07-26T11:53:37.066605+00:00,200,261,,
2026-07-26T11:53:47.332156+00:00,200,262,,
2026-07-26T11:53:57.581797+00:00,200,246,,
2026-07-26T11:54:07.815962+00:00,200,232,,
2026-07-26T11:54:18.023938+00:00,200,205,,
2026-07-26T11:54:28.243330+00:00,200,217,,
2026-07-26T11:54:38.503270+00:00,200,257,,
2026-07-26T11:54:48.755562+00:00,200,249,,
2026-07-26T11:54:58.975258+00:00,200,217,,
2026-07-26T11:55:09.214597+00:00,200,237,,
2026-07-26T11:55:19.468602+00:00,200,249,,
2026-07-26T11:55:29.697358+00:00,200,226,,
2026-07-26T11:55:39.960089+00:00,200,259,,
2026-07-26T11:55:50.168577+00:00,200,206,,
2026-07-26T11:56:00.442376+00:00,200,269,,
2026-07-26T11:56:10.631821+00:00,200,187,,
2026-07-26T11:56:20.900569+00:00,200,266,,
2026-07-26T11:56:31.165196+00:00,200,261,,
2026-07-26T11:56:41.419004+00:00,200,252,,
2026-07-26T11:56:51.652490+00:00,200,230,,
2026-07-26T11:57:01.847013+00:00,200,191,,
2026-07-26T11:57:12.101586+00:00,200,253,,
2026-07-26T11:57:22.307447+00:00,200,203,,
2026-07-26T11:57:32.505129+00:00,200,195,,
2026-07-26T11:57:42.687349+00:00,200,180,,
2026-07-26T11:57:52.917097+00:00,200,228,,
2026-07-26T11:58:03.222571+00:00,200,302,,
2026-07-26T11:58:13.486909+00:00,200,262,,
2026-07-26T11:58:23.745525+00:00,200,256,,
2026-07-26T11:58:33.934361+00:00,200,187,,
2026-07-26T11:58:44.164569+00:00,200,228,,
2026-07-26T11:58:54.368830+00:00,200,202,,
2026-07-26T11:59:04.547210+00:00,200,175,,
2026-07-26T11:59:14.837184+00:00,200,287,,
2026-07-26T11:59:26.948657+00:00,200,2109,,
2026-07-26T11:59:37.204783+00:00,200,254,,
2026-07-26T11:59:47.433217+00:00,200,226,,
2026-07-26T11:59:57.649803+00:00,200,214,,
2026-07-26T12:00:07.882050+00:00,200,227,,
2026-07-26T12:00:18.117415+00:00,200,233,,
2026-07-26T12:00:28.397824+00:00,200,275,,
2026-07-26T12:00:43.388499+00:00,200,4989,,
2026-07-26T12:00:54.736978+00:00,200,1344,,
2026-07-26T12:01:06.514725+00:00,200,1775,,
2026-07-26T12:01:22.133313+00:00,200,5615,,
2026-07-26T12:01:45.407185+00:00,200,13270,,
2026-07-26T12:01:55.840383+00:00,200,431,,
2026-07-26T12:02:06.243357+00:00,200,398,,
2026-07-26T12:02:18.114469+00:00,200,1869,,
2026-07-26T12:02:29.233244+00:00,200,1117,,
2026-07-26T12:02:39.759400+00:00,200,523,,
2026-07-26T12:02:55.135252+00:00,200,5373,,
2026-07-26T12:03:05.473164+00:00,200,335,,
2026-07-26T12:03:15.717009+00:00,200,238,,
2026-07-26T12:03:25.998618+00:00,200,280,,
2026-07-26T12:03:36.206895+00:00,200,207,,
2026-07-26T12:03:50.524860+00:00,200,4316,,
2026-07-26T12:04:00.806328+00:00,200,278,,
2026-07-26T12:04:11.110447+00:00,200,301,,
2026-07-26T12:04:21.883650+00:00,200,769,,
2026-07-26T12:04:32.185330+00:00,200,299,,
2026-07-26T12:04:42.390174+00:00,200,203,,
2026-07-26T12:04:52.622643+00:00,200,230,,
2026-07-26T12:05:02.850787+00:00,200,224,,
2026-07-26T12:05:13.117341+00:00,200,263,,
2026-07-26T12:05:23.376793+00:00,200,254,,
2026-07-26T12:05:33.684919+00:00,200,306,,
2026-07-26T12:05:43.929802+00:00,200,241,,
2026-07-26T12:05:54.146309+00:00,200,212,,
2026-07-26T12:06:04.398989+00:00,200,251,,
2026-07-26T12:06:14.717587+00:00,200,312,,
2026-07-26T12:06:24.950676+00:00,200,229,,
2026-07-26T12:06:35.393354+00:00,200,441,,
2026-07-26T12:06:45.629776+00:00,200,233,,
2026-07-26T12:06:55.890842+00:00,200,257,,
2026-07-26T12:07:06.110430+00:00,200,208,,
2026-07-26T12:07:16.319413+00:00,200,207,,
2026-07-26T12:07:27.051478+00:00,200,729,,
2026-07-26T12:07:37.353779+00:00,200,298,,
2026-07-26T12:07:47.608448+00:00,200,252,,
2026-07-26T12:07:57.863011+00:00,200,252,,
2026-07-26T12:08:08.097283+00:00,200,230,,
2026-07-26T12:08:18.314710+00:00,200,213,,
2026-07-26T12:08:28.514863+00:00,200,198,,
2026-07-26T12:08:38.960355+00:00,200,443,,
2026-07-26T12:08:49.215336+00:00,200,250,,
2026-07-26T12:09:11.602247+00:00,200,12384,,
2026-07-26T12:09:21.840473+00:00,200,236,,
2026-07-26T12:09:36.851573+00:00,200,5009,,
2026-07-26T12:09:47.146311+00:00,200,289,,
2026-07-26T12:10:02.600171+00:00,200,5450,,
2026-07-26T12:10:14.046523+00:00,200,1442,,
2026-07-26T12:10:24.306449+00:00,200,257,,
2026-07-26T12:10:36.630505+00:00,200,2320,,
2026-07-26T12:10:48.680758+00:00,200,2045,,
2026-07-26T12:11:02.724731+00:00,200,4041,,
2026-07-26T12:11:13.096919+00:00,200,369,,
2026-07-26T12:11:23.750716+00:00,200,651,,
2026-07-26T12:11:34.324666+00:00,200,570,,
2026-07-26T12:11:45.229809+00:00,200,903,,
2026-07-26T12:11:55.958079+00:00,200,721,,
2026-07-26T12:12:06.808940+00:00,200,848,,
2026-07-26T12:12:17.323160+00:00,200,510,,
2026-07-26T12:12:29.096681+00:00,200,1770,,
2026-07-26T12:12:39.674675+00:00,200,572,,
2026-07-26T12:12:49.933744+00:00,200,255,,
2026-07-26T12:13:00.434442+00:00,200,499,,
2026-07-26T12:13:11.262450+00:00,200,824,,
2026-07-26T12:13:21.800393+00:00,200,535,,
2026-07-26T12:13:32.426557+00:00,200,623,,
2026-07-26T12:13:42.692171+00:00,200,263,,
2026-07-26T12:13:52.987737+00:00,200,293,,
2026-07-26T12:14:03.216331+00:00,200,225,,
2026-07-26T12:14:13.402461+00:00,200,184,,
2026-07-26T12:14:23.649821+00:00,200,244,,
2026-07-26T12:14:33.873799+00:00,200,220,,
2026-07-26T12:14:44.150363+00:00,200,273,,
2026-07-26T12:14:54.371658+00:00,200,218,,
2026-07-26T12:15:04.642080+00:00,200,267,,
2026-07-26T12:15:14.874095+00:00,200,229,,
2026-07-26T12:15:25.071082+00:00,200,193,,
2026-07-26T12:15:35.359676+00:00,200,287,,
2026-07-26T12:15:45.620074+00:00,200,256,,
2026-07-26T12:15:55.901762+00:00,200,279,,
2026-07-26T12:16:06.147278+00:00,200,240,,
2026-07-26T12:16:16.401861+00:00,200,253,,
2026-07-26T12:16:26.652934+00:00,200,249,,
2026-07-26T12:16:36.903975+00:00,200,247,,
2026-07-26T12:16:47.206083+00:00,200,298,,
2026-07-26T12:16:57.461869+00:00,200,249,,
2026-07-26T12:17:07.689680+00:00,200,225,,
2026-07-26T12:17:17.939937+00:00,200,247,,
2026-07-26T12:17:28.186063+00:00,200,243,,
2026-07-26T12:17:38.446009+00:00,200,257,,
2026-07-26T12:17:48.717640+00:00,200,267,,
2026-07-26T12:17:58.970041+00:00,200,249,,
2026-07-26T12:18:09.212940+00:00,200,240,,
2026-07-26T12:18:19.491378+00:00,200,274,,
2026-07-26T12:18:29.838882+00:00,200,343,,
2026-07-26T12:18:40.099493+00:00,200,255,,
2026-07-26T12:18:50.350870+00:00,200,247,,
2026-07-26T12:19:00.631665+00:00,200,277,,
2026-07-26T12:19:10.824116+00:00,200,188,,
2026-07-26T12:19:21.094769+00:00,200,269,,
2026-07-26T12:19:31.294784+00:00,200,198,,
2026-07-26T12:19:41.583757+00:00,200,286,,
2026-07-26T12:19:51.813430+00:00,200,226,,
2026-07-26T12:20:02.060387+00:00,200,242,,
2026-07-26T12:20:12.262323+00:00,200,200,,
2026-07-26T12:20:22.519015+00:00,200,254,,
2026-07-26T12:20:32.768306+00:00,200,244,,
2026-07-26T12:20:43.053504+00:00,200,281,,
2026-07-26T12:20:53.303192+00:00,200,246,,
2026-07-26T12:21:03.543441+00:00,200,237,,
2026-07-26T12:21:13.748801+00:00,200,200,,
2026-07-26T12:21:24.190625+00:00,200,439,,
2026-07-26T12:21:34.392601+00:00,200,199,,
2026-07-26T12:21:44.639945+00:00,200,244,,
2026-07-26T12:21:54.931621+00:00,200,286,,
2026-07-26T12:22:05.164452+00:00,200,229,,
2026-07-26T12:22:15.420272+00:00,200,253,,
2026-07-26T12:22:25.672679+00:00,200,250,,
2026-07-26T12:22:35.939501+00:00,200,260,,
2026-07-26T12:22:46.186561+00:00,200,244,,
2026-07-26T12:22:56.423648+00:00,200,235,,
2026-07-26T12:23:06.649286+00:00,200,223,,
2026-07-26T12:23:16.886645+00:00,200,235,,
2026-07-26T12:23:27.158930+00:00,200,270,,
2026-07-26T12:23:37.409241+00:00,200,247,,
2026-07-26T12:23:47.703065+00:00,200,291,,
2026-07-26T12:23:57.938863+00:00,200,233,,
2026-07-26T12:24:08.186473+00:00,200,246,,
2026-07-26T12:24:18.427819+00:00,200,237,,
2026-07-26T12:24:28.631081+00:00,200,201,,
2026-07-26T12:24:38.903709+00:00,200,270,,
2026-07-26T12:24:49.788575+00:00,200,883,,
2026-07-26T12:25:00.087219+00:00,200,296,,
2026-07-26T12:25:10.669126+00:00,200,580,,
2026-07-26T12:25:20.863701+00:00,200,191,,
2026-07-26T12:25:31.141191+00:00,200,273,,
2026-07-26T12:25:41.400620+00:00,200,254,,
2026-07-26T12:25:51.662130+00:00,200,258,,
2026-07-26T12:26:01.940259+00:00,200,273,,
2026-07-26T12:26:12.176899+00:00,200,232,,
2026-07-26T12:26:22.929735+00:00,200,750,,
2026-07-26T12:26:33.319855+00:00,200,387,,
2026-07-26T12:26:43.549852+00:00,200,225,,
2026-07-26T12:26:53.812067+00:00,200,259,,
2026-07-26T12:27:04.118561+00:00,200,304,,
2026-07-26T12:27:14.715760+00:00,200,596,,
2026-07-26T12:27:24.974224+00:00,200,252,,
2026-07-26T12:27:35.245183+00:00,200,268,,
2026-07-26T12:27:45.489763+00:00,200,241,,
2026-07-26T12:27:56.100178+00:00,200,608,,
2026-07-26T12:28:06.367814+00:00,200,265,,
2026-07-26T12:28:17.090391+00:00,200,719,,
2026-07-26T12:28:27.342588+00:00,200,248,,
2026-07-26T12:28:37.602160+00:00,200,257,,
2026-07-26T12:28:47.898766+00:00,200,294,,
2026-07-26T12:28:58.265469+00:00,200,362,,
2026-07-26T12:29:08.503991+00:00,200,237,,
2026-07-26T12:29:18.707382+00:00,200,197,,
2026-07-26T12:29:29.343752+00:00,200,634,,
2026-07-26T12:29:39.537805+00:00,200,189,,
2026-07-26T12:29:49.801959+00:00,200,261,,
2026-07-26T12:30:00.097534+00:00,200,293,,
2026-07-26T12:30:10.358811+00:00,200,259,,
2026-07-26T12:30:20.584967+00:00,200,221,,
2026-07-26T12:30:30.902960+00:00,200,315,,
2026-07-26T12:30:41.151724+00:00,200,246,,
2026-07-26T12:30:51.399186+00:00,200,245,,
2026-07-26T12:31:01.716369+00:00,200,314,,
2026-07-26T12:31:11.993292+00:00,200,275,,
2026-07-26T12:31:22.315857+00:00,200,319,,
2026-07-26T12:31:32.746303+00:00,200,427,,
2026-07-26T12:31:43.139770+00:00,200,391,,
2026-07-26T12:31:53.413953+00:00,200,269,,
2026-07-26T12:32:03.659648+00:00,200,242,,
2026-07-26T12:32:13.933646+00:00,200,267,,
2026-07-26T12:32:24.188341+00:00,200,250,,
2026-07-26T12:32:34.461037+00:00,200,266,,
2026-07-26T12:32:44.681138+00:00,200,217,,
2026-07-26T12:32:54.930509+00:00,200,246,,
2026-07-26T12:33:05.233292+00:00,200,300,,
2026-07-26T12:33:15.452141+00:00,200,215,,
2026-07-26T12:33:26.043101+00:00,200,588,,
2026-07-26T12:33:36.570164+00:00,200,521,,
2026-07-26T12:33:47.001544+00:00,200,429,,
2026-07-26T12:33:57.301399+00:00,200,296,,
2026-07-26T12:34:07.561806+00:00,200,257,,
2026-07-26T12:34:17.762850+00:00,200,198,,
2026-07-26T12:34:28.028107+00:00,200,264,,
2026-07-26T12:34:38.250424+00:00,200,220,,
2026-07-26T12:34:48.441938+00:00,200,189,,
2026-07-26T12:34:58.677821+00:00,200,234,,
2026-07-26T12:35:09.037555+00:00,200,355,,
2026-07-26T12:35:19.333548+00:00,200,294,,
2026-07-26T12:35:29.592531+00:00,200,253,,
2026-07-26T12:35:40.075979+00:00,200,482,,
2026-07-26T12:35:50.375823+00:00,200,298,,
2026-07-26T12:36:00.644707+00:00,200,261,,
2026-07-26T12:36:10.946369+00:00,200,299,,
2026-07-26T12:36:21.215136+00:00,200,266,,
2026-07-26T12:36:31.502840+00:00,200,284,,
2026-07-26T12:36:41.829513+00:00,200,321,,
2026-07-26T12:36:52.114001+00:00,200,281,,
2026-07-26T12:37:02.801328+00:00,200,685,,
2026-07-26T12:37:14.850725+00:00,200,2046,,
2026-07-26T12:37:26.125170+00:00,200,1268,,
